mode: set
github.com/edlitmus/halite/cmd/halite-api/main.go:31.13,32.22 1 0
github.com/edlitmus/halite/cmd/halite-api/main.go:32.22,35.3 2 0
github.com/edlitmus/halite/cmd/halite-api/main.go:36.2,36.20 1 0
github.com/edlitmus/halite/cmd/halite-api/main.go:37.36,38.48 1 0
github.com/edlitmus/halite/cmd/halite-api/main.go:39.30,40.19 1 0
github.com/edlitmus/halite/cmd/halite-api/main.go:41.34,42.109 1 0
github.com/edlitmus/halite/cmd/halite-api/main.go:43.10,45.13 2 0
github.com/edlitmus/halite/cmd/halite-hub/main.go:41.13,42.22 1 0
github.com/edlitmus/halite/cmd/halite-hub/main.go:42.22,45.3 2 0
github.com/edlitmus/halite/cmd/halite-hub/main.go:46.2,47.16 2 0
github.com/edlitmus/halite/cmd/halite-hub/main.go:47.16,49.3 1 0
github.com/edlitmus/halite/cmd/halite-hub/main.go:51.2,51.20 1 0
github.com/edlitmus/halite/cmd/halite-hub/main.go:52.36,53.48 1 0
github.com/edlitmus/halite/cmd/halite-hub/main.go:54.30,55.19 1 0
github.com/edlitmus/halite/cmd/halite-hub/main.go:56.17,57.28 1 0
github.com/edlitmus/halite/cmd/halite-hub/main.go:58.14,59.25 1 0
github.com/edlitmus/halite/cmd/halite-hub/main.go:60.81,62.102 1 0
github.com/edlitmus/halite/cmd/halite-hub/main.go:63.10,65.13 2 0
github.com/edlitmus/halite/cmd/halite-hub/main.go:72.37,73.31 1 0
github.com/edlitmus/halite/cmd/halite-hub/main.go:73.31,75.3 1 0
github.com/edlitmus/halite/cmd/halite-hub/main.go:77.2,78.58 2 0
github.com/edlitmus/halite/cmd/halite-hub/main.go:78.58,80.3 1 0
github.com/edlitmus/halite/cmd/halite-hub/main.go:82.2,91.16 2 0
github.com/edlitmus/halite/cmd/halite-hub/main.go:91.16,93.3 1 0
github.com/edlitmus/halite/cmd/halite-hub/main.go:95.2,96.46 2 0
github.com/edlitmus/halite/cmd/halite-hub/main.go:96.46,98.3 1 0
github.com/edlitmus/halite/cmd/halite-hub/main.go:98.8,99.17 1 0
github.com/edlitmus/halite/cmd/halite-hub/main.go:99.17,101.4 1 0
github.com/edlitmus/halite/cmd/halite-hub/main.go:102.3,104.74 3 0
github.com/edlitmus/halite/cmd/halite-hub/main.go:104.74,106.4 1 0
github.com/edlitmus/halite/cmd/halite-hub/main.go:109.2,110.42 2 0
github.com/edlitmus/halite/cmd/halite-hub/main.go:111.14,112.23 1 0
github.com/edlitmus/halite/cmd/halite-hub/main.go:112.23,114.4 1 0
github.com/edlitmus/halite/cmd/halite-hub/main.go:115.16,116.60 1 0
github.com/edlitmus/halite/cmd/halite-hub/main.go:116.60,118.4 1 0
github.com/edlitmus/halite/cmd/halite-hub/main.go:119.10,120.26 1 0
github.com/edlitmus/halite/cmd/halite-hub/main.go:120.26,122.4 1 0
github.com/edlitmus/halite/cmd/halite-hub/main.go:124.2,124.10 1 0
github.com/edlitmus/halite/cmd/halite-hub/main.go:128.34,129.31 1 0
github.com/edlitmus/halite/cmd/halite-hub/main.go:129.31,131.3 1 0
github.com/edlitmus/halite/cmd/halite-hub/main.go:132.2,137.16 2 0
github.com/edlitmus/halite/cmd/halite-hub/main.go:137.16,139.3 1 0
github.com/edlitmus/halite/cmd/halite-hub/main.go:141.2,142.39 2 0
github.com/edlitmus/halite/cmd/halite-hub/main.go:142.39,144.17 2 0
github.com/edlitmus/halite/cmd/halite-hub/main.go:144.17,147.12 3 0
github.com/edlitmus/halite/cmd/halite-hub/main.go:149.3,162.34 2 0
github.com/edlitmus/halite/cmd/halite-hub/main.go:162.34,165.4 2 0
github.com/edlitmus/halite/cmd/halite-hub/main.go:166.3,166.17 1 0
github.com/edlitmus/halite/cmd/halite-hub/main.go:166.17,169.12 3 0
github.com/edlitmus/halite/cmd/halite-hub/main.go:171.3,171.93 1 0
github.com/edlitmus/halite/cmd/halite-hub/main.go:173.2,173.18 1 0
github.com/edlitmus/halite/cmd/halite-hub/main.go:173.18,175.3 1 0
github.com/edlitmus/halite/cmd/halite-hub/main.go:176.2,176.10 1 0
github.com/edlitmus/halite/internal/buildpolicy/lexicon.go:30.26,43.24 3 1
github.com/edlitmus/halite/internal/buildpolicy/lexicon.go:43.24,48.3 2 1
github.com/edlitmus/halite/internal/buildpolicy/lexicon.go:49.2,49.12 1 1
github.com/edlitmus/halite/internal/buildpolicy/lexicon.go:60.34,63.2 1 0
github.com/edlitmus/halite/internal/buildpolicy/lexicon.go:93.32,95.32 2 1
github.com/edlitmus/halite/internal/buildpolicy/lexicon.go:95.32,96.32 1 1
github.com/edlitmus/halite/internal/buildpolicy/lexicon.go:96.32,97.33 1 1
github.com/edlitmus/halite/internal/buildpolicy/lexicon.go:97.33,99.5 1 1
github.com/edlitmus/halite/internal/buildpolicy/lexicon.go:100.4,100.12 1 1
github.com/edlitmus/halite/internal/buildpolicy/lexicon.go:102.3,102.15 1 1
github.com/edlitmus/halite/internal/buildpolicy/lexicon.go:102.15,104.4 1 1
github.com/edlitmus/halite/internal/buildpolicy/lexicon.go:106.2,106.14 1 1
github.com/edlitmus/halite/internal/buildpolicy/lexicon.go:119.43,121.82 2 1
github.com/edlitmus/halite/internal/buildpolicy/lexicon.go:121.82,122.17 1 1
github.com/edlitmus/halite/internal/buildpolicy/lexicon.go:122.17,124.4 1 0
github.com/edlitmus/halite/internal/buildpolicy/lexicon.go:125.3,126.20 2 1
github.com/edlitmus/halite/internal/buildpolicy/lexicon.go:126.20,128.4 1 0
github.com/edlitmus/halite/internal/buildpolicy/lexicon.go:129.3,129.19 1 1
github.com/edlitmus/halite/internal/buildpolicy/lexicon.go:129.19,130.45 1 1
github.com/edlitmus/halite/internal/buildpolicy/lexicon.go:130.45,132.5 1 1
github.com/edlitmus/halite/internal/buildpolicy/lexicon.go:133.4,133.14 1 1
github.com/edlitmus/halite/internal/buildpolicy/lexicon.go:135.3,135.20 1 1
github.com/edlitmus/halite/internal/buildpolicy/lexicon.go:135.20,137.4 1 1
github.com/edlitmus/halite/internal/buildpolicy/lexicon.go:138.3,138.62 1 1
github.com/edlitmus/halite/internal/buildpolicy/lexicon.go:138.62,140.4 1 1
github.com/edlitmus/halite/internal/buildpolicy/lexicon.go:141.3,142.17 2 1
github.com/edlitmus/halite/internal/buildpolicy/lexicon.go:142.17,144.4 1 0
github.com/edlitmus/halite/internal/buildpolicy/lexicon.go:145.3,146.13 2 1
github.com/edlitmus/halite/internal/buildpolicy/lexicon.go:148.2,148.22 1 1
github.com/edlitmus/halite/internal/buildpolicy/lexicon.go:151.52,153.16 2 1
github.com/edlitmus/halite/internal/buildpolicy/lexicon.go:153.16,155.3 1 0
github.com/edlitmus/halite/internal/buildpolicy/lexicon.go:156.2,162.16 6 1
github.com/edlitmus/halite/internal/buildpolicy/lexicon.go:162.16,165.49 3 1
github.com/edlitmus/halite/internal/buildpolicy/lexicon.go:165.49,166.12 1 1
github.com/edlitmus/halite/internal/buildpolicy/lexicon.go:168.3,168.30 1 1
github.com/edlitmus/halite/internal/buildpolicy/lexicon.go:168.30,169.38 1 1
github.com/edlitmus/halite/internal/buildpolicy/lexicon.go:169.38,171.5 1 1
github.com/edlitmus/halite/internal/buildpolicy/lexicon.go:174.2,174.27 1 1
github.com/edlitmus/halite/cmd/halite-node/commands.go:21.34,22.31 1 0
github.com/edlitmus/halite/cmd/halite-node/commands.go:22.31,24.3 1 0
github.com/edlitmus/halite/cmd/halite-node/commands.go:25.2,28.68 3 0
github.com/edlitmus/halite/cmd/halite-node/commands.go:28.68,30.3 1 0
github.com/edlitmus/halite/cmd/halite-node/commands.go:32.2,37.25 5 0
github.com/edlitmus/halite/cmd/halite-node/commands.go:37.25,39.3 1 0
github.com/edlitmus/halite/cmd/halite-node/commands.go:40.2,41.16 2 0
github.com/edlitmus/halite/cmd/halite-node/commands.go:41.16,43.3 1 0
github.com/edlitmus/halite/cmd/halite-node/commands.go:44.2,45.10 2 0
github.com/edlitmus/halite/cmd/halite-node/commands.go:49.35,50.31 1 0
github.com/edlitmus/halite/cmd/halite-node/commands.go:50.31,52.3 1 0
github.com/edlitmus/halite/cmd/halite-node/commands.go:53.2,53.72 1 0
github.com/edlitmus/halite/cmd/halite-node/commands.go:56.69,79.50 4 0
github.com/edlitmus/halite/cmd/halite-node/commands.go:79.50,80.22 1 0
github.com/edlitmus/halite/cmd/halite-node/commands.go:80.22,82.4 1 0
github.com/edlitmus/halite/cmd/halite-node/commands.go:83.3,83.36 1 0
github.com/edlitmus/halite/cmd/halite-node/commands.go:86.2,86.12 1 0
github.com/edlitmus/halite/cmd/halite-node/commands.go:87.35,90.35 3 0
github.com/edlitmus/halite/cmd/halite-node/commands.go:90.35,92.4 1 0
github.com/edlitmus/halite/cmd/halite-node/commands.go:93.3,93.32 1 0
github.com/edlitmus/halite/cmd/halite-node/commands.go:95.18,98.35 3 0
github.com/edlitmus/halite/cmd/halite-node/commands.go:98.35,100.4 1 0
github.com/edlitmus/halite/cmd/halite-node/commands.go:101.3,102.29 2 0
github.com/edlitmus/halite/cmd/halite-node/commands.go:102.29,104.4 1 0
github.com/edlitmus/halite/cmd/halite-node/commands.go:105.3,106.11 2 0
github.com/edlitmus/halite/cmd/halite-node/commands.go:108.36,111.35 3 0
github.com/edlitmus/halite/cmd/halite-node/commands.go:111.35,113.4 1 0
github.com/edlitmus/halite/cmd/halite-node/commands.go:114.3,115.11 2 0
github.com/edlitmus/halite/cmd/halite-node/commands.go:117.23,120.35 3 0
github.com/edlitmus/halite/cmd/halite-node/commands.go:120.35,122.4 1 0
github.com/edlitmus/halite/cmd/halite-node/commands.go:123.3,124.11 2 0
github.com/edlitmus/halite/cmd/halite-node/commands.go:126.21,129.35 3 0
github.com/edlitmus/halite/cmd/halite-node/commands.go:129.35,131.4 1 0
github.com/edlitmus/halite/cmd/halite-node/commands.go:132.3,134.30 3 0
github.com/edlitmus/halite/cmd/halite-node/commands.go:134.30,135.19 1 0
github.com/edlitmus/halite/cmd/halite-node/commands.go:135.19,136.13 1 0
github.com/edlitmus/halite/cmd/halite-node/commands.go:138.4,139.39 2 0
github.com/edlitmus/halite/cmd/halite-node/commands.go:141.3,142.11 2 0
github.com/edlitmus/halite/cmd/halite-node/commands.go:144.2,145.10 2 0
github.com/edlitmus/halite/cmd/halite-node/commands.go:149.71,159.18 4 0
github.com/edlitmus/halite/cmd/halite-node/commands.go:160.18,161.34 1 0
github.com/edlitmus/halite/cmd/halite-node/commands.go:162.17,162.17 0 0
github.com/edlitmus/halite/cmd/halite-node/commands.go:163.10,164.26 1 0
github.com/edlitmus/halite/cmd/halite-node/commands.go:166.2,166.25 1 0
github.com/edlitmus/halite/cmd/halite-node/commands.go:171.45,172.39 1 0
github.com/edlitmus/halite/cmd/halite-node/commands.go:172.39,174.3 1 0
github.com/edlitmus/halite/cmd/halite-node/commands.go:175.2,175.50 1 0
github.com/edlitmus/halite/cmd/halite-node/commands.go:175.50,177.3 1 0
github.com/edlitmus/halite/cmd/halite-node/commands.go:181.49,183.37 2 0
github.com/edlitmus/halite/cmd/halite-node/commands.go:183.37,185.29 2 0
github.com/edlitmus/halite/cmd/halite-node/commands.go:185.29,187.39 2 0
github.com/edlitmus/halite/cmd/halite-node/commands.go:187.39,189.5 1 0
github.com/edlitmus/halite/cmd/halite-node/commands.go:190.4,190.28 1 0
github.com/edlitmus/halite/cmd/halite-node/commands.go:192.3,194.23 3 0
github.com/edlitmus/halite/cmd/halite-node/commands.go:196.2,196.13 1 0
github.com/edlitmus/halite/cmd/halite-node/commands.go:201.43,203.29 2 0
github.com/edlitmus/halite/cmd/halite-node/commands.go:203.29,213.39 2 0
github.com/edlitmus/halite/cmd/halite-node/commands.go:213.39,214.40 1 0
github.com/edlitmus/halite/cmd/halite-node/commands.go:214.40,215.13 1 0
github.com/edlitmus/halite/cmd/halite-node/commands.go:217.4,217.23 1 0
github.com/edlitmus/halite/cmd/halite-node/commands.go:219.3,219.23 1 0
github.com/edlitmus/halite/cmd/halite-node/commands.go:219.23,221.32 2 0
github.com/edlitmus/halite/cmd/halite-node/commands.go:221.32,223.5 1 0
github.com/edlitmus/halite/cmd/halite-node/commands.go:224.4,224.33 1 0
github.com/edlitmus/halite/cmd/halite-node/commands.go:226.3,226.23 1 0
github.com/edlitmus/halite/cmd/halite-node/commands.go:228.2,228.12 1 0
github.com/edlitmus/halite/cmd/halite-node/commands.go:232.36,235.30 3 0
github.com/edlitmus/halite/cmd/halite-node/commands.go:235.30,237.3 1 0
github.com/edlitmus/halite/cmd/halite-node/commands.go:238.2,238.13 1 0
github.com/edlitmus/halite/cmd/halite-node/commands.go:239.15,240.41 1 0
github.com/edlitmus/halite/cmd/halite-node/commands.go:241.21,242.31 1 0
github.com/edlitmus/halite/cmd/halite-node/commands.go:242.31,244.4 1 0
github.com/edlitmus/halite/cmd/halite-node/commands.go:245.3,247.10 3 0
github.com/edlitmus/halite/cmd/halite-node/commands.go:247.10,249.4 1 0
github.com/edlitmus/halite/cmd/halite-node/commands.go:250.3,250.34 1 0
github.com/edlitmus/halite/cmd/halite-node/commands.go:251.20,253.43 2 0
github.com/edlitmus/halite/cmd/halite-node/commands.go:253.43,255.4 1 0
github.com/edlitmus/halite/cmd/halite-node/commands.go:256.3,256.38 1 0
github.com/edlitmus/halite/cmd/halite-node/commands.go:257.10,258.72 1 0
github.com/edlitmus/halite/cmd/halite-node/commands.go:260.2,260.10 1 0
github.com/edlitmus/halite/cmd/halite-node/commands.go:264.36,268.30 4 0
github.com/edlitmus/halite/cmd/halite-node/commands.go:268.30,270.3 1 0
github.com/edlitmus/halite/cmd/halite-node/commands.go:271.2,271.13 1 0
github.com/edlitmus/halite/cmd/halite-node/commands.go:272.15,273.34 1 0
github.com/edlitmus/halite/cmd/halite-node/commands.go:274.21,275.31 1 0
github.com/edlitmus/halite/cmd/halite-node/commands.go:275.31,277.4 1 0
github.com/edlitmus/halite/cmd/halite-node/commands.go:278.3,279.10 2 0
github.com/edlitmus/halite/cmd/halite-node/commands.go:279.10,281.4 1 0
github.com/edlitmus/halite/cmd/halite-node/commands.go:282.3,282.34 1 0
github.com/edlitmus/halite/cmd/halite-node/commands.go:283.10,284.67 1 0
github.com/edlitmus/halite/cmd/halite-node/commands.go:286.2,286.10 1 0
github.com/edlitmus/halite/cmd/halite-node/commands.go:291.34,292.31 1 0
github.com/edlitmus/halite/cmd/halite-node/commands.go:292.31,294.3 1 0
github.com/edlitmus/halite/cmd/halite-node/commands.go:295.2,299.39 4 0
github.com/edlitmus/halite/cmd/halite-node/commands.go:299.39,301.17 2 0
github.com/edlitmus/halite/cmd/halite-node/commands.go:301.17,304.12 3 0
github.com/edlitmus/halite/cmd/halite-node/commands.go:306.3,317.34 2 0
github.com/edlitmus/halite/cmd/halite-node/commands.go:317.34,320.4 2 0
github.com/edlitmus/halite/cmd/halite-node/commands.go:321.3,321.17 1 0
github.com/edlitmus/halite/cmd/halite-node/commands.go:321.17,324.12 3 0
github.com/edlitmus/halite/cmd/halite-node/commands.go:326.3,326.93 1 0
github.com/edlitmus/halite/cmd/halite-node/commands.go:328.2,328.18 1 0
github.com/edlitmus/halite/cmd/halite-node/commands.go:328.18,330.3 1 0
github.com/edlitmus/halite/cmd/halite-node/commands.go:331.2,331.10 1 0
github.com/edlitmus/halite/cmd/halite-node/main.go:64.13,65.22 1 0
github.com/edlitmus/halite/cmd/halite-node/main.go:65.22,68.3 2 0
github.com/edlitmus/halite/cmd/halite-node/main.go:69.2,71.16 3 0
github.com/edlitmus/halite/cmd/halite-node/main.go:71.16,73.3 1 0
github.com/edlitmus/halite/cmd/halite-node/main.go:75.2,75.13 1 0
github.com/edlitmus/halite/cmd/halite-node/main.go:76.36,77.49 1 0
github.com/edlitmus/halite/cmd/halite-node/main.go:78.30,79.19 1 0
github.com/edlitmus/halite/cmd/halite-node/main.go:80.14,81.25 1 0
github.com/edlitmus/halite/cmd/halite-node/main.go:82.15,83.26 1 0
github.com/edlitmus/halite/cmd/halite-node/main.go:84.16,85.27 1 0
github.com/edlitmus/halite/cmd/halite-node/main.go:86.16,87.27 1 0
github.com/edlitmus/halite/cmd/halite-node/main.go:88.14,89.25 1 0
github.com/edlitmus/halite/cmd/halite-node/main.go:90.24,92.81 1 0
github.com/edlitmus/halite/cmd/halite-node/main.go:93.10,95.13 2 0
github.com/edlitmus/halite/cmd/halite-node/main.go:115.34,122.16 3 0
github.com/edlitmus/halite/cmd/halite-node/main.go:122.16,124.3 1 0
github.com/edlitmus/halite/cmd/halite-node/main.go:125.2,125.33 1 0
github.com/edlitmus/halite/cmd/halite-node/main.go:125.33,127.3 1 0
github.com/edlitmus/halite/cmd/halite-node/main.go:129.2,130.16 2 0
github.com/edlitmus/halite/cmd/halite-node/main.go:130.16,132.3 1 0
github.com/edlitmus/halite/cmd/halite-node/main.go:134.2,143.89 2 0
github.com/edlitmus/halite/cmd/halite-node/main.go:143.89,145.3 1 0
github.com/edlitmus/halite/cmd/halite-node/main.go:147.2,156.29 3 0
github.com/edlitmus/halite/cmd/halite-node/main.go:156.29,158.3 1 0
github.com/edlitmus/halite/cmd/halite-node/main.go:159.2,165.10 4 0
github.com/edlitmus/halite/cmd/halite-node/main.go:170.63,171.41 1 0
github.com/edlitmus/halite/cmd/halite-node/main.go:171.41,173.3 1 0
github.com/edlitmus/halite/cmd/halite-node/main.go:174.2,174.47 1 0
github.com/edlitmus/halite/cmd/halite-node/main.go:174.47,176.3 1 0
github.com/edlitmus/halite/cmd/halite-node/main.go:177.2,177.49 1 0
github.com/edlitmus/halite/cmd/halite-node/main.go:177.49,179.3 1 0
github.com/edlitmus/halite/cmd/halite-node/main.go:180.2,180.62 1 0
github.com/edlitmus/halite/cmd/halite-node/main.go:180.62,181.51 1 0
github.com/edlitmus/halite/cmd/halite-node/main.go:181.51,183.4 1 0
github.com/edlitmus/halite/cmd/halite-node/main.go:185.2,186.16 2 0
github.com/edlitmus/halite/cmd/halite-node/main.go:186.16,188.3 1 0
github.com/edlitmus/halite/cmd/halite-node/main.go:189.2,189.13 1 0
github.com/edlitmus/halite/cmd/halite-node/main.go:194.121,195.53 1 0
github.com/edlitmus/halite/cmd/halite-node/main.go:195.53,197.3 1 0
github.com/edlitmus/halite/cmd/halite-node/main.go:198.2,198.55 1 0
github.com/edlitmus/halite/cmd/halite-node/main.go:198.55,200.3 1 0
github.com/edlitmus/halite/cmd/halite-node/main.go:203.2,204.29 2 0
github.com/edlitmus/halite/cmd/halite-node/main.go:204.29,205.58 1 0
github.com/edlitmus/halite/cmd/halite-node/main.go:205.58,207.4 1 0
github.com/edlitmus/halite/cmd/halite-node/main.go:209.2,209.23 1 0
github.com/edlitmus/halite/cmd/halite-node/main.go:209.23,211.3 1 0
github.com/edlitmus/halite/cmd/halite-node/main.go:212.2,212.42 1 0
github.com/edlitmus/halite/cmd/halite-node/main.go:217.57,219.13 2 0
github.com/edlitmus/halite/cmd/halite-node/main.go:219.13,221.3 1 0
github.com/edlitmus/halite/cmd/halite-node/main.go:222.2,223.45 2 0
github.com/edlitmus/halite/cmd/halite-node/main.go:223.45,224.44 1 0
github.com/edlitmus/halite/cmd/halite-node/main.go:224.44,226.4 1 0
github.com/edlitmus/halite/cmd/halite-node/main.go:228.2,228.12 1 0
github.com/edlitmus/halite/cmd/halite-node/main.go:231.31,235.2 3 0
github.com/edlitmus/halite/cmd/halite-node/main.go:238.43,255.33 4 0
github.com/edlitmus/halite/cmd/halite-node/main.go:255.33,257.3 1 0
github.com/edlitmus/halite/cmd/halite-node/main.go:258.2,258.34 1 0
github.com/edlitmus/halite/cmd/halite-node/main.go:258.34,260.3 1 0
github.com/edlitmus/halite/cmd/halite-node/main.go:261.2,261.19 1 0
github.com/edlitmus/halite/cmd/halite-node/main.go:265.52,278.32 1 0
github.com/edlitmus/halite/cmd/halite-node/main.go:278.32,279.43 1 0
github.com/edlitmus/halite/cmd/halite-node/main.go:279.43,281.5 1 0
github.com/edlitmus/halite/cmd/halite-node/main.go:289.86,291.2 1 0
github.com/edlitmus/halite/cmd/halite-node/main.go:293.43,293.67 1 0
github.com/edlitmus/halite/cmd/halite-node/main.go:296.24,296.84 1 0
github.com/edlitmus/halite/cmd/halite-node/main.go:298.27,299.68 1 0
github.com/edlitmus/halite/cmd/halite-node/main.go:299.68,301.3 1 0
github.com/edlitmus/halite/internal/render/render.go:138.34,139.17 1 1
github.com/edlitmus/halite/internal/render/render.go:139.17,141.3 1 0
github.com/edlitmus/halite/internal/render/render.go:142.2,142.66 1 1
github.com/edlitmus/halite/internal/render/render.go:148.51,149.35 1 1
github.com/edlitmus/halite/internal/render/render.go:149.35,151.3 1 1
github.com/edlitmus/halite/internal/render/render.go:152.2,154.47 3 1
github.com/edlitmus/halite/internal/render/render.go:154.47,156.3 1 1
github.com/edlitmus/halite/internal/render/render.go:157.2,158.16 2 1
github.com/edlitmus/halite/internal/render/render.go:158.16,160.3 1 1
github.com/edlitmus/halite/internal/render/render.go:161.2,162.48 2 1
github.com/edlitmus/halite/internal/render/render.go:162.48,163.44 1 1
github.com/edlitmus/halite/internal/render/render.go:163.44,165.4 1 1
github.com/edlitmus/halite/internal/render/render.go:167.2,167.22 1 1
github.com/edlitmus/halite/internal/render/render.go:167.22,169.3 1 0
github.com/edlitmus/halite/internal/render/render.go:174.2,174.28 1 1
github.com/edlitmus/halite/internal/render/render.go:178.55,185.31 5 1
github.com/edlitmus/halite/internal/render/render.go:185.31,187.13 2 1
github.com/edlitmus/halite/internal/render/render.go:187.13,189.4 1 1
github.com/edlitmus/halite/internal/render/render.go:190.3,190.23 1 1
github.com/edlitmus/halite/internal/render/render.go:191.20,192.99 1 1
github.com/edlitmus/halite/internal/render/render.go:193.16,194.148 1 0
github.com/edlitmus/halite/internal/render/render.go:197.3,197.16 1 1
github.com/edlitmus/halite/internal/render/render.go:198.16,200.18 2 1
github.com/edlitmus/halite/internal/render/render.go:200.18,202.5 1 1
github.com/edlitmus/halite/internal/render/render.go:203.4,204.24 2 1
github.com/edlitmus/halite/internal/render/render.go:206.15,209.18 3 1
github.com/edlitmus/halite/internal/render/render.go:209.18,211.5 1 1
github.com/edlitmus/halite/internal/render/render.go:212.4,213.19 2 1
github.com/edlitmus/halite/internal/render/render.go:215.15,218.18 3 1
github.com/edlitmus/halite/internal/render/render.go:218.18,220.5 1 0
github.com/edlitmus/halite/internal/render/render.go:221.4,222.19 2 1
github.com/edlitmus/halite/internal/render/render.go:224.15,227.19 3 1
github.com/edlitmus/halite/internal/render/render.go:229.11,230.99 1 0
github.com/edlitmus/halite/internal/render/render.go:234.2,236.17 3 0
github.com/edlitmus/halite/internal/render/render.go:239.83,241.33 2 1
github.com/edlitmus/halite/internal/render/render.go:241.33,243.3 1 0
github.com/edlitmus/halite/internal/render/render.go:244.2,249.58 5 1
github.com/edlitmus/halite/internal/render/render.go:249.58,254.30 2 0
github.com/edlitmus/halite/internal/render/render.go:254.30,256.4 1 0
github.com/edlitmus/halite/internal/render/render.go:259.2,261.16 3 1
github.com/edlitmus/halite/internal/render/render.go:261.16,263.3 1 0
github.com/edlitmus/halite/internal/render/render.go:264.2,266.16 3 1
github.com/edlitmus/halite/internal/render/render.go:266.16,268.3 1 1
github.com/edlitmus/halite/internal/render/render.go:269.2,269.18 1 1
github.com/edlitmus/halite/internal/render/render.go:273.48,275.19 2 1
github.com/edlitmus/halite/internal/render/render.go:275.19,277.3 1 1
github.com/edlitmus/halite/internal/render/render.go:278.2,279.19 2 1
github.com/edlitmus/halite/internal/render/render.go:279.19,281.3 1 1
github.com/edlitmus/halite/internal/render/render.go:282.2,283.19 2 1
github.com/edlitmus/halite/internal/render/render.go:283.19,285.3 1 1
github.com/edlitmus/halite/internal/render/render.go:287.2,289.19 3 1
github.com/edlitmus/halite/internal/render/render.go:289.19,291.3 1 1
github.com/edlitmus/halite/internal/render/render.go:293.2,322.22 2 1
github.com/edlitmus/halite/internal/render/render.go:322.22,324.3 1 0
github.com/edlitmus/halite/internal/render/render.go:325.2,325.31 1 1
github.com/edlitmus/halite/internal/render/render.go:325.31,327.3 1 1
github.com/edlitmus/halite/internal/render/render.go:328.2,328.12 1 1
github.com/edlitmus/halite/internal/render/render.go:331.95,334.28 3 1
github.com/edlitmus/halite/internal/render/render.go:334.28,336.3 1 0
github.com/edlitmus/halite/internal/render/render.go:337.2,340.26 3 1
github.com/edlitmus/halite/internal/render/render.go:340.26,342.3 1 1
github.com/edlitmus/halite/internal/render/render.go:343.2,343.16 1 1
github.com/edlitmus/halite/internal/render/render.go:343.16,345.3 1 1
github.com/edlitmus/halite/internal/render/render.go:346.2,346.15 1 1
github.com/edlitmus/halite/internal/render/render.go:352.92,354.28 2 1
github.com/edlitmus/halite/internal/render/render.go:354.28,356.3 1 0
github.com/edlitmus/halite/internal/render/render.go:357.2,358.12 2 1
github.com/edlitmus/halite/internal/render/render.go:358.12,360.3 1 0
github.com/edlitmus/halite/internal/render/render.go:361.2,370.3 2 1
github.com/edlitmus/halite/internal/render/render.go:373.87,375.21 2 1
github.com/edlitmus/halite/internal/render/render.go:375.21,377.3 1 0
github.com/edlitmus/halite/internal/render/render.go:378.2,378.55 1 1
github.com/edlitmus/halite/internal/render/render.go:378.55,380.3 1 1
github.com/edlitmus/halite/internal/render/render.go:381.2,381.12 1 1
github.com/edlitmus/halite/internal/render/render.go:396.32,399.26 3 1
github.com/edlitmus/halite/internal/render/render.go:399.26,401.3 1 1
github.com/edlitmus/halite/internal/render/render.go:402.2,402.19 1 1
github.com/edlitmus/halite/internal/render/render.go:405.32,405.50 1 0
github.com/edlitmus/halite/internal/render/render.go:407.38,408.12 1 1
github.com/edlitmus/halite/internal/render/render.go:408.12,410.3 1 0
github.com/edlitmus/halite/internal/render/render.go:411.2,411.46 1 1
github.com/edlitmus/halite/internal/render/render.go:411.46,412.15 1 1
github.com/edlitmus/halite/internal/render/render.go:412.15,414.4 1 1
github.com/edlitmus/halite/internal/render/render.go:416.2,416.11 1 0
github.com/edlitmus/halite/internal/render/render.go:419.55,421.16 2 1
github.com/edlitmus/halite/internal/render/render.go:421.16,423.3 1 0
github.com/edlitmus/halite/internal/render/render.go:424.2,424.15 1 1
github.com/edlitmus/halite/internal/config/config.go:28.31,29.11 1 1
github.com/edlitmus/halite/internal/config/config.go:30.11,31.15 1 1
github.com/edlitmus/halite/internal/config/config.go:32.11,33.15 1 0
github.com/edlitmus/halite/internal/config/config.go:34.10,35.16 1 1
github.com/edlitmus/halite/internal/config/config.go:40.33,40.64 1 1
github.com/edlitmus/halite/internal/config/config.go:43.34,43.62 1 1
github.com/edlitmus/halite/internal/config/config.go:82.57,84.16 2 1
github.com/edlitmus/halite/internal/config/config.go:84.16,86.3 1 1
github.com/edlitmus/halite/internal/config/config.go:87.2,88.16 2 1
github.com/edlitmus/halite/internal/config/config.go:88.16,90.3 1 1
github.com/edlitmus/halite/internal/config/config.go:91.2,92.18 2 1
github.com/edlitmus/halite/internal/config/config.go:92.18,94.3 1 1
github.com/edlitmus/halite/internal/config/config.go:96.2,99.16 3 1
github.com/edlitmus/halite/internal/config/config.go:99.16,101.3 1 1
github.com/edlitmus/halite/internal/config/config.go:102.2,102.19 1 1
github.com/edlitmus/halite/internal/config/config.go:102.19,104.3 1 1
github.com/edlitmus/halite/internal/config/config.go:104.8,106.3 1 1
github.com/edlitmus/halite/internal/config/config.go:108.2,109.16 2 1
github.com/edlitmus/halite/internal/config/config.go:109.16,111.3 1 0
github.com/edlitmus/halite/internal/config/config.go:112.2,112.30 1 1
github.com/edlitmus/halite/internal/config/config.go:112.30,114.17 2 1
github.com/edlitmus/halite/internal/config/config.go:114.17,116.4 1 0
github.com/edlitmus/halite/internal/config/config.go:117.3,117.15 1 1
github.com/edlitmus/halite/internal/config/config.go:117.15,118.12 1 0
github.com/edlitmus/halite/internal/config/config.go:120.3,121.89 2 1
github.com/edlitmus/halite/internal/config/config.go:124.2,124.55 1 1
github.com/edlitmus/halite/internal/config/config.go:124.55,126.3 1 1
github.com/edlitmus/halite/internal/config/config.go:128.2,128.56 1 1
github.com/edlitmus/halite/internal/config/config.go:128.56,128.86 1 1
github.com/edlitmus/halite/internal/config/config.go:129.2,132.34 4 1
github.com/edlitmus/halite/internal/config/config.go:132.34,134.3 1 1
github.com/edlitmus/halite/internal/config/config.go:135.2,135.17 1 1
github.com/edlitmus/halite/internal/config/config.go:138.67,140.16 2 1
github.com/edlitmus/halite/internal/config/config.go:140.16,141.41 1 1
github.com/edlitmus/halite/internal/config/config.go:141.41,143.4 1 1
github.com/edlitmus/halite/internal/config/config.go:144.3,144.54 1 1
github.com/edlitmus/halite/internal/config/config.go:146.2,147.16 2 1
github.com/edlitmus/halite/internal/config/config.go:147.16,149.3 1 0
github.com/edlitmus/halite/internal/config/config.go:150.2,150.14 1 1
github.com/edlitmus/halite/internal/config/config.go:150.14,152.3 1 0
github.com/edlitmus/halite/internal/config/config.go:153.2,154.9 2 1
github.com/edlitmus/halite/internal/config/config.go:154.9,156.3 1 0
github.com/edlitmus/halite/internal/config/config.go:157.2,157.15 1 1
github.com/edlitmus/halite/internal/config/config.go:160.48,162.16 2 1
github.com/edlitmus/halite/internal/config/config.go:162.16,163.25 1 1
github.com/edlitmus/halite/internal/config/config.go:163.25,165.4 1 1
github.com/edlitmus/halite/internal/config/config.go:166.3,166.53 1 0
github.com/edlitmus/halite/internal/config/config.go:168.2,169.28 2 1
github.com/edlitmus/halite/internal/config/config.go:169.28,170.16 1 1
github.com/edlitmus/halite/internal/config/config.go:170.16,171.12 1 0
github.com/edlitmus/halite/internal/config/config.go:173.3,174.113 2 1
github.com/edlitmus/halite/internal/config/config.go:174.113,175.12 1 0
github.com/edlitmus/halite/internal/config/config.go:177.3,177.46 1 1
github.com/edlitmus/halite/internal/config/config.go:179.2,180.17 2 1
github.com/edlitmus/halite/internal/config/config.go:188.62,193.2 1 0
github.com/edlitmus/halite/internal/config/config.go:198.47,200.2 1 1
github.com/edlitmus/halite/internal/config/config.go:203.50,205.21 2 1
github.com/edlitmus/halite/internal/config/config.go:205.21,207.3 1 0
github.com/edlitmus/halite/internal/config/config.go:208.2,208.29 1 1
github.com/edlitmus/halite/internal/config/config.go:208.29,210.3 1 1
github.com/edlitmus/halite/internal/config/config.go:211.2,211.12 1 0
github.com/edlitmus/halite/internal/config/config.go:215.51,217.21 2 1
github.com/edlitmus/halite/internal/config/config.go:217.21,219.3 1 0
github.com/edlitmus/halite/internal/config/config.go:220.2,220.23 1 1
github.com/edlitmus/halite/internal/config/config.go:221.12,222.11 1 1
github.com/edlitmus/halite/internal/config/config.go:223.14,224.49 1 0
github.com/edlitmus/halite/internal/config/config.go:224.49,226.4 1 0
github.com/edlitmus/halite/internal/config/config.go:228.2,228.12 1 0
github.com/edlitmus/halite/internal/config/config.go:232.52,234.21 2 1
github.com/edlitmus/halite/internal/config/config.go:234.21,236.3 1 0
github.com/edlitmus/halite/internal/config/config.go:237.2,237.23 1 1
github.com/edlitmus/halite/internal/config/config.go:238.13,239.11 1 1
github.com/edlitmus/halite/internal/config/config.go:240.15,241.18 1 0
github.com/edlitmus/halite/internal/config/config.go:242.14,243.56 1 0
github.com/edlitmus/halite/internal/config/config.go:243.56,245.4 1 0
github.com/edlitmus/halite/internal/config/config.go:247.2,247.12 1 0
github.com/edlitmus/halite/internal/config/config.go:252.73,254.21 2 1
github.com/edlitmus/halite/internal/config/config.go:254.21,256.3 1 0
github.com/edlitmus/halite/internal/config/config.go:257.2,257.23 1 1
github.com/edlitmus/halite/internal/config/config.go:258.14,259.50 1 1
github.com/edlitmus/halite/internal/config/config.go:259.50,261.4 1 1
github.com/edlitmus/halite/internal/config/config.go:262.13,263.40 1 1
github.com/edlitmus/halite/internal/config/config.go:264.15,265.49 1 0
github.com/edlitmus/halite/internal/config/config.go:267.2,267.12 1 0
github.com/edlitmus/halite/internal/config/config.go:272.52,274.21 2 1
github.com/edlitmus/halite/internal/config/config.go:274.21,276.3 1 0
github.com/edlitmus/halite/internal/config/config.go:277.2,277.23 1 1
github.com/edlitmus/halite/internal/config/config.go:278.14,279.21 1 0
github.com/edlitmus/halite/internal/config/config.go:280.13,282.26 2 1
github.com/edlitmus/halite/internal/config/config.go:282.26,283.34 1 1
github.com/edlitmus/halite/internal/config/config.go:283.34,285.13 2 1
github.com/edlitmus/halite/internal/config/config.go:287.4,287.44 1 0
github.com/edlitmus/halite/internal/config/config.go:289.3,289.13 1 1
github.com/edlitmus/halite/internal/config/config.go:291.2,291.12 1 0
github.com/edlitmus/halite/internal/config/config.go:295.46,297.9 2 1
github.com/edlitmus/halite/internal/config/config.go:297.9,299.3 1 0
github.com/edlitmus/halite/internal/config/config.go:300.2,301.10 2 1
github.com/edlitmus/halite/internal/config/config.go:306.57,308.14 2 1
github.com/edlitmus/halite/internal/config/config.go:308.14,310.3 1 0
github.com/edlitmus/halite/internal/config/config.go:311.2,312.32 2 1
github.com/edlitmus/halite/internal/config/config.go:312.32,314.28 2 1
github.com/edlitmus/halite/internal/config/config.go:315.15,316.26 1 0
github.com/edlitmus/halite/internal/config/config.go:317.14,319.27 2 1
github.com/edlitmus/halite/internal/config/config.go:319.27,320.35 1 1
github.com/edlitmus/halite/internal/config/config.go:320.35,322.6 1 1
github.com/edlitmus/halite/internal/config/config.go:324.4,324.19 1 1
github.com/edlitmus/halite/internal/config/config.go:327.2,327.12 1 1
github.com/edlitmus/halite/internal/config/config.go:333.40,335.2 1 1
github.com/edlitmus/halite/internal/config/config.go:344.38,345.32 1 1
github.com/edlitmus/halite/internal/config/config.go:345.32,347.23 2 1
github.com/edlitmus/halite/internal/config/config.go:347.23,349.12 2 1
github.com/edlitmus/halite/internal/config/config.go:351.3,351.40 1 1
github.com/edlitmus/halite/internal/config/config.go:351.40,353.4 1 1
github.com/edlitmus/halite/internal/config/config.go:355.2,355.10 1 1
github.com/edlitmus/halite/internal/config/config.go:358.35,359.38 1 1
github.com/edlitmus/halite/internal/config/config.go:359.38,360.34 1 1
github.com/edlitmus/halite/internal/config/config.go:360.34,362.4 1 1
github.com/edlitmus/halite/internal/config/config.go:365.2,365.46 1 1
github.com/edlitmus/halite/internal/config/keys.go:20.37,21.31 1 0
github.com/edlitmus/halite/internal/config/keys.go:21.31,22.16 1 0
github.com/edlitmus/halite/internal/config/keys.go:22.16,24.4 1 0
github.com/edlitmus/halite/internal/config/keys.go:26.2,26.14 1 0
github.com/edlitmus/halite/internal/config/keys.go:153.41,155.25 2 1
github.com/edlitmus/halite/internal/config/keys.go:155.25,157.3 1 1
github.com/edlitmus/halite/internal/config/keys.go:158.2,158.10 1 1
github.com/edlitmus/halite/internal/config/keys.go:162.46,164.9 2 1
github.com/edlitmus/halite/internal/config/keys.go:164.9,166.3 1 1
github.com/edlitmus/halite/internal/config/keys.go:167.2,167.26 1 1
github.com/edlitmus/halite/internal/config/keys.go:167.26,168.16 1 1
github.com/edlitmus/halite/internal/config/keys.go:168.16,170.4 1 1
github.com/edlitmus/halite/internal/config/keys.go:172.2,172.14 1 1
github.com/edlitmus/halite/internal/config/keys.go:177.31,179.25 2 0
github.com/edlitmus/halite/internal/config/keys.go:179.25,180.24 1 0
github.com/edlitmus/halite/internal/config/keys.go:180.24,182.4 1 0
github.com/edlitmus/halite/internal/config/keys.go:184.2,184.38 1 0
github.com/edlitmus/halite/internal/config/keys.go:184.38,184.74 1 0
github.com/edlitmus/halite/internal/config/keys.go:185.2,185.12 1 0
github.com/edlitmus/halite/internal/config/shim.go:129.25,132.38 3 1
github.com/edlitmus/halite/internal/config/shim.go:132.38,132.74 1 1
github.com/edlitmus/halite/internal/config/shim.go:133.2,133.12 1 1
github.com/edlitmus/halite/internal/config/shim.go:137.27,140.38 3 0
github.com/edlitmus/halite/internal/config/shim.go:140.38,140.74 1 0
github.com/edlitmus/halite/internal/config/shim.go:141.2,141.12 1 0
github.com/edlitmus/halite/internal/config/shim.go:144.44,146.28 2 1
github.com/edlitmus/halite/internal/config/shim.go:146.28,148.3 1 1
github.com/edlitmus/halite/internal/config/shim.go:149.2,149.10 1 1
github.com/edlitmus/halite/internal/config/shim.go:152.46,154.29 2 1
github.com/edlitmus/halite/internal/config/shim.go:154.29,156.3 1 1
github.com/edlitmus/halite/internal/config/shim.go:157.2,157.10 1 1
github.com/edlitmus/halite/internal/config/shim.go:172.41,174.33 2 1
github.com/edlitmus/halite/internal/config/shim.go:174.33,177.19 2 1
github.com/edlitmus/halite/internal/config/shim.go:177.19,179.4 1 1
github.com/edlitmus/halite/internal/config/shim.go:180.3,180.25 1 1
github.com/edlitmus/halite/internal/config/shim.go:182.2,182.30 1 1
github.com/edlitmus/halite/internal/config/shim.go:182.30,184.3 1 1
github.com/edlitmus/halite/internal/config/shim.go:185.2,185.12 1 1
github.com/edlitmus/halite/internal/config/shim.go:191.33,192.25 1 1
github.com/edlitmus/halite/internal/config/shim.go:192.25,194.3 1 1
github.com/edlitmus/halite/internal/config/shim.go:195.2,197.30 3 1
github.com/edlitmus/halite/internal/config/shim.go:197.30,199.3 1 1
github.com/edlitmus/halite/internal/config/shim.go:200.2,200.37 1 1
github.com/edlitmus/halite/internal/config/shim.go:211.81,216.33 4 1
github.com/edlitmus/halite/internal/config/shim.go:216.33,218.10 2 1
github.com/edlitmus/halite/internal/config/shim.go:218.10,220.12 2 0
github.com/edlitmus/halite/internal/config/shim.go:223.3,223.47 1 1
github.com/edlitmus/halite/internal/config/shim.go:223.47,225.12 2 1
github.com/edlitmus/halite/internal/config/shim.go:231.3,231.33 1 1
github.com/edlitmus/halite/internal/config/shim.go:231.33,233.12 2 1
github.com/edlitmus/halite/internal/config/shim.go:236.3,237.15 2 1
github.com/edlitmus/halite/internal/config/shim.go:237.15,240.12 3 1
github.com/edlitmus/halite/internal/config/shim.go:242.3,242.25 1 1
github.com/edlitmus/halite/internal/config/shim.go:242.25,244.12 2 0
github.com/edlitmus/halite/internal/config/shim.go:247.3,248.27 2 1
github.com/edlitmus/halite/internal/config/shim.go:248.27,250.12 2 1
github.com/edlitmus/halite/internal/config/shim.go:252.3,252.24 1 1
github.com/edlitmus/halite/internal/config/shim.go:252.24,255.12 1 0
github.com/edlitmus/halite/internal/config/shim.go:257.3,257.49 1 1
github.com/edlitmus/halite/internal/config/shim.go:260.2,260.22 1 1
github.com/edlitmus/halite/internal/config/shim.go:260.22,262.3 1 1
github.com/edlitmus/halite/internal/config/shim.go:263.2,263.17 1 1
github.com/edlitmus/halite/internal/signature/signature.go:48.31,49.31 1 1
github.com/edlitmus/halite/internal/signature/signature.go:49.31,51.3 1 1
github.com/edlitmus/halite/internal/signature/signature.go:52.2,52.18 1 0
github.com/edlitmus/halite/internal/signature/signature.go:70.35,71.11 1 1
github.com/edlitmus/halite/internal/signature/signature.go:72.22,73.22 1 0
github.com/edlitmus/halite/internal/signature/signature.go:74.25,75.26 1 0
github.com/edlitmus/halite/internal/signature/signature.go:76.10,77.20 1 1
github.com/edlitmus/halite/internal/signature/signature.go:127.34,127.72 1 1
github.com/edlitmus/halite/internal/signature/signature.go:130.53,131.29 1 1
github.com/edlitmus/halite/internal/signature/signature.go:131.29,132.21 1 1
github.com/edlitmus/halite/internal/signature/signature.go:132.21,134.4 1 1
github.com/edlitmus/halite/internal/signature/signature.go:136.2,136.23 1 1
github.com/edlitmus/halite/internal/signature/signature.go:145.30,145.82 1 1
github.com/edlitmus/halite/internal/signature/signature.go:148.43,149.25 1 1
github.com/edlitmus/halite/internal/signature/signature.go:149.25,151.3 1 1
github.com/edlitmus/halite/internal/signature/signature.go:155.58,158.2 2 1
github.com/edlitmus/halite/internal/signature/signature.go:161.42,161.80 2 1
github.com/edlitmus/halite/internal/signature/signature.go:164.37,166.26 2 1
github.com/edlitmus/halite/internal/signature/signature.go:166.26,168.3 1 1
github.com/edlitmus/halite/internal/signature/signature.go:169.2,170.12 2 1
github.com/edlitmus/halite/internal/signature/signature.go:174.39,176.29 2 1
github.com/edlitmus/halite/internal/signature/signature.go:176.29,178.3 1 1
github.com/edlitmus/halite/internal/signature/signature.go:179.2,180.22 2 1
github.com/edlitmus/halite/internal/signature/signature.go:180.22,182.3 1 1
github.com/edlitmus/halite/internal/signature/signature.go:183.2,184.12 2 1
github.com/edlitmus/halite/internal/signature/signature.go:188.57,190.29 2 1
github.com/edlitmus/halite/internal/signature/signature.go:190.29,191.25 1 1
github.com/edlitmus/halite/internal/signature/signature.go:191.25,193.4 1 1
github.com/edlitmus/halite/internal/signature/signature.go:195.2,195.38 1 1
github.com/edlitmus/halite/internal/signature/signature.go:195.38,195.82 1 1
github.com/edlitmus/halite/internal/signature/signature.go:196.2,196.12 1 1
github.com/edlitmus/halite/internal/signature/signature.go:206.35,207.19 1 1
github.com/edlitmus/halite/internal/signature/signature.go:207.19,209.3 1 1
github.com/edlitmus/halite/internal/signature/signature.go:210.2,210.71 1 1
github.com/edlitmus/halite/internal/signature/signature.go:219.78,224.29 4 1
github.com/edlitmus/halite/internal/signature/signature.go:224.29,225.21 1 1
github.com/edlitmus/halite/internal/signature/signature.go:225.21,227.4 1 1
github.com/edlitmus/halite/internal/signature/signature.go:230.2,231.25 2 1
github.com/edlitmus/halite/internal/signature/signature.go:231.25,232.27 1 1
github.com/edlitmus/halite/internal/signature/signature.go:232.27,234.46 2 1
github.com/edlitmus/halite/internal/signature/signature.go:234.46,236.13 2 1
github.com/edlitmus/halite/internal/signature/signature.go:238.4,242.9 2 1
github.com/edlitmus/halite/internal/signature/signature.go:244.3,245.17 2 1
github.com/edlitmus/halite/internal/signature/signature.go:245.17,247.12 2 1
github.com/edlitmus/halite/internal/signature/signature.go:249.3,250.17 2 1
github.com/edlitmus/halite/internal/signature/signature.go:250.17,252.12 2 0
github.com/edlitmus/halite/internal/signature/signature.go:254.3,255.22 2 1
github.com/edlitmus/halite/internal/signature/signature.go:258.2,258.19 1 1
github.com/edlitmus/halite/internal/signature/signature.go:258.19,259.38 1 1
github.com/edlitmus/halite/internal/signature/signature.go:259.38,262.11 3 1
github.com/edlitmus/halite/internal/signature/signature.go:262.11,267.13 2 1
github.com/edlitmus/halite/internal/signature/signature.go:269.4,269.18 1 1
github.com/edlitmus/halite/internal/signature/signature.go:269.18,274.13 2 1
github.com/edlitmus/halite/internal/signature/signature.go:276.4,277.18 2 1
github.com/edlitmus/halite/internal/signature/signature.go:277.18,279.13 2 1
github.com/edlitmus/halite/internal/signature/signature.go:281.4,282.21 2 1
github.com/edlitmus/halite/internal/signature/signature.go:286.2,286.29 1 1
github.com/edlitmus/halite/internal/signature/signature.go:286.29,287.38 1 1
github.com/edlitmus/halite/internal/signature/signature.go:287.38,288.12 1 1
github.com/edlitmus/halite/internal/signature/signature.go:290.3,290.17 1 1
github.com/edlitmus/halite/internal/signature/signature.go:290.17,294.12 2 1
github.com/edlitmus/halite/internal/signature/signature.go:296.3,296.23 1 1
github.com/edlitmus/halite/internal/signature/signature.go:296.23,298.4 1 1
github.com/edlitmus/halite/internal/signature/signature.go:301.2,301.18 1 1
github.com/edlitmus/halite/internal/signature/signature.go:304.57,308.2 3 1
github.com/edlitmus/halite/internal/signature/signature.go:316.55,317.34 1 1
github.com/edlitmus/halite/internal/signature/signature.go:317.34,322.3 1 1
github.com/edlitmus/halite/internal/signature/signature.go:323.2,323.14 1 1
github.com/edlitmus/halite/internal/signature/signature.go:323.14,325.3 1 0
github.com/edlitmus/halite/internal/signature/signature.go:327.2,327.16 1 1
github.com/edlitmus/halite/internal/signature/signature.go:328.11,329.16 1 1
github.com/edlitmus/halite/internal/signature/signature.go:331.20,332.32 1 1
github.com/edlitmus/halite/internal/signature/signature.go:332.32,333.55 1 1
github.com/edlitmus/halite/internal/signature/signature.go:333.55,338.5 1 1
github.com/edlitmus/halite/internal/signature/signature.go:339.4,339.19 1 1
github.com/edlitmus/halite/internal/signature/signature.go:341.3,341.31 1 0
github.com/edlitmus/halite/internal/signature/signature.go:343.12,347.32 1 1
github.com/edlitmus/halite/internal/signature/signature.go:347.32,349.4 1 1
github.com/edlitmus/halite/internal/signature/signature.go:350.3,350.29 1 1
github.com/edlitmus/halite/internal/signature/signature.go:350.29,355.4 1 1
github.com/edlitmus/halite/internal/signature/signature.go:356.3,356.56 1 0
github.com/edlitmus/halite/internal/signature/signature.go:358.11,359.24 1 0
github.com/edlitmus/halite/internal/signature/signature.go:360.14,361.17 1 0
github.com/edlitmus/halite/internal/signature/signature.go:362.16,363.30 1 0
github.com/edlitmus/halite/internal/signature/signature.go:363.30,365.5 1 0
github.com/edlitmus/halite/internal/signature/signature.go:367.3,367.33 1 0
github.com/edlitmus/halite/internal/signature/signature.go:369.13,370.24 1 0
github.com/edlitmus/halite/internal/signature/signature.go:371.16,372.17 1 0
github.com/edlitmus/halite/internal/signature/signature.go:373.14,374.26 1 0
github.com/edlitmus/halite/internal/signature/signature.go:376.3,376.31 1 0
github.com/edlitmus/halite/internal/signature/signature.go:378.12,379.28 1 1
github.com/edlitmus/halite/internal/signature/signature.go:379.28,381.4 1 1
github.com/edlitmus/halite/internal/signature/signature.go:382.3,382.32 1 1
github.com/edlitmus/halite/internal/signature/signature.go:384.12,385.29 1 1
github.com/edlitmus/halite/internal/signature/signature.go:385.29,387.4 1 0
github.com/edlitmus/halite/internal/signature/signature.go:390.3,390.23 1 1
github.com/edlitmus/halite/internal/signature/signature.go:392.11,393.34 1 0
github.com/edlitmus/halite/internal/signature/signature.go:393.34,395.4 1 0
github.com/edlitmus/halite/internal/signature/signature.go:396.3,396.32 1 0
github.com/edlitmus/halite/internal/signature/signature.go:398.16,399.19 1 0
github.com/edlitmus/halite/internal/signature/signature.go:400.31,401.17 1 0
github.com/edlitmus/halite/internal/signature/signature.go:403.3,403.33 1 0
github.com/edlitmus/halite/internal/signature/signature.go:405.2,405.15 1 0
github.com/edlitmus/halite/internal/signature/signature.go:408.43,409.23 1 1
github.com/edlitmus/halite/internal/signature/signature.go:409.23,410.13 1 1
github.com/edlitmus/halite/internal/signature/signature.go:410.13,412.4 1 0
github.com/edlitmus/halite/internal/signature/signature.go:414.2,414.14 1 1
github.com/edlitmus/halite/internal/signature/signature.go:418.38,422.29 4 1
github.com/edlitmus/halite/internal/signature/signature.go:422.29,423.12 1 1
github.com/edlitmus/halite/internal/signature/signature.go:423.12,425.4 1 0
github.com/edlitmus/halite/internal/signature/signature.go:426.3,426.17 1 1
github.com/edlitmus/halite/internal/signature/signature.go:426.17,428.4 1 0
github.com/edlitmus/halite/internal/signature/signature.go:429.3,432.38 4 1
github.com/edlitmus/halite/internal/signature/signature.go:432.38,434.4 1 0
github.com/edlitmus/halite/internal/signature/signature.go:436.2,437.17 2 1
github.com/edlitmus/halite/internal/signature/signature.go:437.17,440.3 2 1
github.com/edlitmus/halite/internal/signature/signature.go:441.2,442.15 2 1
github.com/edlitmus/halite/internal/signature/signature.go:442.15,444.3 1 1
github.com/edlitmus/halite/internal/signature/signature.go:445.2,445.21 1 1
github.com/edlitmus/halite/internal/signature/signature.go:445.21,447.3 1 1
github.com/edlitmus/halite/internal/signature/signature.go:448.2,448.34 1 1
github.com/edlitmus/halite/internal/signature/signature.go:448.34,450.3 1 1
github.com/edlitmus/halite/internal/signature/signature.go:451.2,451.26 1 1
github.com/edlitmus/halite/internal/signature/signature.go:451.26,453.3 1 0
github.com/edlitmus/halite/internal/signature/signature.go:454.2,454.27 1 1
github.com/edlitmus/halite/internal/signature/signature.go:454.27,456.3 1 1
github.com/edlitmus/halite/internal/signature/signature.go:457.2,457.26 1 1
github.com/edlitmus/halite/internal/signature/signature.go:457.26,460.3 2 1
github.com/edlitmus/halite/internal/signature/signature.go:461.2,461.19 1 1
github.com/edlitmus/halite/internal/signature/signature.go:466.38,468.33 2 1
github.com/edlitmus/halite/internal/signature/signature.go:468.33,470.3 1 1
github.com/edlitmus/halite/internal/signature/signature.go:471.2,471.12 1 1
github.com/edlitmus/halite/internal/signature/signature.go:475.38,477.29 2 1
github.com/edlitmus/halite/internal/signature/signature.go:477.29,483.23 2 1
github.com/edlitmus/halite/internal/signature/signature.go:483.23,485.4 1 1
github.com/edlitmus/halite/internal/signature/signature.go:486.3,486.18 1 1
github.com/edlitmus/halite/internal/signature/signature.go:486.18,488.4 1 0
github.com/edlitmus/halite/internal/signature/signature.go:489.3,489.17 1 1
github.com/edlitmus/halite/internal/signature/signature.go:489.17,491.4 1 0
github.com/edlitmus/halite/internal/signature/signature.go:492.3,492.20 1 1
github.com/edlitmus/halite/internal/signature/signature.go:492.20,494.4 1 0
github.com/edlitmus/halite/internal/signature/signature.go:495.3,495.25 1 1
github.com/edlitmus/halite/internal/signature/signature.go:495.25,497.32 2 1
github.com/edlitmus/halite/internal/signature/signature.go:497.32,499.5 1 1
github.com/edlitmus/halite/internal/signature/signature.go:500.4,500.30 1 1
github.com/edlitmus/halite/internal/signature/signature.go:502.3,502.30 1 1
github.com/edlitmus/halite/internal/signature/signature.go:505.2,513.17 2 1
github.com/edlitmus/halite/internal/signature/signature.go:513.17,515.3 1 0
github.com/edlitmus/halite/internal/signature/signature.go:516.2,516.21 1 1
github.com/edlitmus/halite/internal/signature/signature.go:516.21,518.3 1 0
github.com/edlitmus/halite/internal/signature/signature.go:519.2,519.26 1 1
github.com/edlitmus/halite/internal/signature/signature.go:519.26,521.33 2 0
github.com/edlitmus/halite/internal/signature/signature.go:521.33,523.4 1 0
github.com/edlitmus/halite/internal/signature/signature.go:524.3,524.28 1 0
github.com/edlitmus/halite/internal/signature/signature.go:526.2,526.27 1 1
github.com/edlitmus/halite/internal/signature/signature.go:526.27,528.34 2 0
github.com/edlitmus/halite/internal/signature/signature.go:528.34,530.4 1 0
github.com/edlitmus/halite/internal/signature/signature.go:531.3,531.29 1 0
github.com/edlitmus/halite/internal/signature/signature.go:533.2,533.21 1 1
github.com/edlitmus/halite/internal/signature/signature.go:533.21,535.3 1 1
github.com/edlitmus/halite/internal/signature/signature.go:536.2,536.10 1 1
github.com/edlitmus/halite/internal/target/compound.go:35.40,37.22 2 1
github.com/edlitmus/halite/internal/target/compound.go:37.22,39.3 1 1
github.com/edlitmus/halite/internal/target/compound.go:40.2,41.16 2 1
github.com/edlitmus/halite/internal/target/compound.go:41.16,43.3 1 1
github.com/edlitmus/halite/internal/target/compound.go:44.2,44.23 1 1
github.com/edlitmus/halite/internal/target/compound.go:44.23,47.20 3 1
github.com/edlitmus/halite/internal/target/compound.go:47.20,49.4 1 1
github.com/edlitmus/halite/internal/target/compound.go:50.3,50.56 1 1
github.com/edlitmus/halite/internal/target/compound.go:52.2,52.15 1 1
github.com/edlitmus/halite/internal/target/compound.go:57.29,60.25 3 1
github.com/edlitmus/halite/internal/target/compound.go:60.25,61.17 1 1
github.com/edlitmus/halite/internal/target/compound.go:61.17,64.4 2 1
github.com/edlitmus/halite/internal/target/compound.go:66.2,66.34 1 1
github.com/edlitmus/halite/internal/target/compound.go:66.34,68.10 2 1
github.com/edlitmus/halite/internal/target/compound.go:69.30,70.12 1 1
github.com/edlitmus/halite/internal/target/compound.go:71.29,73.71 2 1
github.com/edlitmus/halite/internal/target/compound.go:74.11,75.17 1 1
github.com/edlitmus/halite/internal/target/compound.go:75.17,77.5 1 1
github.com/edlitmus/halite/internal/target/compound.go:79.3,79.8 1 1
github.com/edlitmus/halite/internal/target/compound.go:81.2,81.19 1 1
github.com/edlitmus/halite/internal/target/compound.go:84.47,85.24 1 1
github.com/edlitmus/halite/internal/target/compound.go:85.24,87.3 1 1
github.com/edlitmus/halite/internal/target/compound.go:88.2,88.26 1 1
github.com/edlitmus/halite/internal/target/compound.go:91.42,93.16 2 1
github.com/edlitmus/halite/internal/target/compound.go:93.16,95.3 1 1
github.com/edlitmus/halite/internal/target/compound.go:96.2,96.6 1 1
github.com/edlitmus/halite/internal/target/compound.go:96.6,98.46 2 1
github.com/edlitmus/halite/internal/target/compound.go:98.46,100.4 1 1
github.com/edlitmus/halite/internal/target/compound.go:101.3,103.17 3 1
github.com/edlitmus/halite/internal/target/compound.go:103.17,105.4 1 0
github.com/edlitmus/halite/internal/target/compound.go:106.3,107.37 2 1
github.com/edlitmus/halite/internal/target/compound.go:107.37,107.72 1 1
github.com/edlitmus/halite/internal/target/compound.go:111.43,113.16 2 1
github.com/edlitmus/halite/internal/target/compound.go:113.16,115.3 1 1
github.com/edlitmus/halite/internal/target/compound.go:116.2,116.6 1 1
github.com/edlitmus/halite/internal/target/compound.go:116.6,118.10 2 1
github.com/edlitmus/halite/internal/target/compound.go:118.10,120.4 1 1
github.com/edlitmus/halite/internal/target/compound.go:123.3,123.40 1 1
github.com/edlitmus/halite/internal/target/compound.go:123.40,125.4 1 1
github.com/edlitmus/halite/internal/target/compound.go:126.3,128.17 3 1
github.com/edlitmus/halite/internal/target/compound.go:128.17,130.4 1 1
github.com/edlitmus/halite/internal/target/compound.go:131.3,132.37 2 1
github.com/edlitmus/halite/internal/target/compound.go:132.37,132.72 1 1
github.com/edlitmus/halite/internal/target/compound.go:136.43,138.44 2 1
github.com/edlitmus/halite/internal/target/compound.go:138.44,141.17 3 1
github.com/edlitmus/halite/internal/target/compound.go:141.17,143.4 1 0
github.com/edlitmus/halite/internal/target/compound.go:144.3,144.37 1 1
github.com/edlitmus/halite/internal/target/compound.go:144.37,144.63 1 1
github.com/edlitmus/halite/internal/target/compound.go:146.2,146.25 1 1
github.com/edlitmus/halite/internal/target/compound.go:149.47,151.9 2 1
github.com/edlitmus/halite/internal/target/compound.go:151.9,153.22 2 1
github.com/edlitmus/halite/internal/target/compound.go:153.22,156.4 2 1
github.com/edlitmus/halite/internal/target/compound.go:157.3,157.100 1 1
github.com/edlitmus/halite/internal/target/compound.go:160.2,160.9 1 1
github.com/edlitmus/halite/internal/target/compound.go:161.21,164.17 3 1
github.com/edlitmus/halite/internal/target/compound.go:164.17,166.4 1 0
github.com/edlitmus/halite/internal/target/compound.go:167.3,168.31 2 1
github.com/edlitmus/halite/internal/target/compound.go:168.31,170.4 1 1
github.com/edlitmus/halite/internal/target/compound.go:171.3,172.20 2 1
github.com/edlitmus/halite/internal/target/compound.go:174.21,175.68 1 0
github.com/edlitmus/halite/internal/target/compound.go:177.75,178.105 1 1
github.com/edlitmus/halite/internal/target/compound.go:181.2,182.25 2 1
github.com/edlitmus/halite/internal/target/compound.go:186.61,188.13 2 1
github.com/edlitmus/halite/internal/target/compound.go:188.13,190.17 2 1
github.com/edlitmus/halite/internal/target/compound.go:190.17,192.4 1 0
github.com/edlitmus/halite/internal/target/compound.go:193.3,193.19 1 1
github.com/edlitmus/halite/internal/target/compound.go:196.2,199.9 4 1
github.com/edlitmus/halite/internal/target/compound.go:199.9,204.17 2 1
github.com/edlitmus/halite/internal/target/compound.go:204.17,206.4 1 0
github.com/edlitmus/halite/internal/target/compound.go:207.3,207.19 1 1
github.com/edlitmus/halite/internal/target/compound.go:209.2,209.16 1 1
github.com/edlitmus/halite/internal/target/compound.go:209.16,211.3 1 1
github.com/edlitmus/halite/internal/target/compound.go:213.2,213.23 1 1
github.com/edlitmus/halite/internal/target/compound.go:213.23,215.17 2 1
github.com/edlitmus/halite/internal/target/compound.go:215.17,217.4 1 0
github.com/edlitmus/halite/internal/target/compound.go:218.3,220.17 3 1
github.com/edlitmus/halite/internal/target/compound.go:220.17,222.4 1 0
github.com/edlitmus/halite/internal/target/compound.go:223.3,223.16 1 1
github.com/edlitmus/halite/internal/target/compound.go:226.2,227.16 2 1
github.com/edlitmus/halite/internal/target/compound.go:227.16,229.3 1 0
github.com/edlitmus/halite/internal/target/compound.go:230.2,230.18 1 1
github.com/edlitmus/halite/internal/target/compound.go:233.40,234.47 1 0
github.com/edlitmus/halite/internal/target/compound.go:234.47,237.3 2 0
github.com/edlitmus/halite/internal/target/compound.go:238.2,238.12 1 0
github.com/edlitmus/halite/internal/target/target.go:65.45,66.14 1 1
github.com/edlitmus/halite/internal/target/target.go:67.18,68.20 1 1
github.com/edlitmus/halite/internal/target/target.go:69.19,70.20 1 1
github.com/edlitmus/halite/internal/target/target.go:71.19,72.21 1 1
github.com/edlitmus/halite/internal/target/target.go:73.20,74.21 1 1
github.com/edlitmus/halite/internal/target/target.go:75.25,76.26 1 1
github.com/edlitmus/halite/internal/target/target.go:77.21,78.22 1 1
github.com/edlitmus/halite/internal/target/target.go:79.26,80.27 1 1
github.com/edlitmus/halite/internal/target/target.go:81.21,82.22 1 1
github.com/edlitmus/halite/internal/target/target.go:83.24,84.25 1 1
github.com/edlitmus/halite/internal/target/target.go:85.23,86.24 1 1
github.com/edlitmus/halite/internal/target/target.go:88.2,88.20 1 1
github.com/edlitmus/halite/internal/target/target.go:116.32,117.15 1 1
github.com/edlitmus/halite/internal/target/target.go:117.15,119.3 1 0
github.com/edlitmus/halite/internal/target/target.go:120.2,120.63 1 1
github.com/edlitmus/halite/internal/target/target.go:135.75,137.14 2 1
github.com/edlitmus/halite/internal/target/target.go:138.16,141.17 3 1
github.com/edlitmus/halite/internal/target/target.go:141.17,143.4 1 1
github.com/edlitmus/halite/internal/target/target.go:144.3,145.16 2 1
github.com/edlitmus/halite/internal/target/target.go:147.17,149.17 2 1
github.com/edlitmus/halite/internal/target/target.go:149.17,151.4 1 1
github.com/edlitmus/halite/internal/target/target.go:152.3,154.17 3 1
github.com/edlitmus/halite/internal/target/target.go:154.17,156.4 1 0
github.com/edlitmus/halite/internal/target/target.go:157.3,158.16 2 1
github.com/edlitmus/halite/internal/target/target.go:160.10,162.17 2 1
github.com/edlitmus/halite/internal/target/target.go:162.17,164.4 1 1
github.com/edlitmus/halite/internal/target/target.go:165.3,166.16 2 1
github.com/edlitmus/halite/internal/target/target.go:172.68,173.25 1 1
github.com/edlitmus/halite/internal/target/target.go:173.25,175.3 1 1
github.com/edlitmus/halite/internal/target/target.go:176.2,176.36 1 1
github.com/edlitmus/halite/internal/target/target.go:180.38,181.37 1 1
github.com/edlitmus/halite/internal/target/target.go:181.37,183.3 1 0
github.com/edlitmus/halite/internal/target/target.go:184.2,184.44 1 1
github.com/edlitmus/halite/internal/target/target.go:184.44,185.15 1 1
github.com/edlitmus/halite/internal/target/target.go:186.27,187.15 1 0
github.com/edlitmus/halite/internal/target/target.go:189.3,189.43 1 1
github.com/edlitmus/halite/internal/target/target.go:189.43,190.42 1 1
github.com/edlitmus/halite/internal/target/target.go:190.42,192.5 1 1
github.com/edlitmus/halite/internal/target/target.go:195.2,195.14 1 1
github.com/edlitmus/halite/internal/target/target.go:199.38,200.18 1 1
github.com/edlitmus/halite/internal/target/target.go:200.18,202.3 1 0
github.com/edlitmus/halite/internal/target/target.go:203.2,203.23 1 1
github.com/edlitmus/halite/internal/target/target.go:207.33,207.50 1 0
github.com/edlitmus/halite/internal/target/target.go:211.97,213.22 2 1
github.com/edlitmus/halite/internal/target/target.go:213.22,215.3 1 1
github.com/edlitmus/halite/internal/target/target.go:216.2,216.25 1 1
github.com/edlitmus/halite/internal/target/target.go:216.25,217.16 1 1
github.com/edlitmus/halite/internal/target/target.go:217.16,222.4 1 1
github.com/edlitmus/halite/internal/target/target.go:224.2,225.9 2 1
github.com/edlitmus/halite/internal/target/target.go:225.9,227.3 1 1
github.com/edlitmus/halite/internal/target/target.go:229.2,231.33 3 1
github.com/edlitmus/halite/internal/target/target.go:231.33,232.41 1 1
github.com/edlitmus/halite/internal/target/target.go:232.41,234.12 2 1
github.com/edlitmus/halite/internal/target/target.go:236.3,237.75 2 1
github.com/edlitmus/halite/internal/target/target.go:237.75,239.4 1 1
github.com/edlitmus/halite/internal/target/target.go:240.3,241.17 2 1
github.com/edlitmus/halite/internal/target/target.go:241.17,243.4 1 1
github.com/edlitmus/halite/internal/target/target.go:244.3,245.12 2 1
github.com/edlitmus/halite/internal/target/target.go:247.2,247.26 1 1
github.com/edlitmus/halite/internal/target/target.go:253.50,255.27 2 1
github.com/edlitmus/halite/internal/target/target.go:255.27,257.3 1 1
github.com/edlitmus/halite/internal/target/target.go:258.2,259.29 2 1
github.com/edlitmus/halite/internal/target/target.go:259.29,261.17 2 1
github.com/edlitmus/halite/internal/target/target.go:261.17,263.4 1 1
github.com/edlitmus/halite/internal/target/target.go:264.3,265.38 2 1
github.com/edlitmus/halite/internal/target/target.go:265.38,267.4 1 0
github.com/edlitmus/halite/internal/target/target.go:269.2,269.12 1 1
github.com/edlitmus/halite/internal/target/target.go:272.30,273.30 1 1
github.com/edlitmus/halite/internal/target/target.go:273.30,274.43 1 1
github.com/edlitmus/halite/internal/target/target.go:274.43,276.4 1 1
github.com/edlitmus/halite/internal/target/target.go:286.38,286.53 1 1
github.com/edlitmus/halite/internal/target/target.go:288.56,289.14 1 1
github.com/edlitmus/halite/internal/target/target.go:290.12,291.37 1 1
github.com/edlitmus/halite/internal/target/target.go:291.37,291.69 1 1
github.com/edlitmus/halite/internal/target/target.go:293.12,295.47 2 1
github.com/edlitmus/halite/internal/target/target.go:295.47,296.44 1 1
github.com/edlitmus/halite/internal/target/target.go:296.44,298.5 1 1
github.com/edlitmus/halite/internal/target/target.go:300.3,300.37 1 1
github.com/edlitmus/halite/internal/target/target.go:300.37,300.57 1 1
github.com/edlitmus/halite/internal/target/target.go:302.13,304.17 2 1
github.com/edlitmus/halite/internal/target/target.go:304.17,306.4 1 1
github.com/edlitmus/halite/internal/target/target.go:307.3,307.37 1 1
github.com/edlitmus/halite/internal/target/target.go:307.37,307.68 1 1
github.com/edlitmus/halite/internal/target/target.go:309.21,311.17 2 1
github.com/edlitmus/halite/internal/target/target.go:311.17,313.4 1 0
github.com/edlitmus/halite/internal/target/target.go:314.3,315.21 2 1
github.com/edlitmus/halite/internal/target/target.go:315.21,317.4 1 1
github.com/edlitmus/halite/internal/target/target.go:318.3,318.37 1 1
github.com/edlitmus/halite/internal/target/target.go:318.37,320.11 2 1
github.com/edlitmus/halite/internal/target/target.go:320.11,322.5 1 1
github.com/edlitmus/halite/internal/target/target.go:323.4,323.52 1 1
github.com/edlitmus/halite/internal/target/target.go:323.52,323.84 1 1
github.com/edlitmus/halite/internal/target/target.go:326.31,328.17 2 1
github.com/edlitmus/halite/internal/target/target.go:328.17,330.4 1 0
github.com/edlitmus/halite/internal/target/target.go:331.3,332.17 2 1
github.com/edlitmus/halite/internal/target/target.go:332.17,334.4 1 0
github.com/edlitmus/halite/internal/target/target.go:335.3,336.26 2 1
github.com/edlitmus/halite/internal/target/target.go:336.26,338.4 1 1
github.com/edlitmus/halite/internal/target/target.go:339.3,339.37 1 1
github.com/edlitmus/halite/internal/target/target.go:339.37,341.11 2 1
github.com/edlitmus/halite/internal/target/target.go:341.11,343.5 1 0
github.com/edlitmus/halite/internal/target/target.go:344.4,344.47 1 1
github.com/edlitmus/halite/internal/target/target.go:347.14,348.29 1 1
github.com/edlitmus/halite/internal/target/target.go:350.2,350.64 1 0
github.com/edlitmus/halite/internal/target/target.go:353.29,354.21 1 1
github.com/edlitmus/halite/internal/target/target.go:354.21,356.3 1 0
github.com/edlitmus/halite/internal/target/target.go:357.2,357.17 1 1
github.com/edlitmus/halite/internal/target/target.go:360.29,361.21 1 1
github.com/edlitmus/halite/internal/target/target.go:361.21,363.3 1 0
github.com/edlitmus/halite/internal/target/target.go:364.2,364.17 1 1
github.com/edlitmus/halite/internal/target/target.go:369.66,371.11 2 1
github.com/edlitmus/halite/internal/target/target.go:371.11,373.3 1 1
github.com/edlitmus/halite/internal/target/target.go:374.2,375.15 2 1
github.com/edlitmus/halite/internal/target/target.go:375.15,377.3 1 0
github.com/edlitmus/halite/internal/target/target.go:378.2,378.26 1 1
github.com/edlitmus/halite/internal/target/target.go:384.60,385.23 1 1
github.com/edlitmus/halite/internal/target/target.go:386.13,387.26 1 1
github.com/edlitmus/halite/internal/target/target.go:387.26,388.35 1 1
github.com/edlitmus/halite/internal/target/target.go:388.35,390.5 1 1
github.com/edlitmus/halite/internal/target/target.go:392.3,392.15 1 1
github.com/edlitmus/halite/internal/target/target.go:393.18,394.15 1 0
github.com/edlitmus/halite/internal/target/target.go:395.10,396.34 1 1
github.com/edlitmus/halite/internal/target/target.go:402.40,403.20 1 1
github.com/edlitmus/halite/internal/target/target.go:403.20,405.3 1 1
github.com/edlitmus/halite/internal/target/target.go:406.2,407.16 2 1
github.com/edlitmus/halite/internal/target/target.go:407.16,410.3 1 0
github.com/edlitmus/halite/internal/target/target.go:411.2,411.11 1 1
github.com/edlitmus/halite/internal/target/target.go:416.47,417.56 1 1
github.com/edlitmus/halite/internal/target/target.go:417.56,419.37 2 1
github.com/edlitmus/halite/internal/target/target.go:419.37,420.49 1 1
github.com/edlitmus/halite/internal/target/target.go:420.49,420.73 1 1
github.com/edlitmus/halite/internal/target/target.go:423.2,424.16 2 1
github.com/edlitmus/halite/internal/target/target.go:424.16,426.3 1 1
github.com/edlitmus/halite/internal/target/target.go:427.2,427.36 1 1
github.com/edlitmus/halite/internal/target/target.go:427.36,428.48 1 1
github.com/edlitmus/halite/internal/target/target.go:428.48,428.68 1 1
github.com/edlitmus/halite/internal/target/target.go:432.58,433.21 1 1
github.com/edlitmus/halite/internal/target/target.go:433.21,435.3 1 0
github.com/edlitmus/halite/internal/target/target.go:436.2,436.47 1 1
github.com/edlitmus/halite/internal/target/target.go:436.47,438.10 2 1
github.com/edlitmus/halite/internal/target/target.go:438.10,439.12 1 0
github.com/edlitmus/halite/internal/target/target.go:441.3,442.10 2 1
github.com/edlitmus/halite/internal/target/target.go:442.10,443.12 1 0
github.com/edlitmus/halite/internal/target/target.go:445.3,445.29 1 1
github.com/edlitmus/halite/internal/target/target.go:445.29,447.11 2 1
github.com/edlitmus/halite/internal/target/target.go:447.11,448.13 1 0
github.com/edlitmus/halite/internal/target/target.go:450.4,451.18 2 1
github.com/edlitmus/halite/internal/target/target.go:451.18,452.13 1 0
github.com/edlitmus/halite/internal/target/target.go:454.4,454.23 1 1
github.com/edlitmus/halite/internal/target/target.go:454.23,456.5 1 1
github.com/edlitmus/halite/internal/target/target.go:459.2,459.14 1 1
github.com/edlitmus/halite/internal/migrate/migrate.go:84.34,86.16 2 0
github.com/edlitmus/halite/internal/migrate/migrate.go:86.16,88.3 1 0
github.com/edlitmus/halite/internal/migrate/migrate.go:89.2,90.20 2 0
github.com/edlitmus/halite/internal/migrate/migrate.go:90.20,92.3 1 0
github.com/edlitmus/halite/internal/migrate/migrate.go:93.2,93.10 1 0
github.com/edlitmus/halite/internal/migrate/migrate.go:145.41,146.21 1 1
github.com/edlitmus/halite/internal/migrate/migrate.go:146.21,148.3 1 0
github.com/edlitmus/halite/internal/migrate/migrate.go:149.2,155.23 3 1
github.com/edlitmus/halite/internal/migrate/migrate.go:155.23,157.3 1 1
github.com/edlitmus/halite/internal/migrate/migrate.go:159.2,159.72 1 1
github.com/edlitmus/halite/internal/migrate/migrate.go:159.72,161.3 1 0
github.com/edlitmus/halite/internal/migrate/migrate.go:162.2,162.59 1 1
github.com/edlitmus/halite/internal/migrate/migrate.go:162.59,163.78 1 1
github.com/edlitmus/halite/internal/migrate/migrate.go:163.78,165.4 1 0
github.com/edlitmus/halite/internal/migrate/migrate.go:167.2,167.38 1 1
github.com/edlitmus/halite/internal/migrate/migrate.go:167.38,169.3 1 1
github.com/edlitmus/halite/internal/migrate/migrate.go:171.2,171.53 1 1
github.com/edlitmus/halite/internal/migrate/migrate.go:171.53,173.23 2 1
github.com/edlitmus/halite/internal/migrate/migrate.go:173.23,175.4 1 1
github.com/edlitmus/halite/internal/migrate/migrate.go:176.3,176.25 1 1
github.com/edlitmus/halite/internal/migrate/migrate.go:178.2,178.17 1 1
github.com/edlitmus/halite/internal/migrate/migrate.go:181.95,182.82 1 1
github.com/edlitmus/halite/internal/migrate/migrate.go:182.82,183.17 1 1
github.com/edlitmus/halite/internal/migrate/migrate.go:183.17,185.4 1 0
github.com/edlitmus/halite/internal/migrate/migrate.go:186.3,189.16 3 1
github.com/edlitmus/halite/internal/migrate/migrate.go:189.16,191.40 2 1
github.com/edlitmus/halite/internal/migrate/migrate.go:191.40,192.19 1 1
github.com/edlitmus/halite/internal/migrate/migrate.go:192.19,195.6 2 1
github.com/edlitmus/halite/internal/migrate/migrate.go:197.4,197.14 1 1
github.com/edlitmus/halite/internal/migrate/migrate.go:199.3,199.35 1 1
github.com/edlitmus/halite/internal/migrate/migrate.go:199.35,201.4 1 0
github.com/edlitmus/halite/internal/migrate/migrate.go:203.3,204.17 2 1
github.com/edlitmus/halite/internal/migrate/migrate.go:204.17,206.4 1 0
github.com/edlitmus/halite/internal/migrate/migrate.go:207.3,207.15 1 1
github.com/edlitmus/halite/internal/migrate/migrate.go:207.15,209.4 1 1
github.com/edlitmus/halite/internal/migrate/migrate.go:209.9,211.4 1 1
github.com/edlitmus/halite/internal/migrate/migrate.go:212.3,213.13 2 1
github.com/edlitmus/halite/internal/migrate/migrate.go:217.64,220.16 3 1
github.com/edlitmus/halite/internal/migrate/migrate.go:220.16,222.3 1 0
github.com/edlitmus/halite/internal/migrate/migrate.go:223.2,224.28 2 1
github.com/edlitmus/halite/internal/migrate/migrate.go:224.28,225.51 1 1
github.com/edlitmus/halite/internal/migrate/migrate.go:225.51,226.12 1 0
github.com/edlitmus/halite/internal/migrate/migrate.go:228.3,236.5 1 1
github.com/edlitmus/halite/internal/migrate/migrate.go:242.99,247.31 4 1
github.com/edlitmus/halite/internal/migrate/migrate.go:247.31,249.10 2 1
github.com/edlitmus/halite/internal/migrate/migrate.go:250.15,255.6 1 0
github.com/edlitmus/halite/internal/migrate/migrate.go:256.43,261.6 1 1
github.com/edlitmus/halite/internal/migrate/migrate.go:262.39,267.6 1 0
github.com/edlitmus/halite/internal/migrate/migrate.go:271.2,273.51 3 1
github.com/edlitmus/halite/internal/migrate/migrate.go:273.51,275.3 1 1
github.com/edlitmus/halite/internal/migrate/migrate.go:281.65,284.16 3 1
github.com/edlitmus/halite/internal/migrate/migrate.go:284.16,287.9 3 0
github.com/edlitmus/halite/internal/migrate/migrate.go:287.9,289.4 1 0
github.com/edlitmus/halite/internal/migrate/migrate.go:290.3,291.9 2 0
github.com/edlitmus/halite/internal/migrate/migrate.go:294.2,294.44 1 1
github.com/edlitmus/halite/internal/migrate/migrate.go:294.44,296.3 1 1
github.com/edlitmus/halite/internal/migrate/migrate.go:300.72,301.23 1 1
github.com/edlitmus/halite/internal/migrate/migrate.go:302.26,305.9 2 1
github.com/edlitmus/halite/internal/migrate/migrate.go:305.9,307.4 1 1
github.com/edlitmus/halite/internal/migrate/migrate.go:308.26,309.39 1 0
github.com/edlitmus/halite/internal/migrate/migrate.go:309.39,311.4 1 0
github.com/edlitmus/halite/internal/migrate/migrate.go:312.28,313.64 1 1
github.com/edlitmus/halite/internal/migrate/migrate.go:313.64,315.4 1 0
github.com/edlitmus/halite/internal/migrate/migrate.go:316.3,316.28 1 1
github.com/edlitmus/halite/internal/migrate/migrate.go:316.28,318.11 2 1
github.com/edlitmus/halite/internal/migrate/migrate.go:318.11,319.13 1 0
github.com/edlitmus/halite/internal/migrate/migrate.go:321.4,322.11 2 1
github.com/edlitmus/halite/internal/migrate/migrate.go:322.11,323.13 1 0
github.com/edlitmus/halite/internal/migrate/migrate.go:325.4,325.55 1 1
github.com/edlitmus/halite/internal/migrate/migrate.go:325.55,332.5 1 1
github.com/edlitmus/halite/internal/migrate/migrate.go:337.74,339.26 2 1
github.com/edlitmus/halite/internal/migrate/migrate.go:339.26,341.3 1 0
github.com/edlitmus/halite/internal/migrate/migrate.go:342.2,342.29 1 1
github.com/edlitmus/halite/internal/migrate/migrate.go:342.29,344.3 1 0
github.com/edlitmus/halite/internal/migrate/migrate.go:345.2,349.4 1 1
github.com/edlitmus/halite/internal/migrate/migrate.go:353.60,355.32 2 1
github.com/edlitmus/halite/internal/migrate/migrate.go:355.32,357.3 1 1
github.com/edlitmus/halite/internal/migrate/migrate.go:358.2,359.9 2 1
github.com/edlitmus/halite/internal/migrate/migrate.go:359.9,361.3 1 0
github.com/edlitmus/halite/internal/migrate/migrate.go:362.2,363.38 2 1
github.com/edlitmus/halite/internal/migrate/migrate.go:363.38,365.3 1 0
github.com/edlitmus/halite/internal/migrate/migrate.go:366.2,366.16 1 1
github.com/edlitmus/halite/internal/migrate/migrate.go:370.57,372.9 2 0
github.com/edlitmus/halite/internal/migrate/migrate.go:372.9,374.3 1 0
github.com/edlitmus/halite/internal/migrate/migrate.go:375.2,376.32 2 0
github.com/edlitmus/halite/internal/migrate/migrate.go:376.32,378.3 1 0
github.com/edlitmus/halite/internal/migrate/migrate.go:379.2,379.38 1 0
github.com/edlitmus/halite/internal/migrate/migrate.go:384.51,390.26 5 1
github.com/edlitmus/halite/internal/migrate/migrate.go:390.26,392.17 2 1
github.com/edlitmus/halite/internal/migrate/migrate.go:393.30,397.101 2 1
github.com/edlitmus/halite/internal/migrate/migrate.go:398.24,399.113 1 1
github.com/edlitmus/halite/internal/migrate/migrate.go:400.31,401.97 1 1
github.com/edlitmus/halite/internal/migrate/migrate.go:402.29,403.116 1 0
github.com/edlitmus/halite/internal/migrate/migrate.go:405.3,410.5 1 1
github.com/edlitmus/halite/internal/migrate/migrate.go:412.2,412.16 1 1
github.com/edlitmus/halite/internal/migrate/migrate.go:412.16,414.3 1 1
github.com/edlitmus/halite/internal/migrate/migrate.go:415.2,417.8 3 0
github.com/edlitmus/halite/internal/migrate/migrate.go:417.8,419.50 2 0
github.com/edlitmus/halite/internal/migrate/migrate.go:419.50,421.4 1 0
github.com/edlitmus/halite/internal/migrate/migrate.go:425.2,425.34 1 0
github.com/edlitmus/halite/internal/migrate/migrate.go:425.34,427.3 1 0
github.com/edlitmus/halite/internal/migrate/migrate.go:428.2,428.40 1 0
github.com/edlitmus/halite/internal/migrate/migrate.go:431.44,435.4 1 0
github.com/edlitmus/halite/internal/migrate/migrate.go:435.4,436.31 1 0
github.com/edlitmus/halite/internal/migrate/migrate.go:436.31,438.4 1 0
github.com/edlitmus/halite/internal/migrate/migrate.go:440.2,440.14 1 0
github.com/edlitmus/halite/internal/migrate/migrate.go:446.41,448.30 2 1
github.com/edlitmus/halite/internal/migrate/migrate.go:448.30,449.46 1 1
github.com/edlitmus/halite/internal/migrate/migrate.go:449.46,450.22 1 1
github.com/edlitmus/halite/internal/migrate/migrate.go:450.22,452.5 1 1
github.com/edlitmus/halite/internal/migrate/migrate.go:455.2,455.32 1 1
github.com/edlitmus/halite/internal/migrate/migrate.go:455.32,457.10 2 1
github.com/edlitmus/halite/internal/migrate/migrate.go:458.41,459.19 1 1
github.com/edlitmus/halite/internal/migrate/migrate.go:460.41,461.19 1 1
github.com/edlitmus/halite/internal/migrate/migrate.go:462.41,463.19 1 0
github.com/edlitmus/halite/internal/migrate/migrate.go:464.11,465.12 1 1
github.com/edlitmus/halite/internal/migrate/migrate.go:467.3,468.14 2 1
github.com/edlitmus/halite/internal/migrate/migrate.go:468.14,470.9 2 0
github.com/edlitmus/halite/internal/migrate/migrate.go:472.3,473.31 2 1
github.com/edlitmus/halite/internal/migrate/migrate.go:475.2,475.20 1 1
github.com/edlitmus/halite/internal/migrate/migrate.go:481.70,484.16 3 1
github.com/edlitmus/halite/internal/migrate/migrate.go:484.16,486.3 1 0
github.com/edlitmus/halite/internal/migrate/migrate.go:487.2,488.9 2 1
github.com/edlitmus/halite/internal/migrate/migrate.go:488.9,490.3 1 0
github.com/edlitmus/halite/internal/migrate/migrate.go:491.2,492.28 2 1
github.com/edlitmus/halite/internal/migrate/migrate.go:492.28,494.3 1 1
github.com/edlitmus/halite/internal/migrate/migrate.go:496.2,496.41 1 1
github.com/edlitmus/halite/internal/migrate/migrate.go:496.41,498.10 2 1
github.com/edlitmus/halite/internal/migrate/migrate.go:498.10,499.12 1 0
github.com/edlitmus/halite/internal/migrate/migrate.go:501.3,501.41 1 1
github.com/edlitmus/halite/internal/migrate/migrate.go:501.41,504.43 3 1
github.com/edlitmus/halite/internal/migrate/migrate.go:504.43,505.13 1 1
github.com/edlitmus/halite/internal/migrate/migrate.go:507.4,512.6 1 1
github.com/edlitmus/halite/internal/migrate/migrate.go:519.50,520.46 1 1
github.com/edlitmus/halite/internal/migrate/migrate.go:520.46,522.12 2 1
github.com/edlitmus/halite/internal/migrate/migrate.go:522.12,523.12 1 1
github.com/edlitmus/halite/internal/migrate/migrate.go:525.3,526.46 2 1
github.com/edlitmus/halite/internal/migrate/migrate.go:526.46,528.4 1 1
github.com/edlitmus/halite/internal/migrate/migrate.go:529.3,529.46 1 0
github.com/edlitmus/halite/internal/migrate/migrate.go:529.46,531.4 1 0
github.com/edlitmus/halite/internal/migrate/migrate.go:532.3,532.20 1 0
github.com/edlitmus/halite/internal/migrate/migrate.go:534.2,534.18 1 1
github.com/edlitmus/halite/internal/migrate/migrate.go:537.44,540.71 3 1
github.com/edlitmus/halite/internal/migrate/migrate.go:540.71,542.3 1 0
github.com/edlitmus/halite/internal/migrate/migrate.go:543.2,544.16 2 1
github.com/edlitmus/halite/internal/migrate/migrate.go:544.16,550.3 2 0
github.com/edlitmus/halite/internal/migrate/migrate.go:551.2,551.40 1 1
github.com/edlitmus/halite/internal/migrate/migrate.go:551.40,555.27 4 1
github.com/edlitmus/halite/internal/migrate/migrate.go:555.27,558.4 2 0
github.com/edlitmus/halite/internal/migrate/migrate.go:559.3,563.5 1 1
github.com/edlitmus/halite/internal/migrate/migrate.go:565.2,565.37 1 1
github.com/edlitmus/halite/internal/migrate/migrate.go:565.37,571.3 1 1
github.com/edlitmus/halite/internal/migrate/migrate.go:572.2,572.37 1 1
github.com/edlitmus/halite/internal/migrate/migrate.go:572.37,578.3 1 1
github.com/edlitmus/halite/internal/migrate/migrate.go:582.66,584.35 2 1
github.com/edlitmus/halite/internal/migrate/migrate.go:584.35,585.15 1 1
github.com/edlitmus/halite/internal/migrate/migrate.go:585.15,587.4 1 1
github.com/edlitmus/halite/internal/migrate/migrate.go:588.3,589.24 2 1
github.com/edlitmus/halite/internal/migrate/migrate.go:590.27,591.19 1 0
github.com/edlitmus/halite/internal/migrate/migrate.go:592.27,594.21 2 1
github.com/edlitmus/halite/internal/migrate/migrate.go:595.28,599.20 4 0
github.com/edlitmus/halite/internal/migrate/migrate.go:600.27,602.29 2 1
github.com/edlitmus/halite/internal/migrate/migrate.go:602.29,604.5 1 0
github.com/edlitmus/halite/internal/migrate/migrate.go:605.4,605.32 1 1
github.com/edlitmus/halite/internal/migrate/migrate.go:605.32,607.5 1 0
github.com/edlitmus/halite/internal/migrate/migrate.go:608.4,609.22 2 1
github.com/edlitmus/halite/internal/migrate/migrate.go:610.29,612.29 2 1
github.com/edlitmus/halite/internal/migrate/migrate.go:612.29,614.5 1 1
github.com/edlitmus/halite/internal/migrate/migrate.go:615.4,615.32 1 1
github.com/edlitmus/halite/internal/migrate/migrate.go:615.32,617.5 1 0
github.com/edlitmus/halite/internal/migrate/migrate.go:618.27,620.29 2 0
github.com/edlitmus/halite/internal/migrate/migrate.go:620.29,622.5 1 0
github.com/edlitmus/halite/internal/migrate/migrate.go:623.29,625.17 2 0
github.com/edlitmus/halite/internal/migrate/migrate.go:626.28,627.17 1 0
github.com/edlitmus/halite/internal/migrate/migrate.go:628.27,631.21 3 0
github.com/edlitmus/halite/internal/migrate/migrate.go:632.27,633.30 1 0
github.com/edlitmus/halite/internal/migrate/migrate.go:633.30,635.5 1 0
github.com/edlitmus/halite/internal/migrate/migrate.go:636.28,637.30 1 0
github.com/edlitmus/halite/internal/migrate/migrate.go:637.30,639.5 1 0
github.com/edlitmus/halite/internal/migrate/migrate.go:640.27,641.26 1 0
github.com/edlitmus/halite/internal/migrate/migrate.go:641.26,644.5 2 0
github.com/edlitmus/halite/internal/migrate/migrate.go:648.2,649.39 2 1
github.com/edlitmus/halite/internal/migrate/migrate.go:649.39,650.24 1 1
github.com/edlitmus/halite/internal/migrate/migrate.go:650.24,651.25 1 1
github.com/edlitmus/halite/internal/migrate/migrate.go:652.30,653.21 1 1
github.com/edlitmus/halite/internal/migrate/migrate.go:654.26,655.31 1 0
github.com/edlitmus/halite/internal/migrate/migrate.go:655.31,657.6 1 0
github.com/edlitmus/halite/internal/migrate/migrate.go:658.5,658.32 1 0
github.com/edlitmus/halite/internal/migrate/migrate.go:658.32,660.6 1 0
github.com/edlitmus/halite/internal/migrate/migrate.go:661.5,661.22 1 0
github.com/edlitmus/halite/internal/migrate/migrate.go:662.27,666.22 4 0
github.com/edlitmus/halite/internal/migrate/migrate.go:667.27,670.22 3 1
github.com/edlitmus/halite/internal/migrate/migrate.go:671.29,672.32 1 0
github.com/edlitmus/halite/internal/migrate/migrate.go:672.32,674.6 1 0
github.com/edlitmus/halite/internal/migrate/migrate.go:675.5,675.22 1 0
github.com/edlitmus/halite/internal/migrate/migrate.go:676.28,678.22 2 0
github.com/edlitmus/halite/internal/migrate/migrate.go:679.31,680.21 1 0
github.com/edlitmus/halite/internal/migrate/migrate.go:681.30,682.21 1 0
github.com/edlitmus/halite/internal/migrate/migrate.go:683.34,684.21 1 0
github.com/edlitmus/halite/internal/migrate/migrate.go:685.31,686.21 1 0
github.com/edlitmus/halite/internal/migrate/migrate.go:687.29,688.22 1 0
github.com/edlitmus/halite/internal/migrate/migrate.go:689.30,691.22 2 0
github.com/edlitmus/halite/internal/migrate/migrate.go:692.26,693.21 1 0
github.com/edlitmus/halite/internal/migrate/migrate.go:694.28,695.32 1 0
github.com/edlitmus/halite/internal/migrate/migrate.go:695.32,697.6 1 0
github.com/edlitmus/halite/internal/migrate/migrate.go:698.5,698.22 1 0
github.com/edlitmus/halite/internal/migrate/migrate.go:699.34,700.22 1 0
github.com/edlitmus/halite/internal/migrate/migrate.go:704.2,704.18 1 1
github.com/edlitmus/halite/internal/migrate/report.go:22.33,27.31 2 1
github.com/edlitmus/halite/internal/migrate/report.go:27.31,31.29 4 1
github.com/edlitmus/halite/internal/migrate/report.go:31.29,33.4 1 1
github.com/edlitmus/halite/internal/migrate/report.go:35.2,35.10 1 1
github.com/edlitmus/halite/internal/migrate/report.go:40.31,40.65 1 1
github.com/edlitmus/halite/internal/migrate/report.go:43.35,51.47 6 1
github.com/edlitmus/halite/internal/migrate/report.go:51.47,53.3 1 1
github.com/edlitmus/halite/internal/migrate/report.go:55.2,55.24 1 1
github.com/edlitmus/halite/internal/migrate/report.go:55.24,57.46 2 1
github.com/edlitmus/halite/internal/migrate/report.go:57.46,59.4 1 1
github.com/edlitmus/halite/internal/migrate/report.go:62.2,62.30 1 1
github.com/edlitmus/halite/internal/migrate/report.go:62.30,64.37 2 1
github.com/edlitmus/halite/internal/migrate/report.go:64.37,66.4 1 1
github.com/edlitmus/halite/internal/migrate/report.go:69.2,69.23 1 1
github.com/edlitmus/halite/internal/migrate/report.go:69.23,72.3 2 1
github.com/edlitmus/halite/internal/migrate/report.go:74.2,75.57 2 1
github.com/edlitmus/halite/internal/migrate/report.go:75.57,77.32 2 1
github.com/edlitmus/halite/internal/migrate/report.go:77.32,78.25 1 1
github.com/edlitmus/halite/internal/migrate/report.go:78.25,79.13 1 1
github.com/edlitmus/halite/internal/migrate/report.go:81.4,81.13 1 1
github.com/edlitmus/halite/internal/migrate/report.go:81.13,84.5 2 1
github.com/edlitmus/halite/internal/migrate/report.go:85.4,86.18 2 1
github.com/edlitmus/halite/internal/migrate/report.go:86.18,88.5 1 1
github.com/edlitmus/halite/internal/migrate/report.go:89.4,90.22 2 1
github.com/edlitmus/halite/internal/migrate/report.go:90.22,92.5 1 1
github.com/edlitmus/halite/internal/migrate/report.go:96.2,97.60 2 1
github.com/edlitmus/halite/internal/migrate/report.go:97.60,99.3 1 1
github.com/edlitmus/halite/internal/migrate/report.go:100.2,103.26 3 1
github.com/edlitmus/halite/internal/migrate/report.go:103.26,105.3 1 0
github.com/edlitmus/halite/internal/migrate/report.go:106.2,106.19 1 1
github.com/edlitmus/halite/internal/migrate/report.go:111.36,113.31 2 1
github.com/edlitmus/halite/internal/migrate/report.go:113.31,119.17 2 1
github.com/edlitmus/halite/internal/migrate/report.go:119.17,121.4 1 1
github.com/edlitmus/halite/internal/migrate/report.go:122.3,122.16 1 1
github.com/edlitmus/halite/internal/migrate/report.go:122.16,124.4 1 1
github.com/edlitmus/halite/internal/migrate/report.go:125.3,125.22 1 1
github.com/edlitmus/halite/internal/migrate/report.go:125.22,127.4 1 1
github.com/edlitmus/halite/internal/migrate/report.go:128.3,129.21 2 1
github.com/edlitmus/halite/internal/migrate/report.go:129.21,131.4 1 1
github.com/edlitmus/halite/internal/migrate/report.go:132.3,132.33 1 1
github.com/edlitmus/halite/internal/migrate/report.go:135.2,136.44 2 1
github.com/edlitmus/halite/internal/migrate/report.go:136.44,138.3 1 1
github.com/edlitmus/halite/internal/migrate/report.go:139.2,140.42 2 1
github.com/edlitmus/halite/internal/migrate/report.go:140.42,142.3 1 1
github.com/edlitmus/halite/internal/migrate/report.go:143.2,144.36 2 1
github.com/edlitmus/halite/internal/migrate/report.go:144.36,146.3 1 1
github.com/edlitmus/halite/internal/migrate/report.go:148.2,150.58 3 1
github.com/edlitmus/halite/internal/migrate/report.go:150.58,152.3 1 1
github.com/edlitmus/halite/internal/migrate/report.go:153.2,154.57 2 1
github.com/edlitmus/halite/internal/migrate/report.go:154.57,156.3 1 1
github.com/edlitmus/halite/internal/migrate/report.go:158.2,174.3 1 1
github.com/edlitmus/halite/internal/migrate/report.go:177.44,179.19 2 1
github.com/edlitmus/halite/internal/migrate/report.go:179.19,181.3 1 1
github.com/edlitmus/halite/internal/migrate/report.go:182.2,183.12 2 1
github.com/edlitmus/halite/internal/migrate/report.go:186.56,188.19 2 1
github.com/edlitmus/halite/internal/migrate/report.go:188.19,190.3 1 1
github.com/edlitmus/halite/internal/migrate/report.go:191.2,191.38 1 1
github.com/edlitmus/halite/internal/migrate/report.go:191.38,191.64 1 1
github.com/edlitmus/halite/internal/migrate/report.go:192.2,192.12 1 1
github.com/edlitmus/halite/internal/state/compile.go:99.32,99.56 1 1
github.com/edlitmus/halite/internal/state/compile.go:101.33,102.24 1 1
github.com/edlitmus/halite/internal/state/compile.go:102.24,104.3 1 0
github.com/edlitmus/halite/internal/state/compile.go:105.2,105.15 1 1
github.com/edlitmus/halite/internal/state/compile.go:110.57,115.2 4 1
github.com/edlitmus/halite/internal/state/compile.go:119.49,123.45 4 1
github.com/edlitmus/halite/internal/state/compile.go:123.45,125.3 1 1
github.com/edlitmus/halite/internal/state/compile.go:126.2,127.12 2 1
github.com/edlitmus/halite/internal/state/compile.go:130.52,132.19 2 1
github.com/edlitmus/halite/internal/state/compile.go:132.19,134.3 1 1
github.com/edlitmus/halite/internal/state/compile.go:135.2,138.24 2 1
github.com/edlitmus/halite/internal/state/compile.go:138.24,139.28 1 1
github.com/edlitmus/halite/internal/state/compile.go:139.28,141.9 2 0
github.com/edlitmus/halite/internal/state/compile.go:144.2,144.12 1 1
github.com/edlitmus/halite/internal/state/compile.go:148.76,153.29 4 1
github.com/edlitmus/halite/internal/state/compile.go:153.29,155.3 1 1
github.com/edlitmus/halite/internal/state/compile.go:157.2,158.32 2 1
github.com/edlitmus/halite/internal/state/compile.go:171.149,183.26 2 1
github.com/edlitmus/halite/internal/state/compile.go:183.26,184.15 1 1
github.com/edlitmus/halite/internal/state/compile.go:184.15,189.4 3 1
github.com/edlitmus/halite/internal/state/compile.go:191.2,191.15 1 1
github.com/edlitmus/halite/internal/state/compile.go:191.15,193.3 1 0
github.com/edlitmus/halite/internal/state/compile.go:194.2,194.25 1 1
github.com/edlitmus/halite/internal/state/compile.go:194.25,198.3 2 1
github.com/edlitmus/halite/internal/state/compile.go:199.2,202.16 3 1
github.com/edlitmus/halite/internal/state/compile.go:202.16,203.34 1 0
github.com/edlitmus/halite/internal/state/compile.go:203.34,207.4 2 0
github.com/edlitmus/halite/internal/state/compile.go:208.3,209.9 2 0
github.com/edlitmus/halite/internal/state/compile.go:212.2,214.16 3 1
github.com/edlitmus/halite/internal/state/compile.go:214.16,217.3 2 0
github.com/edlitmus/halite/internal/state/compile.go:219.2,225.39 3 1
github.com/edlitmus/halite/internal/state/compile.go:225.39,227.19 2 1
github.com/edlitmus/halite/internal/state/compile.go:227.19,229.4 1 0
github.com/edlitmus/halite/internal/state/compile.go:230.3,230.80 1 1
github.com/edlitmus/halite/internal/state/compile.go:233.2,233.34 1 1
github.com/edlitmus/halite/internal/state/compile.go:233.34,235.3 1 1
github.com/edlitmus/halite/internal/state/compile.go:236.2,236.28 1 1
github.com/edlitmus/halite/internal/state/compile.go:236.28,238.3 1 1
github.com/edlitmus/halite/internal/state/compile.go:239.2,239.52 1 1
github.com/edlitmus/halite/internal/state/compile.go:242.39,244.25 2 1
github.com/edlitmus/halite/internal/state/compile.go:244.25,245.41 1 1
github.com/edlitmus/halite/internal/state/compile.go:245.41,247.12 2 1
github.com/edlitmus/halite/internal/state/compile.go:249.3,249.13 1 0
github.com/edlitmus/halite/internal/state/compile.go:251.2,251.12 1 1
github.com/edlitmus/halite/internal/state/compile.go:254.76,271.2 1 1
github.com/edlitmus/halite/internal/state/compile.go:274.49,275.49 1 1
github.com/edlitmus/halite/internal/state/compile.go:275.49,276.28 1 1
github.com/edlitmus/halite/internal/state/compile.go:276.28,278.4 1 1
github.com/edlitmus/halite/internal/state/compile.go:280.2,280.39 1 1
github.com/edlitmus/halite/internal/state/compile.go:280.39,282.3 1 1
github.com/edlitmus/halite/internal/state/compile.go:283.2,283.50 1 0
github.com/edlitmus/halite/internal/state/compile.go:283.50,284.28 1 0
github.com/edlitmus/halite/internal/state/compile.go:284.28,286.4 1 0
github.com/edlitmus/halite/internal/state/compile.go:288.2,288.14 1 0
github.com/edlitmus/halite/internal/state/compile.go:291.37,294.2 2 1
github.com/edlitmus/halite/internal/state/compile.go:298.73,299.30 1 1
github.com/edlitmus/halite/internal/state/compile.go:299.30,300.37 1 1
github.com/edlitmus/halite/internal/state/compile.go:300.37,303.11 3 1
github.com/edlitmus/halite/internal/state/compile.go:303.11,306.13 2 1
github.com/edlitmus/halite/internal/state/compile.go:308.4,309.11 2 1
github.com/edlitmus/halite/internal/state/compile.go:309.11,312.13 2 0
github.com/edlitmus/halite/internal/state/compile.go:314.4,314.38 1 1
github.com/edlitmus/halite/internal/state/compile.go:314.38,316.5 1 1
github.com/edlitmus/halite/internal/state/compile.go:321.93,324.20 3 1
github.com/edlitmus/halite/internal/state/compile.go:324.20,326.3 1 0
github.com/edlitmus/halite/internal/state/compile.go:328.2,329.12 2 1
github.com/edlitmus/halite/internal/state/compile.go:329.12,335.3 2 1
github.com/edlitmus/halite/internal/state/compile.go:340.2,340.44 1 1
github.com/edlitmus/halite/internal/state/compile.go:340.44,343.11 3 1
github.com/edlitmus/halite/internal/state/compile.go:343.11,345.12 2 1
github.com/edlitmus/halite/internal/state/compile.go:347.3,349.29 3 1
github.com/edlitmus/halite/internal/state/compile.go:349.29,354.12 5 1
github.com/edlitmus/halite/internal/state/compile.go:356.3,356.60 1 0
github.com/edlitmus/halite/internal/state/compile.go:358.2,358.59 1 1
github.com/edlitmus/halite/internal/state/compile.go:362.72,363.24 1 1
github.com/edlitmus/halite/internal/state/compile.go:363.24,365.3 1 1
github.com/edlitmus/halite/internal/state/compile.go:366.2,366.30 1 1
github.com/edlitmus/halite/internal/state/compile.go:366.30,367.10 1 1
github.com/edlitmus/halite/internal/state/compile.go:368.21,369.39 1 1
github.com/edlitmus/halite/internal/state/compile.go:370.20,371.38 1 1
github.com/edlitmus/halite/internal/state/compile.go:375.2,377.35 3 1
github.com/edlitmus/halite/internal/state/compile.go:377.35,378.64 1 1
github.com/edlitmus/halite/internal/state/compile.go:378.64,379.12 1 1
github.com/edlitmus/halite/internal/state/compile.go:381.3,383.25 3 1
github.com/edlitmus/halite/internal/state/compile.go:385.2,386.24 2 1
github.com/edlitmus/halite/internal/state/compile.go:391.42,395.37 3 1
github.com/edlitmus/halite/internal/state/compile.go:395.37,397.3 1 1
github.com/edlitmus/halite/internal/state/compile.go:399.2,402.37 4 1
github.com/edlitmus/halite/internal/state/compile.go:408.60,420.37 3 1
github.com/edlitmus/halite/internal/state/compile.go:420.37,421.29 1 1
github.com/edlitmus/halite/internal/state/compile.go:421.29,422.39 1 1
github.com/edlitmus/halite/internal/state/compile.go:422.39,425.12 3 1
github.com/edlitmus/halite/internal/state/compile.go:425.12,426.14 1 1
github.com/edlitmus/halite/internal/state/compile.go:428.5,428.86 1 1
github.com/edlitmus/halite/internal/state/compile.go:428.86,440.6 1 1
github.com/edlitmus/halite/internal/state/compile.go:445.2,445.30 1 1
github.com/edlitmus/halite/internal/state/compile.go:445.30,446.23 1 1
github.com/edlitmus/halite/internal/state/compile.go:446.23,449.12 2 0
github.com/edlitmus/halite/internal/state/compile.go:451.3,452.10 2 1
github.com/edlitmus/halite/internal/state/compile.go:452.10,455.12 2 0
github.com/edlitmus/halite/internal/state/compile.go:457.3,458.24 2 1
github.com/edlitmus/halite/internal/state/compile.go:458.24,462.12 2 0
github.com/edlitmus/halite/internal/state/compile.go:464.3,464.48 1 1
github.com/edlitmus/halite/internal/state/compile.go:468.56,469.17 1 1
github.com/edlitmus/halite/internal/state/compile.go:469.17,470.24 1 0
github.com/edlitmus/halite/internal/state/compile.go:470.24,472.4 1 0
github.com/edlitmus/halite/internal/state/compile.go:475.3,475.23 1 0
github.com/edlitmus/halite/internal/state/compile.go:475.23,477.4 1 0
github.com/edlitmus/halite/internal/state/compile.go:478.3,478.13 1 0
github.com/edlitmus/halite/internal/state/compile.go:480.2,481.9 2 1
github.com/edlitmus/halite/internal/state/compile.go:481.9,483.3 1 0
github.com/edlitmus/halite/internal/state/compile.go:484.2,484.10 1 1
github.com/edlitmus/halite/internal/state/compile.go:489.64,492.21 3 1
github.com/edlitmus/halite/internal/state/compile.go:492.21,494.3 1 1
github.com/edlitmus/halite/internal/state/compile.go:494.8,496.3 1 0
github.com/edlitmus/halite/internal/state/compile.go:498.2,499.9 2 1
github.com/edlitmus/halite/internal/state/compile.go:499.9,502.3 2 1
github.com/edlitmus/halite/internal/state/compile.go:503.2,504.9 2 0
github.com/edlitmus/halite/internal/state/compile.go:504.9,506.3 1 0
github.com/edlitmus/halite/internal/state/compile.go:507.2,507.59 1 0
github.com/edlitmus/halite/internal/state/compile.go:514.61,515.23 1 1
github.com/edlitmus/halite/internal/state/compile.go:515.23,517.3 1 0
github.com/edlitmus/halite/internal/state/compile.go:518.2,518.28 1 1
github.com/edlitmus/halite/internal/state/compile.go:518.28,520.10 2 1
github.com/edlitmus/halite/internal/state/compile.go:520.10,522.12 2 1
github.com/edlitmus/halite/internal/state/compile.go:524.3,525.28 2 1
github.com/edlitmus/halite/internal/state/compile.go:525.28,527.4 1 1
github.com/edlitmus/halite/internal/state/compile.go:532.3,532.31 1 1
github.com/edlitmus/halite/internal/state/compile.go:532.31,533.26 1 1
github.com/edlitmus/halite/internal/state/compile.go:533.26,534.13 1 1
github.com/edlitmus/halite/internal/state/compile.go:536.4,536.37 1 1
github.com/edlitmus/halite/internal/state/compile.go:536.37,539.56 3 1
github.com/edlitmus/halite/internal/state/compile.go:539.56,543.6 1 1
github.com/edlitmus/halite/internal/state/compile.go:551.61,552.57 1 1
github.com/edlitmus/halite/internal/state/compile.go:552.57,554.25 2 1
github.com/edlitmus/halite/internal/state/compile.go:554.25,556.4 1 1
github.com/edlitmus/halite/internal/state/compile.go:557.3,558.48 1 1
github.com/edlitmus/halite/internal/state/compile.go:560.2,560.114 1 1
github.com/edlitmus/halite/internal/state/diag.go:44.30,44.51 1 0
github.com/edlitmus/halite/internal/state/diag.go:46.31,51.33 2 1
github.com/edlitmus/halite/internal/state/diag.go:51.33,52.10 1 1
github.com/edlitmus/halite/internal/state/diag.go:53.24,54.33 1 1
github.com/edlitmus/halite/internal/state/diag.go:55.20,56.24 1 1
github.com/edlitmus/halite/internal/state/diag.go:57.11,58.28 1 0
github.com/edlitmus/halite/internal/state/diag.go:60.3,60.17 1 1
github.com/edlitmus/halite/internal/state/diag.go:60.17,62.4 1 1
github.com/edlitmus/halite/internal/state/diag.go:63.3,63.22 1 1
github.com/edlitmus/halite/internal/state/diag.go:64.8,64.23 1 0
github.com/edlitmus/halite/internal/state/diag.go:64.23,66.3 1 0
github.com/edlitmus/halite/internal/state/diag.go:67.2,68.30 2 1
github.com/edlitmus/halite/internal/state/diag.go:68.30,70.3 1 1
github.com/edlitmus/halite/internal/state/diag.go:71.2,71.19 1 1
github.com/edlitmus/halite/internal/state/diag.go:76.45,77.22 1 1
github.com/edlitmus/halite/internal/state/diag.go:77.22,79.3 1 1
github.com/edlitmus/halite/internal/state/diag.go:80.2,80.49 1 1
github.com/edlitmus/halite/internal/state/diag.go:87.73,89.2 1 1
github.com/edlitmus/halite/internal/state/diag.go:92.74,94.2 1 1
github.com/edlitmus/halite/internal/state/diag.go:97.106,99.2 1 1
github.com/edlitmus/halite/internal/state/diag.go:102.31,104.22 2 1
github.com/edlitmus/halite/internal/state/diag.go:104.22,105.17 1 1
github.com/edlitmus/halite/internal/state/diag.go:105.17,107.4 1 1
github.com/edlitmus/halite/internal/state/diag.go:109.2,109.12 1 1
github.com/edlitmus/halite/internal/state/diag.go:113.33,115.22 2 1
github.com/edlitmus/halite/internal/state/diag.go:115.22,116.16 1 1
github.com/edlitmus/halite/internal/state/diag.go:116.16,118.4 1 1
github.com/edlitmus/halite/internal/state/diag.go:120.2,120.12 1 1
github.com/edlitmus/halite/internal/state/diag.go:124.33,125.22 1 0
github.com/edlitmus/halite/internal/state/diag.go:125.22,126.17 1 0
github.com/edlitmus/halite/internal/state/diag.go:126.17,128.4 1 0
github.com/edlitmus/halite/internal/state/diag.go:130.2,130.14 1 0
github.com/edlitmus/halite/internal/state/diag.go:135.31,138.44 3 1
github.com/edlitmus/halite/internal/state/diag.go:138.44,140.31 2 1
github.com/edlitmus/halite/internal/state/diag.go:140.31,142.4 1 0
github.com/edlitmus/halite/internal/state/diag.go:143.3,143.31 1 1
github.com/edlitmus/halite/internal/state/diag.go:143.31,145.4 1 1
github.com/edlitmus/halite/internal/state/diag.go:146.3,146.23 1 0
github.com/edlitmus/halite/internal/state/diag.go:148.2,148.12 1 1
github.com/edlitmus/halite/internal/state/diag.go:152.28,154.20 2 1
github.com/edlitmus/halite/internal/state/diag.go:154.20,156.3 1 1
github.com/edlitmus/halite/internal/state/diag.go:157.2,159.25 3 1
github.com/edlitmus/halite/internal/state/diag.go:159.25,162.3 2 1
github.com/edlitmus/halite/internal/state/diag.go:163.2,163.37 1 1
github.com/edlitmus/halite/internal/state/highstate.go:34.34,34.66 1 0
github.com/edlitmus/halite/internal/state/highstate.go:57.53,58.28 1 1
github.com/edlitmus/halite/internal/state/highstate.go:58.28,59.23 1 1
github.com/edlitmus/halite/internal/state/highstate.go:59.23,61.4 1 1
github.com/edlitmus/halite/internal/state/highstate.go:63.2,63.19 1 1
github.com/edlitmus/halite/internal/state/highstate.go:77.32,83.2 1 1
github.com/edlitmus/halite/internal/state/highstate.go:86.37,86.55 1 1
github.com/edlitmus/halite/internal/state/highstate.go:89.53,91.9 2 1
github.com/edlitmus/halite/internal/state/highstate.go:91.9,93.3 1 1
github.com/edlitmus/halite/internal/state/highstate.go:94.2,94.25 1 1
github.com/edlitmus/halite/internal/state/highstate.go:98.31,98.54 1 0
github.com/edlitmus/halite/internal/state/highstate.go:102.48,103.32 1 1
github.com/edlitmus/halite/internal/state/highstate.go:103.32,109.3 3 1
github.com/edlitmus/halite/internal/state/highstate.go:110.2,112.30 3 1
github.com/edlitmus/halite/internal/state/highstate.go:139.65,141.14 2 1
github.com/edlitmus/halite/internal/state/highstate.go:141.14,143.3 1 0
github.com/edlitmus/halite/internal/state/highstate.go:144.2,145.9 2 1
github.com/edlitmus/halite/internal/state/highstate.go:145.9,149.3 2 0
github.com/edlitmus/halite/internal/state/highstate.go:151.2,151.34 1 1
github.com/edlitmus/halite/internal/state/highstate.go:151.34,153.13 2 1
github.com/edlitmus/halite/internal/state/highstate.go:154.19,156.12 2 1
github.com/edlitmus/halite/internal/state/highstate.go:157.18,159.11 2 1
github.com/edlitmus/halite/internal/state/highstate.go:159.11,161.13 2 0
github.com/edlitmus/halite/internal/state/highstate.go:163.4,164.12 2 1
github.com/edlitmus/halite/internal/state/highstate.go:165.19,167.12 2 1
github.com/edlitmus/halite/internal/state/highstate.go:170.3,170.65 1 1
github.com/edlitmus/halite/internal/state/highstate.go:170.65,171.12 1 0
github.com/edlitmus/halite/internal/state/highstate.go:174.3,175.15 2 1
github.com/edlitmus/halite/internal/state/highstate.go:175.15,177.4 1 1
github.com/edlitmus/halite/internal/state/highstate.go:179.2,179.12 1 1
github.com/edlitmus/halite/internal/state/highstate.go:182.86,184.9 2 1
github.com/edlitmus/halite/internal/state/highstate.go:184.9,187.3 2 0
github.com/edlitmus/halite/internal/state/highstate.go:188.2,189.29 2 1
github.com/edlitmus/halite/internal/state/highstate.go:189.29,190.27 1 1
github.com/edlitmus/halite/internal/state/highstate.go:191.15,192.84 1 1
github.com/edlitmus/halite/internal/state/highstate.go:193.19,195.34 1 0
github.com/edlitmus/halite/internal/state/highstate.go:195.34,198.12 3 0
github.com/edlitmus/halite/internal/state/highstate.go:198.12,200.14 2 0
github.com/edlitmus/halite/internal/state/highstate.go:202.5,202.29 1 0
github.com/edlitmus/halite/internal/state/highstate.go:202.29,204.13 2 0
github.com/edlitmus/halite/internal/state/highstate.go:204.13,206.15 2 0
github.com/edlitmus/halite/internal/state/highstate.go:208.6,208.96 1 0
github.com/edlitmus/halite/internal/state/highstate.go:211.11,212.99 1 0
github.com/edlitmus/halite/internal/state/highstate.go:215.2,215.12 1 1
github.com/edlitmus/halite/internal/state/highstate.go:220.47,221.35 1 1
github.com/edlitmus/halite/internal/state/highstate.go:221.35,223.3 1 1
github.com/edlitmus/halite/internal/state/highstate.go:224.2,225.46 2 1
github.com/edlitmus/halite/internal/state/highstate.go:225.46,227.3 1 1
github.com/edlitmus/halite/internal/state/highstate.go:227.8,229.3 1 0
github.com/edlitmus/halite/internal/state/highstate.go:231.2,233.26 3 1
github.com/edlitmus/halite/internal/state/highstate.go:233.26,234.50 1 0
github.com/edlitmus/halite/internal/state/highstate.go:234.50,236.12 2 0
github.com/edlitmus/halite/internal/state/highstate.go:238.3,238.14 1 0
github.com/edlitmus/halite/internal/state/highstate.go:240.2,240.18 1 1
github.com/edlitmus/halite/internal/state/highstate.go:240.18,242.3 1 0
github.com/edlitmus/halite/internal/state/highstate.go:243.2,243.28 1 1
github.com/edlitmus/halite/internal/state/highstate.go:246.81,248.9 2 1
github.com/edlitmus/halite/internal/state/highstate.go:248.9,251.3 2 0
github.com/edlitmus/halite/internal/state/highstate.go:252.2,253.29 2 1
github.com/edlitmus/halite/internal/state/highstate.go:253.29,255.26 2 1
github.com/edlitmus/halite/internal/state/highstate.go:255.26,257.12 2 0
github.com/edlitmus/halite/internal/state/highstate.go:259.3,261.33 3 1
github.com/edlitmus/halite/internal/state/highstate.go:262.14,263.59 1 1
github.com/edlitmus/halite/internal/state/highstate.go:264.13,265.58 1 1
github.com/edlitmus/halite/internal/state/highstate.go:266.11,267.124 1 0
github.com/edlitmus/halite/internal/state/highstate.go:270.2,270.12 1 1
github.com/edlitmus/halite/internal/state/highstate.go:274.79,278.9 3 1
github.com/edlitmus/halite/internal/state/highstate.go:278.9,282.3 2 0
github.com/edlitmus/halite/internal/state/highstate.go:284.2,284.36 1 1
github.com/edlitmus/halite/internal/state/highstate.go:284.36,287.67 2 1
github.com/edlitmus/halite/internal/state/highstate.go:287.67,288.12 1 0
github.com/edlitmus/halite/internal/state/highstate.go:290.3,291.15 2 1
github.com/edlitmus/halite/internal/state/highstate.go:291.15,293.4 1 1
github.com/edlitmus/halite/internal/state/highstate.go:295.2,295.23 1 1
github.com/edlitmus/halite/internal/state/highstate.go:295.23,298.3 2 0
github.com/edlitmus/halite/internal/state/highstate.go:299.2,299.10 1 1
github.com/edlitmus/halite/internal/state/highstate.go:304.88,307.42 2 1
github.com/edlitmus/halite/internal/state/highstate.go:307.42,309.3 1 1
github.com/edlitmus/halite/internal/state/highstate.go:309.8,313.3 1 1
github.com/edlitmus/halite/internal/state/highstate.go:315.2,315.31 1 1
github.com/edlitmus/halite/internal/state/highstate.go:316.11,316.11 0 0
github.com/edlitmus/halite/internal/state/highstate.go:319.13,320.29 1 1
github.com/edlitmus/halite/internal/state/highstate.go:320.29,321.30 1 1
github.com/edlitmus/halite/internal/state/highstate.go:322.16,323.20 1 1
github.com/edlitmus/halite/internal/state/highstate.go:323.20,325.14 2 1
github.com/edlitmus/halite/internal/state/highstate.go:327.5,327.35 1 0
github.com/edlitmus/halite/internal/state/highstate.go:328.20,329.38 1 1
github.com/edlitmus/halite/internal/state/highstate.go:329.38,331.26 2 1
github.com/edlitmus/halite/internal/state/highstate.go:331.26,335.15 2 0
github.com/edlitmus/halite/internal/state/highstate.go:337.6,337.54 1 1
github.com/edlitmus/halite/internal/state/highstate.go:339.12,341.104 1 0
github.com/edlitmus/halite/internal/state/highstate.go:345.18,347.37 1 1
github.com/edlitmus/halite/internal/state/highstate.go:347.37,349.4 1 1
github.com/edlitmus/halite/internal/state/highstate.go:351.10,354.13 2 0
github.com/edlitmus/halite/internal/state/highstate.go:357.2,357.17 1 1
github.com/edlitmus/halite/internal/state/highstate.go:357.17,361.3 2 0
github.com/edlitmus/halite/internal/state/highstate.go:362.2,362.10 1 1
github.com/edlitmus/halite/internal/state/highstate.go:365.55,366.31 1 0
github.com/edlitmus/halite/internal/state/highstate.go:366.31,368.3 1 0
github.com/edlitmus/halite/internal/state/highstate.go:369.2,369.20 1 0
github.com/edlitmus/halite/internal/state/lowstate.go:47.30,49.2 1 1
github.com/edlitmus/halite/internal/state/lowstate.go:52.31,52.63 1 1
github.com/edlitmus/halite/internal/state/lowstate.go:55.35,57.2 1 0
github.com/edlitmus/halite/internal/state/lowstate.go:136.36,136.64 1 0
github.com/edlitmus/halite/internal/state/lowstate.go:140.50,142.28 2 1
github.com/edlitmus/halite/internal/state/lowstate.go:142.28,144.3 1 1
github.com/edlitmus/halite/internal/state/lowstate.go:145.2,145.12 1 1
github.com/edlitmus/halite/internal/state/lowstate.go:148.70,159.37 4 1
github.com/edlitmus/halite/internal/state/lowstate.go:159.37,161.10 2 1
github.com/edlitmus/halite/internal/state/lowstate.go:161.10,167.4 1 0
github.com/edlitmus/halite/internal/state/lowstate.go:167.9,169.4 1 1
github.com/edlitmus/halite/internal/state/lowstate.go:174.2,174.37 1 1
github.com/edlitmus/halite/internal/state/lowstate.go:174.37,176.10 2 1
github.com/edlitmus/halite/internal/state/lowstate.go:177.42,178.12 1 1
github.com/edlitmus/halite/internal/state/lowstate.go:179.29,180.12 1 1
github.com/edlitmus/halite/internal/state/lowstate.go:181.26,182.12 1 1
github.com/edlitmus/halite/internal/state/lowstate.go:183.11,184.53 1 1
github.com/edlitmus/halite/internal/state/lowstate.go:187.2,190.21 3 1
github.com/edlitmus/halite/internal/state/lowstate.go:190.21,193.3 2 1
github.com/edlitmus/halite/internal/state/lowstate.go:197.2,198.26 2 1
github.com/edlitmus/halite/internal/state/lowstate.go:198.26,211.24 4 1
github.com/edlitmus/halite/internal/state/lowstate.go:212.19,214.20 1 1
github.com/edlitmus/halite/internal/state/lowstate.go:214.20,216.13 2 0
github.com/edlitmus/halite/internal/state/lowstate.go:218.4,220.41 3 1
github.com/edlitmus/halite/internal/state/lowstate.go:220.41,221.38 1 1
github.com/edlitmus/halite/internal/state/lowstate.go:221.38,223.6 1 1
github.com/edlitmus/halite/internal/state/lowstate.go:225.11,226.31 1 1
github.com/edlitmus/halite/internal/state/lowstate.go:228.3,229.23 2 1
github.com/edlitmus/halite/internal/state/lowstate.go:231.2,231.12 1 1
github.com/edlitmus/halite/internal/state/lowstate.go:234.65,236.9 2 1
github.com/edlitmus/halite/internal/state/lowstate.go:236.9,238.3 1 1
github.com/edlitmus/halite/internal/state/lowstate.go:239.2,239.23 1 1
github.com/edlitmus/halite/internal/state/lowstate.go:240.13,241.11 1 1
github.com/edlitmus/halite/internal/state/lowstate.go:242.11,243.13 1 0
github.com/edlitmus/halite/internal/state/lowstate.go:244.10,246.13 2 0
github.com/edlitmus/halite/internal/state/lowstate.go:250.53,251.35 1 0
github.com/edlitmus/halite/internal/state/lowstate.go:251.35,253.3 1 0
github.com/edlitmus/halite/internal/state/lowstate.go:254.2,254.20 1 0
github.com/edlitmus/halite/internal/state/lowstate.go:257.66,259.37 2 1
github.com/edlitmus/halite/internal/state/lowstate.go:259.37,262.10 3 1
github.com/edlitmus/halite/internal/state/lowstate.go:262.10,263.12 1 1
github.com/edlitmus/halite/internal/state/lowstate.go:265.3,265.79 1 1
github.com/edlitmus/halite/internal/state/lowstate.go:265.79,267.4 1 1
github.com/edlitmus/halite/internal/state/lowstate.go:269.2,269.12 1 1
github.com/edlitmus/halite/internal/state/lowstate.go:273.63,275.50 2 1
github.com/edlitmus/halite/internal/state/lowstate.go:275.50,277.10 2 1
github.com/edlitmus/halite/internal/state/lowstate.go:277.10,279.4 1 1
github.com/edlitmus/halite/internal/state/lowstate.go:280.3,280.31 1 1
github.com/edlitmus/halite/internal/state/lowstate.go:283.2,283.37 1 1
github.com/edlitmus/halite/internal/state/lowstate.go:283.37,285.3 1 1
github.com/edlitmus/halite/internal/state/lowstate.go:286.2,286.37 1 1
github.com/edlitmus/halite/internal/state/lowstate.go:286.37,288.3 1 0
github.com/edlitmus/halite/internal/state/lowstate.go:289.2,289.38 1 1
github.com/edlitmus/halite/internal/state/lowstate.go:289.38,291.3 1 1
github.com/edlitmus/halite/internal/state/lowstate.go:292.2,292.40 1 1
github.com/edlitmus/halite/internal/state/lowstate.go:292.40,294.3 1 0
github.com/edlitmus/halite/internal/state/lowstate.go:295.2,295.37 1 1
github.com/edlitmus/halite/internal/state/lowstate.go:295.37,297.3 1 1
github.com/edlitmus/halite/internal/state/lowstate.go:298.2,298.43 1 1
github.com/edlitmus/halite/internal/state/lowstate.go:298.43,300.3 1 1
github.com/edlitmus/halite/internal/state/lowstate.go:301.2,301.42 1 1
github.com/edlitmus/halite/internal/state/lowstate.go:301.42,303.3 1 0
github.com/edlitmus/halite/internal/state/lowstate.go:304.2,304.42 1 1
github.com/edlitmus/halite/internal/state/lowstate.go:304.42,306.3 1 0
github.com/edlitmus/halite/internal/state/lowstate.go:307.2,307.38 1 1
github.com/edlitmus/halite/internal/state/lowstate.go:307.38,309.3 1 0
github.com/edlitmus/halite/internal/state/lowstate.go:310.2,310.39 1 1
github.com/edlitmus/halite/internal/state/lowstate.go:310.39,312.3 1 0
github.com/edlitmus/halite/internal/state/lowstate.go:313.2,313.43 1 1
github.com/edlitmus/halite/internal/state/lowstate.go:313.43,315.3 1 0
github.com/edlitmus/halite/internal/state/lowstate.go:316.2,316.34 1 1
github.com/edlitmus/halite/internal/state/lowstate.go:316.34,318.3 1 0
github.com/edlitmus/halite/internal/state/lowstate.go:319.2,319.37 1 1
github.com/edlitmus/halite/internal/state/lowstate.go:319.37,322.3 2 0
github.com/edlitmus/halite/internal/state/lowstate.go:323.2,323.38 1 1
github.com/edlitmus/halite/internal/state/lowstate.go:323.38,324.44 1 1
github.com/edlitmus/halite/internal/state/lowstate.go:324.44,326.4 1 1
github.com/edlitmus/halite/internal/state/lowstate.go:326.9,328.4 1 0
github.com/edlitmus/halite/internal/state/lowstate.go:332.2,332.38 1 1
github.com/edlitmus/halite/internal/state/lowstate.go:332.38,334.3 1 0
github.com/edlitmus/halite/internal/state/lowstate.go:336.2,336.36 1 1
github.com/edlitmus/halite/internal/state/lowstate.go:336.36,337.24 1 1
github.com/edlitmus/halite/internal/state/lowstate.go:338.14,339.53 1 1
github.com/edlitmus/halite/internal/state/lowstate.go:340.15,341.36 1 1
github.com/edlitmus/halite/internal/state/lowstate.go:341.36,343.10 2 1
github.com/edlitmus/halite/internal/state/lowstate.go:345.4,346.18 2 0
github.com/edlitmus/halite/internal/state/lowstate.go:346.18,348.10 2 0
github.com/edlitmus/halite/internal/state/lowstate.go:350.4,350.48 1 0
github.com/edlitmus/halite/internal/state/lowstate.go:351.11,352.98 1 0
github.com/edlitmus/halite/internal/state/lowstate.go:356.2,356.36 1 1
github.com/edlitmus/halite/internal/state/lowstate.go:356.36,358.3 1 1
github.com/edlitmus/halite/internal/state/lowstate.go:359.2,359.10 1 1
github.com/edlitmus/halite/internal/state/lowstate.go:362.69,365.9 3 1
github.com/edlitmus/halite/internal/state/lowstate.go:365.9,367.22 1 0
github.com/edlitmus/halite/internal/state/lowstate.go:367.22,369.4 1 0
github.com/edlitmus/halite/internal/state/lowstate.go:370.3,370.13 1 0
github.com/edlitmus/halite/internal/state/lowstate.go:372.2,372.32 1 1
github.com/edlitmus/halite/internal/state/lowstate.go:372.32,374.14 2 1
github.com/edlitmus/halite/internal/state/lowstate.go:375.19,376.34 1 1
github.com/edlitmus/halite/internal/state/lowstate.go:376.34,378.13 2 1
github.com/edlitmus/halite/internal/state/lowstate.go:380.4,380.73 1 0
github.com/edlitmus/halite/internal/state/lowstate.go:381.19,382.49 1 1
github.com/edlitmus/halite/internal/state/lowstate.go:382.49,384.13 2 1
github.com/edlitmus/halite/internal/state/lowstate.go:386.4,386.73 1 0
github.com/edlitmus/halite/internal/state/lowstate.go:387.16,388.49 1 0
github.com/edlitmus/halite/internal/state/lowstate.go:388.49,390.13 2 0
github.com/edlitmus/halite/internal/state/lowstate.go:392.4,392.70 1 0
github.com/edlitmus/halite/internal/state/lowstate.go:393.16,394.33 1 0
github.com/edlitmus/halite/internal/state/lowstate.go:395.11,396.114 1 0
github.com/edlitmus/halite/internal/state/lowstate.go:399.2,399.20 1 1
github.com/edlitmus/halite/internal/state/lowstate.go:399.20,401.3 1 0
github.com/edlitmus/halite/internal/state/lowstate.go:402.2,402.10 1 1
github.com/edlitmus/halite/internal/state/lowstate.go:405.80,406.23 1 1
github.com/edlitmus/halite/internal/state/lowstate.go:407.13,408.11 1 0
github.com/edlitmus/halite/internal/state/lowstate.go:409.11,410.13 1 0
github.com/edlitmus/halite/internal/state/lowstate.go:411.10,412.18 1 1
github.com/edlitmus/halite/internal/state/lowstate.go:416.86,417.23 1 1
github.com/edlitmus/halite/internal/state/lowstate.go:418.14,419.21 1 1
github.com/edlitmus/halite/internal/state/lowstate.go:420.13,422.26 2 0
github.com/edlitmus/halite/internal/state/lowstate.go:422.26,424.11 2 0
github.com/edlitmus/halite/internal/state/lowstate.go:424.11,426.13 2 0
github.com/edlitmus/halite/internal/state/lowstate.go:428.4,428.24 1 0
github.com/edlitmus/halite/internal/state/lowstate.go:430.3,430.13 1 0
github.com/edlitmus/halite/internal/state/lowstate.go:431.11,432.13 1 0
github.com/edlitmus/halite/internal/state/lowstate.go:433.10,435.13 2 0
github.com/edlitmus/halite/internal/state/lowstate.go:439.47,440.23 1 1
github.com/edlitmus/halite/internal/state/lowstate.go:441.13,442.45 1 1
github.com/edlitmus/halite/internal/state/lowstate.go:443.15,444.54 1 0
github.com/edlitmus/halite/internal/state/lowstate.go:445.14,446.50 1 0
github.com/edlitmus/halite/internal/state/lowstate.go:446.50,448.4 1 0
github.com/edlitmus/halite/internal/state/lowstate.go:449.3,449.54 1 0
github.com/edlitmus/halite/internal/state/lowstate.go:449.54,451.4 1 0
github.com/edlitmus/halite/internal/state/lowstate.go:452.3,452.50 1 0
github.com/edlitmus/halite/internal/state/lowstate.go:454.2,454.65 1 0
github.com/edlitmus/halite/internal/state/order.go:19.52,21.12 2 1
github.com/edlitmus/halite/internal/state/order.go:21.12,23.3 1 1
github.com/edlitmus/halite/internal/state/order.go:26.2,27.37 2 1
github.com/edlitmus/halite/internal/state/order.go:27.37,28.22 1 1
github.com/edlitmus/halite/internal/state/order.go:28.22,30.4 1 0
github.com/edlitmus/halite/internal/state/order.go:31.3,31.34 1 1
github.com/edlitmus/halite/internal/state/order.go:31.34,32.19 1 1
github.com/edlitmus/halite/internal/state/order.go:32.19,34.5 1 0
github.com/edlitmus/halite/internal/state/order.go:36.3,36.46 1 1
github.com/edlitmus/halite/internal/state/order.go:39.2,39.27 1 1
github.com/edlitmus/halite/internal/state/order.go:39.27,40.30 1 1
github.com/edlitmus/halite/internal/state/order.go:40.30,41.40 1 1
github.com/edlitmus/halite/internal/state/order.go:41.40,42.21 1 1
github.com/edlitmus/halite/internal/state/order.go:43.17,46.24 1 1
github.com/edlitmus/halite/internal/state/order.go:47.17,47.17 0 1
github.com/edlitmus/halite/internal/state/order.go:50.13,51.24 1 1
github.com/edlitmus/halite/internal/state/order.go:59.2,59.47 1 1
github.com/edlitmus/halite/internal/state/order.go:59.47,61.27 2 1
github.com/edlitmus/halite/internal/state/order.go:62.22,63.56 1 1
github.com/edlitmus/halite/internal/state/order.go:64.18,65.40 1 1
github.com/edlitmus/halite/internal/state/order.go:66.11,67.40 1 1
github.com/edlitmus/halite/internal/state/order.go:70.2,70.30 1 1
github.com/edlitmus/halite/internal/state/order.go:70.30,73.10 3 1
github.com/edlitmus/halite/internal/state/order.go:74.17,75.18 1 1
github.com/edlitmus/halite/internal/state/order.go:76.17,77.18 1 0
github.com/edlitmus/halite/internal/state/order.go:78.17,79.18 1 1
github.com/edlitmus/halite/internal/state/order.go:80.11,81.18 1 1
github.com/edlitmus/halite/internal/state/order.go:85.2,87.36 3 1
github.com/edlitmus/halite/internal/state/order.go:87.36,89.34 2 1
github.com/edlitmus/halite/internal/state/order.go:89.34,91.4 1 1
github.com/edlitmus/halite/internal/state/order.go:94.2,95.25 2 1
github.com/edlitmus/halite/internal/state/order.go:95.25,96.23 1 1
github.com/edlitmus/halite/internal/state/order.go:96.23,98.4 1 1
github.com/edlitmus/halite/internal/state/order.go:100.2,100.46 1 1
github.com/edlitmus/halite/internal/state/order.go:100.46,100.81 1 1
github.com/edlitmus/halite/internal/state/order.go:102.2,104.21 3 1
github.com/edlitmus/halite/internal/state/order.go:104.21,109.35 2 1
github.com/edlitmus/halite/internal/state/order.go:109.35,110.35 1 1
github.com/edlitmus/halite/internal/state/order.go:110.35,112.5 1 1
github.com/edlitmus/halite/internal/state/order.go:114.3,121.39 6 1
github.com/edlitmus/halite/internal/state/order.go:121.39,123.26 2 1
github.com/edlitmus/halite/internal/state/order.go:123.26,125.5 1 1
github.com/edlitmus/halite/internal/state/order.go:129.2,129.19 1 1
github.com/edlitmus/halite/internal/state/order.go:129.19,135.26 3 1
github.com/edlitmus/halite/internal/state/order.go:135.26,136.18 1 1
github.com/edlitmus/halite/internal/state/order.go:136.18,138.5 1 1
github.com/edlitmus/halite/internal/state/order.go:140.3,140.46 1 1
github.com/edlitmus/halite/internal/state/order.go:140.46,140.79 1 1
github.com/edlitmus/halite/internal/state/order.go:141.3,141.26 1 1
github.com/edlitmus/halite/internal/state/order.go:141.26,144.4 2 1
github.com/edlitmus/halite/internal/state/order.go:146.2,146.12 1 1
github.com/edlitmus/halite/internal/state/order.go:151.79,163.27 5 1
github.com/edlitmus/halite/internal/state/order.go:163.27,166.35 3 1
github.com/edlitmus/halite/internal/state/order.go:166.35,167.22 1 1
github.com/edlitmus/halite/internal/state/order.go:167.22,168.13 1 0
github.com/edlitmus/halite/internal/state/order.go:170.4,170.29 1 1
github.com/edlitmus/halite/internal/state/order.go:170.29,172.26 1 1
github.com/edlitmus/halite/internal/state/order.go:172.26,173.28 1 1
github.com/edlitmus/halite/internal/state/order.go:173.28,176.7 2 1
github.com/edlitmus/halite/internal/state/order.go:179.4,179.30 1 1
github.com/edlitmus/halite/internal/state/order.go:179.30,180.40 1 1
github.com/edlitmus/halite/internal/state/order.go:180.40,182.6 1 1
github.com/edlitmus/halite/internal/state/order.go:185.3,187.13 3 0
github.com/edlitmus/halite/internal/state/order.go:190.2,190.24 1 1
github.com/edlitmus/halite/internal/state/order.go:190.24,191.37 1 1
github.com/edlitmus/halite/internal/state/order.go:191.37,192.12 1 0
github.com/edlitmus/halite/internal/state/order.go:194.3,195.33 2 1
github.com/edlitmus/halite/internal/state/order.go:195.33,199.4 2 1
github.com/edlitmus/halite/internal/state/order.go:204.2,205.27 2 0
github.com/edlitmus/halite/internal/state/order.go:205.27,206.17 1 0
github.com/edlitmus/halite/internal/state/order.go:206.17,208.4 1 0
github.com/edlitmus/halite/internal/state/order.go:210.2,210.88 1 0
github.com/edlitmus/halite/internal/state/order.go:215.53,217.34 2 1
github.com/edlitmus/halite/internal/state/order.go:217.34,219.12 2 1
github.com/edlitmus/halite/internal/state/order.go:219.12,221.4 1 1
github.com/edlitmus/halite/internal/state/order.go:222.3,222.62 1 1
github.com/edlitmus/halite/internal/state/order.go:224.2,225.19 2 1
github.com/edlitmus/halite/internal/state/order.go:230.42,231.32 1 1
github.com/edlitmus/halite/internal/state/order.go:231.32,232.36 1 1
github.com/edlitmus/halite/internal/state/order.go:232.36,234.4 1 1
github.com/edlitmus/halite/internal/state/order.go:235.3,235.32 1 1
github.com/edlitmus/halite/internal/state/order.go:235.32,237.4 1 1
github.com/edlitmus/halite/internal/state/order.go:239.2,239.19 1 0
github.com/edlitmus/halite/internal/state/order.go:242.48,243.25 1 1
github.com/edlitmus/halite/internal/state/order.go:243.25,245.3 1 1
github.com/edlitmus/halite/internal/state/order.go:246.2,246.51 1 0
github.com/edlitmus/halite/internal/state/requisite.go:51.34,51.56 1 1
github.com/edlitmus/halite/internal/state/requisite.go:75.39,76.36 1 1
github.com/edlitmus/halite/internal/state/requisite.go:76.36,78.3 1 1
github.com/edlitmus/halite/internal/state/requisite.go:79.2,80.11 2 1
github.com/edlitmus/halite/internal/state/requisite.go:96.33,97.9 1 0
github.com/edlitmus/halite/internal/state/requisite.go:98.19,99.25 1 0
github.com/edlitmus/halite/internal/state/requisite.go:100.21,101.31 1 0
github.com/edlitmus/halite/internal/state/requisite.go:102.10,103.14 1 0
github.com/edlitmus/halite/internal/state/requisite.go:121.89,123.23 2 1
github.com/edlitmus/halite/internal/state/requisite.go:124.13,125.12 1 1
github.com/edlitmus/halite/internal/state/requisite.go:126.26,128.19 1 0
github.com/edlitmus/halite/internal/state/requisite.go:129.11,130.13 1 0
github.com/edlitmus/halite/internal/state/requisite.go:131.10,133.13 2 0
github.com/edlitmus/halite/internal/state/requisite.go:136.2,137.29 2 1
github.com/edlitmus/halite/internal/state/requisite.go:137.29,138.27 1 1
github.com/edlitmus/halite/internal/state/requisite.go:139.15,140.46 1 1
github.com/edlitmus/halite/internal/state/requisite.go:141.19,142.20 1 1
github.com/edlitmus/halite/internal/state/requisite.go:142.20,144.13 2 0
github.com/edlitmus/halite/internal/state/requisite.go:146.4,149.11 4 1
github.com/edlitmus/halite/internal/state/requisite.go:149.11,151.13 2 0
github.com/edlitmus/halite/internal/state/requisite.go:153.4,153.15 1 1
github.com/edlitmus/halite/internal/state/requisite.go:154.15,155.58 1 1
github.com/edlitmus/halite/internal/state/requisite.go:156.14,157.57 1 1
github.com/edlitmus/halite/internal/state/requisite.go:158.12,159.69 1 1
github.com/edlitmus/halite/internal/state/requisite.go:161.11,162.125 1 0
github.com/edlitmus/halite/internal/state/requisite.go:165.2,165.12 1 1
github.com/edlitmus/halite/internal/state/requisite.go:174.55,179.27 4 1
github.com/edlitmus/halite/internal/state/requisite.go:179.27,185.21 4 1
github.com/edlitmus/halite/internal/state/requisite.go:185.21,187.4 1 1
github.com/edlitmus/halite/internal/state/requisite.go:190.2,190.27 1 1
github.com/edlitmus/halite/internal/state/requisite.go:190.27,191.26 1 1
github.com/edlitmus/halite/internal/state/requisite.go:191.26,195.11 3 1
github.com/edlitmus/halite/internal/state/requisite.go:196.23,198.12 2 1
github.com/edlitmus/halite/internal/state/requisite.go:198.12,201.14 2 0
github.com/edlitmus/halite/internal/state/requisite.go:203.5,203.48 1 1
github.com/edlitmus/halite/internal/state/requisite.go:205.25,207.12 2 1
github.com/edlitmus/halite/internal/state/requisite.go:207.12,210.74 1 1
github.com/edlitmus/halite/internal/state/requisite.go:210.74,215.15 3 0
github.com/edlitmus/halite/internal/state/requisite.go:217.6,219.14 2 1
github.com/edlitmus/halite/internal/state/requisite.go:221.5,221.43 1 1
github.com/edlitmus/halite/internal/state/requisite.go:223.12,225.25 2 1
github.com/edlitmus/halite/internal/state/requisite.go:226.12,228.74 1 0
github.com/edlitmus/halite/internal/state/requisite.go:229.12,230.53 1 1
github.com/edlitmus/halite/internal/state/requisite.go:231.13,237.32 3 1
github.com/edlitmus/halite/internal/state/requisite.go:237.32,240.7 2 1
github.com/edlitmus/halite/internal/state/requisite.go:241.6,243.69 1 1
github.com/edlitmus/halite/internal/state/requisite.go:252.46,253.27 1 1
github.com/edlitmus/halite/internal/state/requisite.go:253.27,254.30 1 1
github.com/edlitmus/halite/internal/state/requisite.go:254.30,255.23 1 1
github.com/edlitmus/halite/internal/state/requisite.go:255.23,256.13 1 1
github.com/edlitmus/halite/internal/state/requisite.go:258.4,258.37 1 1
github.com/edlitmus/halite/internal/state/requisite.go:258.37,260.42 2 1
github.com/edlitmus/halite/internal/state/requisite.go:260.42,264.67 2 1
github.com/edlitmus/halite/internal/state/requisite.go:264.67,265.15 1 1
github.com/edlitmus/halite/internal/state/requisite.go:267.6,267.26 1 1
github.com/edlitmus/halite/internal/state/requisite.go:267.26,268.15 1 1
github.com/edlitmus/halite/internal/state/requisite.go:270.6,270.64 1 1
github.com/edlitmus/halite/internal/state/top.go:38.62,41.20 3 1
github.com/edlitmus/halite/internal/state/top.go:41.20,43.3 1 1
github.com/edlitmus/halite/internal/state/top.go:45.2,46.20 2 1
github.com/edlitmus/halite/internal/state/top.go:46.20,48.3 1 0
github.com/edlitmus/halite/internal/state/top.go:51.2,54.27 3 1
github.com/edlitmus/halite/internal/state/top.go:54.27,56.17 2 1
github.com/edlitmus/halite/internal/state/top.go:56.17,57.35 1 1
github.com/edlitmus/halite/internal/state/top.go:57.35,58.13 1 1
github.com/edlitmus/halite/internal/state/top.go:60.4,61.12 2 0
github.com/edlitmus/halite/internal/state/top.go:63.3,66.17 3 1
github.com/edlitmus/halite/internal/state/top.go:66.17,68.12 2 0
github.com/edlitmus/halite/internal/state/top.go:70.3,70.56 1 1
github.com/edlitmus/halite/internal/state/top.go:73.2,73.21 1 1
github.com/edlitmus/halite/internal/state/top.go:73.21,77.3 2 1
github.com/edlitmus/halite/internal/state/top.go:79.2,79.18 1 1
github.com/edlitmus/halite/internal/state/top.go:80.14,85.36 2 0
github.com/edlitmus/halite/internal/state/top.go:85.36,86.42 1 0
github.com/edlitmus/halite/internal/state/top.go:86.42,87.25 1 0
github.com/edlitmus/halite/internal/state/top.go:87.25,91.14 2 0
github.com/edlitmus/halite/internal/state/top.go:93.5,93.45 1 0
github.com/edlitmus/halite/internal/state/top.go:96.3,96.20 1 0
github.com/edlitmus/halite/internal/state/top.go:98.19,100.48 2 0
github.com/edlitmus/halite/internal/state/top.go:100.48,101.60 1 0
github.com/edlitmus/halite/internal/state/top.go:101.60,103.5 1 0
github.com/edlitmus/halite/internal/state/top.go:105.3,105.20 1 0
github.com/edlitmus/halite/internal/state/top.go:107.10,114.29 5 1
github.com/edlitmus/halite/internal/state/top.go:114.29,115.17 1 1
github.com/edlitmus/halite/internal/state/top.go:115.17,116.13 1 1
github.com/edlitmus/halite/internal/state/top.go:118.4,120.11 3 1
github.com/edlitmus/halite/internal/state/top.go:120.11,121.13 1 0
github.com/edlitmus/halite/internal/state/top.go:123.4,123.56 1 1
github.com/edlitmus/halite/internal/state/top.go:123.56,125.5 1 1
github.com/edlitmus/halite/internal/state/top.go:127.3,127.20 1 1
github.com/edlitmus/halite/internal/state/top.go:132.87,134.14 2 1
github.com/edlitmus/halite/internal/state/top.go:134.14,136.3 1 0
github.com/edlitmus/halite/internal/state/top.go:137.2,138.9 2 1
github.com/edlitmus/halite/internal/state/top.go:138.9,142.3 2 0
github.com/edlitmus/halite/internal/state/top.go:144.2,150.41 2 1
github.com/edlitmus/halite/internal/state/top.go:150.41,152.23 2 1
github.com/edlitmus/halite/internal/state/top.go:152.23,155.12 1 0
github.com/edlitmus/halite/internal/state/top.go:157.3,158.10 2 1
github.com/edlitmus/halite/internal/state/top.go:158.10,162.12 2 0
github.com/edlitmus/halite/internal/state/top.go:165.3,165.40 1 1
github.com/edlitmus/halite/internal/state/top.go:165.40,168.18 3 1
github.com/edlitmus/halite/internal/state/top.go:168.18,170.13 2 0
github.com/edlitmus/halite/internal/state/top.go:172.4,172.28 1 1
github.com/edlitmus/halite/internal/state/top.go:172.28,173.13 1 1
github.com/edlitmus/halite/internal/state/top.go:175.4,176.44 2 1
github.com/edlitmus/halite/internal/state/top.go:179.2,179.12 1 1
github.com/edlitmus/halite/internal/state/top.go:184.85,186.35 2 1
github.com/edlitmus/halite/internal/state/top.go:186.35,187.30 1 1
github.com/edlitmus/halite/internal/state/top.go:187.30,189.27 2 1
github.com/edlitmus/halite/internal/state/top.go:189.27,190.13 1 1
github.com/edlitmus/halite/internal/state/top.go:192.4,193.41 2 1
github.com/edlitmus/halite/internal/state/top.go:193.41,195.5 1 1
github.com/edlitmus/halite/internal/state/top.go:198.2,198.20 1 1
github.com/edlitmus/halite/internal/state/top.go:198.20,200.3 1 1
github.com/edlitmus/halite/internal/state/top.go:201.2,202.9 2 1
github.com/edlitmus/halite/internal/state/top.go:202.9,204.3 1 0
github.com/edlitmus/halite/internal/state/top.go:205.2,205.56 1 1
github.com/edlitmus/halite/internal/state/top.go:209.37,210.14 1 1
github.com/edlitmus/halite/internal/state/top.go:211.14,212.12 1 0
github.com/edlitmus/halite/internal/state/top.go:213.14,214.13 1 0
github.com/edlitmus/halite/internal/state/top.go:215.14,216.13 1 0
github.com/edlitmus/halite/internal/state/top.go:217.15,218.13 1 1
github.com/edlitmus/halite/internal/state/top.go:219.20,220.13 1 0
github.com/edlitmus/halite/internal/state/top.go:221.16,222.13 1 0
github.com/edlitmus/halite/internal/state/top.go:223.21,224.13 1 0
github.com/edlitmus/halite/internal/state/top.go:225.16,226.13 1 0
github.com/edlitmus/halite/internal/state/top.go:227.19,228.13 1 0
github.com/edlitmus/halite/internal/state/top.go:229.18,230.13 1 0
github.com/edlitmus/halite/internal/state/top.go:232.2,232.13 1 0
github.com/edlitmus/halite/internal/state/top.go:237.63,239.9 2 1
github.com/edlitmus/halite/internal/state/top.go:239.9,242.3 2 0
github.com/edlitmus/halite/internal/state/top.go:243.2,244.29 2 1
github.com/edlitmus/halite/internal/state/top.go:244.29,245.27 1 1
github.com/edlitmus/halite/internal/state/top.go:246.15,247.24 1 1
github.com/edlitmus/halite/internal/state/top.go:248.19,250.70 1 1
github.com/edlitmus/halite/internal/state/top.go:250.70,251.13 1 1
github.com/edlitmus/halite/internal/state/top.go:253.4,253.80 1 0
github.com/edlitmus/halite/internal/state/top.go:254.11,255.95 1 0
github.com/edlitmus/halite/internal/state/top.go:258.2,258.12 1 1
github.com/edlitmus/halite/internal/state/top.go:261.47,262.24 1 1
github.com/edlitmus/halite/internal/state/top.go:262.24,264.32 2 1
github.com/edlitmus/halite/internal/state/top.go:264.32,265.21 1 1
github.com/edlitmus/halite/internal/state/top.go:265.21,267.10 2 0
github.com/edlitmus/halite/internal/state/top.go:270.3,270.13 1 1
github.com/edlitmus/halite/internal/state/top.go:270.13,272.4 1 1
github.com/edlitmus/halite/internal/state/top.go:274.2,274.12 1 1
github.com/edlitmus/halite/internal/state/top.go:277.55,279.19 2 1
github.com/edlitmus/halite/internal/state/top.go:279.19,281.3 1 1
github.com/edlitmus/halite/internal/state/top.go:282.2,283.12 2 1
github.com/edlitmus/halite/internal/builtin/builtin.go:22.24,34.2 8 1
github.com/edlitmus/halite/internal/builtin/builtin.go:41.69,43.2 1 1
github.com/edlitmus/halite/internal/builtin/builtin.go:45.78,47.2 1 1
github.com/edlitmus/halite/internal/builtin/builtin.go:49.82,51.2 1 1
github.com/edlitmus/halite/internal/builtin/builtin.go:55.44,57.2 1 1
github.com/edlitmus/halite/internal/builtin/builtin.go:60.44,62.2 1 1
github.com/edlitmus/halite/internal/builtin/cmd.go:20.33,21.64 1 1
github.com/edlitmus/halite/internal/builtin/cmd.go:21.64,35.3 2 1
github.com/edlitmus/halite/internal/builtin/cmd.go:37.2,37.63 1 1
github.com/edlitmus/halite/internal/builtin/cmd.go:37.63,47.16 3 1
github.com/edlitmus/halite/internal/builtin/cmd.go:47.16,49.4 1 1
github.com/edlitmus/halite/internal/builtin/cmd.go:49.9,51.4 1 1
github.com/edlitmus/halite/internal/builtin/cmd.go:52.3,52.59 1 1
github.com/edlitmus/halite/internal/builtin/cmd.go:52.59,54.39 2 0
github.com/edlitmus/halite/internal/builtin/cmd.go:54.39,56.5 1 0
github.com/edlitmus/halite/internal/builtin/cmd.go:57.4,57.17 1 0
github.com/edlitmus/halite/internal/builtin/cmd.go:59.3,59.51 1 1
github.com/edlitmus/halite/internal/builtin/cmd.go:59.51,60.43 1 0
github.com/edlitmus/halite/internal/builtin/cmd.go:60.43,62.5 1 0
github.com/edlitmus/halite/internal/builtin/cmd.go:64.3,64.13 1 1
github.com/edlitmus/halite/internal/builtin/cmd.go:67.2,67.71 1 1
github.com/edlitmus/halite/internal/builtin/cmd.go:67.71,69.16 2 0
github.com/edlitmus/halite/internal/builtin/cmd.go:69.16,71.4 1 0
github.com/edlitmus/halite/internal/builtin/cmd.go:72.3,73.17 2 0
github.com/edlitmus/halite/internal/builtin/cmd.go:73.17,75.4 1 0
github.com/edlitmus/halite/internal/builtin/cmd.go:76.3,81.9 1 0
github.com/edlitmus/halite/internal/builtin/cmd.go:84.2,84.96 1 1
github.com/edlitmus/halite/internal/builtin/cmd.go:84.96,93.3 1 1
github.com/edlitmus/halite/internal/builtin/cmd.go:95.2,98.60 1 1
github.com/edlitmus/halite/internal/builtin/cmd.go:98.60,100.5 1 0
github.com/edlitmus/halite/internal/builtin/cmd.go:104.60,106.19 2 0
github.com/edlitmus/halite/internal/builtin/cmd.go:106.19,108.6 1 0
github.com/edlitmus/halite/internal/builtin/cmd.go:109.5,110.84 2 0
github.com/edlitmus/halite/internal/builtin/cmd.go:110.84,113.6 2 0
github.com/edlitmus/halite/internal/builtin/cmd.go:114.5,115.18 2 0
github.com/edlitmus/halite/internal/builtin/cmd.go:120.60,122.19 2 0
github.com/edlitmus/halite/internal/builtin/cmd.go:122.19,124.6 1 0
github.com/edlitmus/halite/internal/builtin/cmd.go:125.5,126.18 2 0
github.com/edlitmus/halite/internal/builtin/cmd.go:131.60,133.19 2 0
github.com/edlitmus/halite/internal/builtin/cmd.go:133.19,135.6 1 0
github.com/edlitmus/halite/internal/builtin/cmd.go:136.5,137.18 2 0
github.com/edlitmus/halite/internal/builtin/cmd.go:142.60,144.19 2 0
github.com/edlitmus/halite/internal/builtin/cmd.go:144.19,146.6 1 0
github.com/edlitmus/halite/internal/builtin/cmd.go:147.5,148.18 2 0
github.com/edlitmus/halite/internal/builtin/cmd.go:159.60,161.5 1 0
github.com/edlitmus/halite/internal/builtin/cmd.go:171.60,173.5 1 0
github.com/edlitmus/halite/internal/builtin/cmd.go:180.2,180.76 1 1
github.com/edlitmus/halite/internal/builtin/cmd.go:180.76,182.13 2 1
github.com/edlitmus/halite/internal/builtin/cmd.go:182.13,187.4 1 1
github.com/edlitmus/halite/internal/builtin/cmd.go:188.3,188.16 1 1
github.com/edlitmus/halite/internal/builtin/cmd.go:188.16,190.4 1 1
github.com/edlitmus/halite/internal/builtin/cmd.go:191.3,193.17 3 1
github.com/edlitmus/halite/internal/builtin/cmd.go:193.17,195.4 1 0
github.com/edlitmus/halite/internal/builtin/cmd.go:196.3,205.31 4 1
github.com/edlitmus/halite/internal/builtin/cmd.go:205.31,209.4 3 0
github.com/edlitmus/halite/internal/builtin/cmd.go:210.3,210.88 1 1
github.com/edlitmus/halite/internal/builtin/cmd.go:213.2,238.70 1 1
github.com/edlitmus/halite/internal/builtin/cmd.go:238.70,240.5 1 1
github.com/edlitmus/halite/internal/builtin/cmd.go:246.33,248.45 2 0
github.com/edlitmus/halite/internal/builtin/cmd.go:248.45,250.3 1 0
github.com/edlitmus/halite/internal/builtin/cmd.go:251.2,251.10 1 0
github.com/edlitmus/halite/internal/builtin/cmd.go:254.47,255.23 1 0
github.com/edlitmus/halite/internal/builtin/cmd.go:256.13,257.45 1 0
github.com/edlitmus/halite/internal/builtin/cmd.go:258.15,259.54 1 0
github.com/edlitmus/halite/internal/builtin/cmd.go:260.14,261.31 1 0
github.com/edlitmus/halite/internal/builtin/cmd.go:263.2,263.65 1 0
github.com/edlitmus/halite/internal/builtin/file.go:22.34,25.2 2 1
github.com/edlitmus/halite/internal/builtin/file.go:27.38,37.60 1 1
github.com/edlitmus/halite/internal/builtin/file.go:37.60,39.19 2 0
github.com/edlitmus/halite/internal/builtin/file.go:39.19,41.6 1 0
github.com/edlitmus/halite/internal/builtin/file.go:42.5,42.26 1 0
github.com/edlitmus/halite/internal/builtin/file.go:57.60,60.19 3 0
github.com/edlitmus/halite/internal/builtin/file.go:60.19,62.6 1 0
github.com/edlitmus/halite/internal/builtin/file.go:63.5,63.15 1 0
github.com/edlitmus/halite/internal/builtin/file.go:63.15,65.6 1 0
github.com/edlitmus/halite/internal/builtin/file.go:66.5,66.93 1 0
github.com/edlitmus/halite/internal/builtin/file.go:66.93,68.6 1 0
github.com/edlitmus/halite/internal/builtin/file.go:69.5,69.21 1 0
github.com/edlitmus/halite/internal/builtin/file.go:83.60,85.5 1 0
github.com/edlitmus/halite/internal/builtin/file.go:95.60,97.5 1 0
github.com/edlitmus/halite/internal/builtin/file.go:107.60,110.5 2 0
github.com/edlitmus/halite/internal/builtin/file.go:120.60,123.5 2 0
github.com/edlitmus/halite/internal/builtin/file.go:134.60,136.15 2 0
github.com/edlitmus/halite/internal/builtin/file.go:136.15,139.6 2 0
github.com/edlitmus/halite/internal/builtin/file.go:140.5,140.46 1 0
github.com/edlitmus/halite/internal/builtin/file.go:140.46,142.6 1 0
github.com/edlitmus/halite/internal/builtin/file.go:143.5,143.21 1 0
github.com/edlitmus/halite/internal/builtin/file.go:149.49,151.16 2 0
github.com/edlitmus/halite/internal/builtin/file.go:151.16,153.3 1 0
github.com/edlitmus/halite/internal/builtin/file.go:154.2,155.9 2 0
github.com/edlitmus/halite/internal/builtin/file.go:156.20,157.15 1 0
github.com/edlitmus/halite/internal/builtin/file.go:158.39,159.16 1 0
github.com/edlitmus/halite/internal/builtin/file.go:161.2,169.15 3 0
github.com/edlitmus/halite/internal/builtin/file.go:172.40,261.2 6 1
github.com/edlitmus/halite/internal/builtin/file.go:265.94,266.51 1 1
github.com/edlitmus/halite/internal/builtin/file.go:266.51,267.24 1 1
github.com/edlitmus/halite/internal/builtin/file.go:268.15,269.60 1 1
github.com/edlitmus/halite/internal/builtin/file.go:270.14,272.27 2 0
github.com/edlitmus/halite/internal/builtin/file.go:272.27,275.5 2 0
github.com/edlitmus/halite/internal/builtin/file.go:276.4,276.46 1 0
github.com/edlitmus/halite/internal/builtin/file.go:277.11,278.107 1 0
github.com/edlitmus/halite/internal/builtin/file.go:282.2,282.63 1 1
github.com/edlitmus/halite/internal/builtin/file.go:282.63,284.10 2 1
github.com/edlitmus/halite/internal/builtin/file.go:284.10,286.4 1 1
github.com/edlitmus/halite/internal/builtin/file.go:287.3,287.83 1 1
github.com/edlitmus/halite/internal/builtin/file.go:290.2,291.18 2 1
github.com/edlitmus/halite/internal/builtin/file.go:291.18,293.3 1 0
github.com/edlitmus/halite/internal/builtin/file.go:294.2,294.37 1 1
github.com/edlitmus/halite/internal/builtin/file.go:294.37,295.21 1 0
github.com/edlitmus/halite/internal/builtin/file.go:295.21,297.4 1 0
github.com/edlitmus/halite/internal/builtin/file.go:298.3,299.17 2 0
github.com/edlitmus/halite/internal/builtin/file.go:299.17,301.4 1 0
github.com/edlitmus/halite/internal/builtin/file.go:302.3,303.17 2 0
github.com/edlitmus/halite/internal/builtin/file.go:303.17,305.4 1 0
github.com/edlitmus/halite/internal/builtin/file.go:306.3,306.24 1 0
github.com/edlitmus/halite/internal/builtin/file.go:308.2,309.16 2 1
github.com/edlitmus/halite/internal/builtin/file.go:309.16,311.3 1 0
github.com/edlitmus/halite/internal/builtin/file.go:312.2,312.23 1 1
github.com/edlitmus/halite/internal/builtin/file.go:315.45,316.43 1 1
github.com/edlitmus/halite/internal/builtin/file.go:316.43,318.3 1 1
github.com/edlitmus/halite/internal/builtin/file.go:319.2,319.17 1 1
github.com/edlitmus/halite/internal/builtin/file.go:322.75,324.16 2 1
github.com/edlitmus/halite/internal/builtin/file.go:324.16,326.3 1 0
github.com/edlitmus/halite/internal/builtin/file.go:327.2,330.16 3 1
github.com/edlitmus/halite/internal/builtin/file.go:330.16,332.3 1 1
github.com/edlitmus/halite/internal/builtin/file.go:334.2,334.84 1 1
github.com/edlitmus/halite/internal/builtin/file.go:334.84,335.61 1 1
github.com/edlitmus/halite/internal/builtin/file.go:335.61,337.4 1 1
github.com/edlitmus/halite/internal/builtin/file.go:340.2,344.51 4 1
github.com/edlitmus/halite/internal/builtin/file.go:344.51,346.3 1 0
github.com/edlitmus/halite/internal/builtin/file.go:349.2,350.39 2 1
github.com/edlitmus/halite/internal/builtin/file.go:350.39,352.3 1 1
github.com/edlitmus/halite/internal/builtin/file.go:353.2,354.69 2 1
github.com/edlitmus/halite/internal/builtin/file.go:354.69,356.3 1 0
github.com/edlitmus/halite/internal/builtin/file.go:357.2,357.20 1 1
github.com/edlitmus/halite/internal/builtin/file.go:357.20,358.46 1 1
github.com/edlitmus/halite/internal/builtin/file.go:358.46,360.4 1 1
github.com/edlitmus/halite/internal/builtin/file.go:360.9,362.4 1 0
github.com/edlitmus/halite/internal/builtin/file.go:364.2,364.28 1 1
github.com/edlitmus/halite/internal/builtin/file.go:364.28,370.3 3 0
github.com/edlitmus/halite/internal/builtin/file.go:373.2,376.19 4 1
github.com/edlitmus/halite/internal/builtin/file.go:376.19,378.17 2 1
github.com/edlitmus/halite/internal/builtin/file.go:378.17,380.4 1 0
github.com/edlitmus/halite/internal/builtin/file.go:381.3,381.54 1 1
github.com/edlitmus/halite/internal/builtin/file.go:381.54,384.4 2 0
github.com/edlitmus/halite/internal/builtin/file.go:385.3,385.14 1 1
github.com/edlitmus/halite/internal/builtin/file.go:385.14,387.4 1 1
github.com/edlitmus/halite/internal/builtin/file.go:391.2,392.16 2 1
github.com/edlitmus/halite/internal/builtin/file.go:392.16,394.3 1 0
github.com/edlitmus/halite/internal/builtin/file.go:395.2,395.40 1 1
github.com/edlitmus/halite/internal/builtin/file.go:395.40,397.3 1 0
github.com/edlitmus/halite/internal/builtin/file.go:399.2,399.54 1 1
github.com/edlitmus/halite/internal/builtin/file.go:399.54,401.3 1 1
github.com/edlitmus/halite/internal/builtin/file.go:403.2,403.12 1 1
github.com/edlitmus/halite/internal/builtin/file.go:403.12,405.3 1 1
github.com/edlitmus/halite/internal/builtin/file.go:407.2,407.42 1 1
github.com/edlitmus/halite/internal/builtin/file.go:407.42,409.17 2 0
github.com/edlitmus/halite/internal/builtin/file.go:409.17,411.4 1 0
github.com/edlitmus/halite/internal/builtin/file.go:412.3,412.66 1 0
github.com/edlitmus/halite/internal/builtin/file.go:412.66,414.4 1 0
github.com/edlitmus/halite/internal/builtin/file.go:417.2,417.20 1 1
github.com/edlitmus/halite/internal/builtin/file.go:417.20,418.71 1 1
github.com/edlitmus/halite/internal/builtin/file.go:418.71,419.67 1 0
github.com/edlitmus/halite/internal/builtin/file.go:419.67,421.5 1 0
github.com/edlitmus/halite/internal/builtin/file.go:422.4,422.38 1 0
github.com/edlitmus/halite/internal/builtin/file.go:424.3,425.21 2 1
github.com/edlitmus/halite/internal/builtin/file.go:425.21,426.14 1 1
github.com/edlitmus/halite/internal/builtin/file.go:426.14,428.5 1 0
github.com/edlitmus/halite/internal/builtin/file.go:428.10,430.5 1 1
github.com/edlitmus/halite/internal/builtin/file.go:432.3,432.60 1 1
github.com/edlitmus/halite/internal/builtin/file.go:432.60,434.4 1 0
github.com/edlitmus/halite/internal/builtin/file.go:435.8,435.24 1 0
github.com/edlitmus/halite/internal/builtin/file.go:435.24,436.50 1 0
github.com/edlitmus/halite/internal/builtin/file.go:436.50,438.4 1 0
github.com/edlitmus/halite/internal/builtin/file.go:441.2,441.18 1 1
github.com/edlitmus/halite/internal/builtin/file.go:441.18,442.107 1 0
github.com/edlitmus/halite/internal/builtin/file.go:442.107,444.4 1 0
github.com/edlitmus/halite/internal/builtin/file.go:447.2,447.122 1 1
github.com/edlitmus/halite/internal/builtin/file.go:450.96,452.14 2 1
github.com/edlitmus/halite/internal/builtin/file.go:452.14,453.74 1 1
github.com/edlitmus/halite/internal/builtin/file.go:453.74,455.4 1 1
github.com/edlitmus/halite/internal/builtin/file.go:455.9,457.4 1 1
github.com/edlitmus/halite/internal/builtin/file.go:459.2,459.10 1 1
github.com/edlitmus/halite/internal/builtin/file.go:459.10,461.3 1 1
github.com/edlitmus/halite/internal/builtin/file.go:462.2,462.11 1 1
github.com/edlitmus/halite/internal/builtin/file.go:462.11,464.3 1 0
github.com/edlitmus/halite/internal/builtin/file.go:465.2,466.13 2 1
github.com/edlitmus/halite/internal/builtin/file.go:466.13,468.3 1 1
github.com/edlitmus/halite/internal/builtin/file.go:469.2,469.21 1 1
github.com/edlitmus/halite/internal/builtin/file.go:469.21,471.3 1 0
github.com/edlitmus/halite/internal/builtin/file.go:472.2,472.77 1 1
github.com/edlitmus/halite/internal/builtin/file.go:477.76,479.12 2 1
github.com/edlitmus/halite/internal/builtin/file.go:479.12,483.22 2 0
github.com/edlitmus/halite/internal/builtin/file.go:484.11,485.24 1 0
github.com/edlitmus/halite/internal/builtin/file.go:486.11,487.24 1 0
github.com/edlitmus/halite/internal/builtin/file.go:488.12,489.24 1 0
github.com/edlitmus/halite/internal/builtin/file.go:490.11,491.21 1 0
github.com/edlitmus/halite/internal/builtin/file.go:492.11,493.22 1 0
github.com/edlitmus/halite/internal/builtin/file.go:494.11,495.103 1 0
github.com/edlitmus/halite/internal/builtin/file.go:498.2,501.47 3 1
github.com/edlitmus/halite/internal/builtin/file.go:501.47,506.17 3 0
github.com/edlitmus/halite/internal/builtin/file.go:506.17,508.4 1 0
github.com/edlitmus/halite/internal/builtin/file.go:509.3,509.20 1 0
github.com/edlitmus/halite/internal/builtin/file.go:509.20,511.4 1 0
github.com/edlitmus/halite/internal/builtin/file.go:512.3,512.13 1 0
github.com/edlitmus/halite/internal/builtin/file.go:515.2,516.16 2 1
github.com/edlitmus/halite/internal/builtin/file.go:516.16,518.3 1 0
github.com/edlitmus/halite/internal/builtin/file.go:519.2,519.19 1 1
github.com/edlitmus/halite/internal/builtin/file.go:519.19,521.3 1 1
github.com/edlitmus/halite/internal/builtin/file.go:522.2,522.12 1 1
github.com/edlitmus/halite/internal/builtin/file.go:525.77,531.29 5 1
github.com/edlitmus/halite/internal/builtin/file.go:531.29,533.3 1 0
github.com/edlitmus/halite/internal/builtin/file.go:535.2,538.19 4 1
github.com/edlitmus/halite/internal/builtin/file.go:538.19,541.17 3 1
github.com/edlitmus/halite/internal/builtin/file.go:541.17,543.4 1 0
github.com/edlitmus/halite/internal/builtin/file.go:544.3,544.54 1 1
github.com/edlitmus/halite/internal/builtin/file.go:544.54,547.4 2 0
github.com/edlitmus/halite/internal/builtin/file.go:550.2,551.16 2 1
github.com/edlitmus/halite/internal/builtin/file.go:551.16,553.3 1 0
github.com/edlitmus/halite/internal/builtin/file.go:554.2,554.40 1 1
github.com/edlitmus/halite/internal/builtin/file.go:554.40,556.3 1 0
github.com/edlitmus/halite/internal/builtin/file.go:558.2,558.45 1 1
github.com/edlitmus/halite/internal/builtin/file.go:558.45,560.3 1 1
github.com/edlitmus/halite/internal/builtin/file.go:561.2,561.13 1 1
github.com/edlitmus/halite/internal/builtin/file.go:561.13,563.3 1 1
github.com/edlitmus/halite/internal/builtin/file.go:565.2,565.12 1 1
github.com/edlitmus/halite/internal/builtin/file.go:565.12,567.14 2 1
github.com/edlitmus/halite/internal/builtin/file.go:567.14,569.4 1 1
github.com/edlitmus/halite/internal/builtin/file.go:570.3,570.100 1 1
github.com/edlitmus/halite/internal/builtin/file.go:573.2,573.13 1 1
github.com/edlitmus/halite/internal/builtin/file.go:573.13,575.43 2 1
github.com/edlitmus/halite/internal/builtin/file.go:575.43,577.4 1 0
github.com/edlitmus/halite/internal/builtin/file.go:578.3,578.44 1 1
github.com/edlitmus/halite/internal/builtin/file.go:578.44,580.4 1 0
github.com/edlitmus/halite/internal/builtin/file.go:581.8,581.24 1 0
github.com/edlitmus/halite/internal/builtin/file.go:581.24,582.50 1 0
github.com/edlitmus/halite/internal/builtin/file.go:582.50,584.4 1 0
github.com/edlitmus/halite/internal/builtin/file.go:586.2,586.18 1 1
github.com/edlitmus/halite/internal/builtin/file.go:586.18,587.107 1 0
github.com/edlitmus/halite/internal/builtin/file.go:587.107,589.4 1 0
github.com/edlitmus/halite/internal/builtin/file.go:592.2,593.13 2 1
github.com/edlitmus/halite/internal/builtin/file.go:593.13,595.3 1 1
github.com/edlitmus/halite/internal/builtin/file.go:596.2,596.90 1 1
github.com/edlitmus/halite/internal/builtin/file.go:599.74,601.42 2 1
github.com/edlitmus/halite/internal/builtin/file.go:601.42,602.25 1 1
github.com/edlitmus/halite/internal/builtin/file.go:602.25,604.4 1 1
github.com/edlitmus/halite/internal/builtin/file.go:605.3,605.84 1 0
github.com/edlitmus/halite/internal/builtin/file.go:607.2,608.12 2 1
github.com/edlitmus/halite/internal/builtin/file.go:608.12,610.3 1 1
github.com/edlitmus/halite/internal/builtin/file.go:611.2,611.43 1 1
github.com/edlitmus/halite/internal/builtin/file.go:611.43,613.3 1 0
github.com/edlitmus/halite/internal/builtin/file.go:614.2,614.75 1 1
github.com/edlitmus/halite/internal/builtin/file.go:617.75,620.18 3 1
github.com/edlitmus/halite/internal/builtin/file.go:620.18,622.3 1 0
github.com/edlitmus/halite/internal/builtin/file.go:624.2,625.9 2 1
github.com/edlitmus/halite/internal/builtin/file.go:626.57,628.17 2 1
github.com/edlitmus/halite/internal/builtin/file.go:628.17,630.4 1 0
github.com/edlitmus/halite/internal/builtin/file.go:631.3,631.24 1 1
github.com/edlitmus/halite/internal/builtin/file.go:631.24,633.4 1 1
github.com/edlitmus/halite/internal/builtin/file.go:634.3,635.13 2 0
github.com/edlitmus/halite/internal/builtin/file.go:635.13,637.4 1 0
github.com/edlitmus/halite/internal/builtin/file.go:638.3,638.41 1 0
github.com/edlitmus/halite/internal/builtin/file.go:638.41,640.4 1 0
github.com/edlitmus/halite/internal/builtin/file.go:641.3,641.50 1 0
github.com/edlitmus/halite/internal/builtin/file.go:641.50,643.4 1 0
github.com/edlitmus/halite/internal/builtin/file.go:644.3,644.101 1 0
github.com/edlitmus/halite/internal/builtin/file.go:646.22,647.41 1 0
github.com/edlitmus/halite/internal/builtin/file.go:647.41,649.4 1 0
github.com/edlitmus/halite/internal/builtin/file.go:650.3,651.13 2 0
github.com/edlitmus/halite/internal/builtin/file.go:651.13,653.4 1 0
github.com/edlitmus/halite/internal/builtin/file.go:654.3,654.44 1 0
github.com/edlitmus/halite/internal/builtin/file.go:654.44,656.4 1 0
github.com/edlitmus/halite/internal/builtin/file.go:657.3,657.50 1 0
github.com/edlitmus/halite/internal/builtin/file.go:657.50,659.4 1 0
github.com/edlitmus/halite/internal/builtin/file.go:660.3,660.103 1 0
github.com/edlitmus/halite/internal/builtin/file.go:662.10,664.13 2 1
github.com/edlitmus/halite/internal/builtin/file.go:664.13,666.4 1 1
github.com/edlitmus/halite/internal/builtin/file.go:667.3,667.43 1 1
github.com/edlitmus/halite/internal/builtin/file.go:667.43,668.65 1 0
github.com/edlitmus/halite/internal/builtin/file.go:668.65,670.5 1 0
github.com/edlitmus/halite/internal/builtin/file.go:672.3,672.50 1 1
github.com/edlitmus/halite/internal/builtin/file.go:672.50,674.4 1 0
github.com/edlitmus/halite/internal/builtin/file.go:675.3,675.108 1 1
github.com/edlitmus/halite/internal/builtin/file.go:679.73,681.42 2 1
github.com/edlitmus/halite/internal/builtin/file.go:681.42,683.3 1 1
github.com/edlitmus/halite/internal/builtin/file.go:684.2,685.12 2 1
github.com/edlitmus/halite/internal/builtin/file.go:685.12,687.3 1 1
github.com/edlitmus/halite/internal/builtin/file.go:688.2,688.54 1 1
github.com/edlitmus/halite/internal/builtin/file.go:688.54,690.3 1 0
github.com/edlitmus/halite/internal/builtin/file.go:691.2,691.81 1 1
github.com/edlitmus/halite/internal/builtin/fileutil.go:24.68,27.16 3 1
github.com/edlitmus/halite/internal/builtin/fileutil.go:27.16,29.3 1 0
github.com/edlitmus/halite/internal/builtin/fileutil.go:30.2,33.43 3 1
github.com/edlitmus/halite/internal/builtin/fileutil.go:33.43,36.3 2 0
github.com/edlitmus/halite/internal/builtin/fileutil.go:37.2,37.35 1 1
github.com/edlitmus/halite/internal/builtin/fileutil.go:37.35,40.3 2 0
github.com/edlitmus/halite/internal/builtin/fileutil.go:41.2,41.36 1 1
github.com/edlitmus/halite/internal/builtin/fileutil.go:41.36,43.3 1 0
github.com/edlitmus/halite/internal/builtin/fileutil.go:46.2,46.15 1 1
github.com/edlitmus/halite/internal/builtin/fileutil.go:46.15,47.49 1 1
github.com/edlitmus/halite/internal/builtin/fileutil.go:47.49,49.4 1 0
github.com/edlitmus/halite/internal/builtin/fileutil.go:51.2,51.49 1 1
github.com/edlitmus/halite/internal/builtin/fileutil.go:51.49,53.3 1 0
github.com/edlitmus/halite/internal/builtin/fileutil.go:56.2,56.40 1 1
github.com/edlitmus/halite/internal/builtin/fileutil.go:56.40,59.3 2 1
github.com/edlitmus/halite/internal/builtin/fileutil.go:60.2,60.12 1 1
github.com/edlitmus/halite/internal/builtin/fileutil.go:64.55,66.16 2 0
github.com/edlitmus/halite/internal/builtin/fileutil.go:66.16,68.3 1 0
github.com/edlitmus/halite/internal/builtin/fileutil.go:69.2,70.16 2 0
github.com/edlitmus/halite/internal/builtin/fileutil.go:70.16,72.3 1 0
github.com/edlitmus/halite/internal/builtin/fileutil.go:73.2,74.41 2 0
github.com/edlitmus/halite/internal/builtin/fileutil.go:74.41,76.3 1 0
github.com/edlitmus/halite/internal/builtin/fileutil.go:77.2,77.44 1 0
github.com/edlitmus/halite/internal/builtin/fileutil.go:81.60,83.16 2 1
github.com/edlitmus/halite/internal/builtin/fileutil.go:83.16,85.3 1 0
github.com/edlitmus/halite/internal/builtin/fileutil.go:86.2,87.44 2 1
github.com/edlitmus/halite/internal/builtin/fileutil.go:97.51,98.36 1 1
github.com/edlitmus/halite/internal/builtin/fileutil.go:99.20,100.27 1 1
github.com/edlitmus/halite/internal/builtin/fileutil.go:101.16,102.30 1 0
github.com/edlitmus/halite/internal/builtin/fileutil.go:103.16,104.27 1 0
github.com/edlitmus/halite/internal/builtin/fileutil.go:106.2,106.105 1 0
github.com/edlitmus/halite/internal/builtin/fileutil.go:112.47,114.13 2 1
github.com/edlitmus/halite/internal/builtin/fileutil.go:114.13,116.3 1 0
github.com/edlitmus/halite/internal/builtin/fileutil.go:117.2,118.16 2 1
github.com/edlitmus/halite/internal/builtin/fileutil.go:118.16,120.3 1 0
github.com/edlitmus/halite/internal/builtin/fileutil.go:121.2,121.28 1 1
github.com/edlitmus/halite/internal/builtin/fileutil.go:125.39,127.2 1 1
github.com/edlitmus/halite/internal/builtin/fileutil.go:133.57,134.24 1 1
github.com/edlitmus/halite/internal/builtin/fileutil.go:134.24,136.3 1 0
github.com/edlitmus/halite/internal/builtin/fileutil.go:137.2,143.91 4 1
github.com/edlitmus/halite/internal/builtin/fileutil.go:143.91,145.3 1 0
github.com/edlitmus/halite/internal/builtin/fileutil.go:146.2,147.83 2 1
github.com/edlitmus/halite/internal/builtin/fileutil.go:147.83,150.3 2 1
github.com/edlitmus/halite/internal/builtin/fileutil.go:152.2,160.32 8 1
github.com/edlitmus/halite/internal/builtin/fileutil.go:160.32,162.3 1 0
github.com/edlitmus/halite/internal/builtin/fileutil.go:163.2,163.34 1 1
github.com/edlitmus/halite/internal/builtin/fileutil.go:163.34,165.3 1 1
github.com/edlitmus/halite/internal/builtin/fileutil.go:166.2,166.34 1 1
github.com/edlitmus/halite/internal/builtin/fileutil.go:166.34,168.3 1 1
github.com/edlitmus/halite/internal/builtin/fileutil.go:169.2,169.34 1 1
github.com/edlitmus/halite/internal/builtin/fileutil.go:169.34,171.3 1 1
github.com/edlitmus/halite/internal/builtin/fileutil.go:172.2,172.19 1 1
github.com/edlitmus/halite/internal/builtin/fileutil.go:175.40,176.13 1 1
github.com/edlitmus/halite/internal/builtin/fileutil.go:176.13,178.3 1 1
github.com/edlitmus/halite/internal/builtin/fileutil.go:179.2,182.49 2 1
github.com/edlitmus/halite/internal/builtin/fileutil.go:182.49,184.3 1 1
github.com/edlitmus/halite/internal/builtin/fileutil.go:185.2,185.14 1 1
github.com/edlitmus/halite/internal/builtin/ownership_unix.go:20.51,22.9 2 0
github.com/edlitmus/halite/internal/builtin/ownership_unix.go:22.9,24.3 1 0
github.com/edlitmus/halite/internal/builtin/ownership_unix.go:25.2,27.81 3 0
github.com/edlitmus/halite/internal/builtin/ownership_unix.go:27.81,29.3 1 0
github.com/edlitmus/halite/internal/builtin/ownership_unix.go:30.2,30.86 1 0
github.com/edlitmus/halite/internal/builtin/ownership_unix.go:30.86,32.3 1 0
github.com/edlitmus/halite/internal/builtin/ownership_unix.go:38.103,39.39 1 1
github.com/edlitmus/halite/internal/builtin/ownership_unix.go:39.39,41.3 1 1
github.com/edlitmus/halite/internal/builtin/ownership_unix.go:42.2,43.16 2 0
github.com/edlitmus/halite/internal/builtin/ownership_unix.go:43.16,45.3 1 0
github.com/edlitmus/halite/internal/builtin/ownership_unix.go:46.2,46.13 1 0
github.com/edlitmus/halite/internal/builtin/ownership_unix.go:46.13,48.3 1 0
github.com/edlitmus/halite/internal/builtin/ownership_unix.go:50.2,51.16 2 0
github.com/edlitmus/halite/internal/builtin/ownership_unix.go:51.16,53.3 1 0
github.com/edlitmus/halite/internal/builtin/ownership_unix.go:54.2,55.9 2 0
github.com/edlitmus/halite/internal/builtin/ownership_unix.go:55.9,57.3 1 0
github.com/edlitmus/halite/internal/builtin/ownership_unix.go:58.2,59.14 2 0
github.com/edlitmus/halite/internal/builtin/ownership_unix.go:59.14,61.3 1 0
github.com/edlitmus/halite/internal/builtin/ownership_unix.go:62.2,63.75 2 0
github.com/edlitmus/halite/internal/builtin/ownership_unix.go:66.37,67.9 1 0
github.com/edlitmus/halite/internal/builtin/ownership_unix.go:68.26,69.21 1 0
github.com/edlitmus/halite/internal/builtin/ownership_unix.go:70.15,71.11 1 0
github.com/edlitmus/halite/internal/builtin/ownership_unix.go:72.10,73.17 1 0
github.com/edlitmus/halite/internal/builtin/ownership_unix.go:78.61,80.16 2 0
github.com/edlitmus/halite/internal/builtin/ownership_unix.go:80.16,82.3 1 0
github.com/edlitmus/halite/internal/builtin/ownership_unix.go:83.2,83.34 1 0
github.com/edlitmus/halite/internal/builtin/ownership_unix.go:88.65,90.20 2 0
github.com/edlitmus/halite/internal/builtin/ownership_unix.go:90.20,92.17 2 0
github.com/edlitmus/halite/internal/builtin/ownership_unix.go:92.17,94.4 1 0
github.com/edlitmus/halite/internal/builtin/ownership_unix.go:95.3,96.17 2 0
github.com/edlitmus/halite/internal/builtin/ownership_unix.go:96.17,98.4 1 0
github.com/edlitmus/halite/internal/builtin/ownership_unix.go:99.3,99.10 1 0
github.com/edlitmus/halite/internal/builtin/ownership_unix.go:101.2,101.21 1 0
github.com/edlitmus/halite/internal/builtin/ownership_unix.go:101.21,103.17 2 0
github.com/edlitmus/halite/internal/builtin/ownership_unix.go:103.17,105.4 1 0
github.com/edlitmus/halite/internal/builtin/ownership_unix.go:106.3,107.17 2 0
github.com/edlitmus/halite/internal/builtin/ownership_unix.go:107.17,109.4 1 0
github.com/edlitmus/halite/internal/builtin/ownership_unix.go:110.3,110.10 1 0
github.com/edlitmus/halite/internal/builtin/ownership_unix.go:112.2,112.22 1 0
github.com/edlitmus/halite/internal/builtin/ownership_unix.go:115.50,116.45 1 0
github.com/edlitmus/halite/internal/builtin/ownership_unix.go:116.45,118.3 1 0
github.com/edlitmus/halite/internal/builtin/ownership_unix.go:121.2,121.46 1 0
github.com/edlitmus/halite/internal/builtin/ownership_unix.go:121.46,122.48 1 0
github.com/edlitmus/halite/internal/builtin/ownership_unix.go:122.48,124.4 1 0
github.com/edlitmus/halite/internal/builtin/ownership_unix.go:125.3,125.63 1 0
github.com/edlitmus/halite/internal/builtin/ownership_unix.go:127.2,127.69 1 0
github.com/edlitmus/halite/internal/builtin/ownership_unix.go:130.52,131.50 1 0
github.com/edlitmus/halite/internal/builtin/ownership_unix.go:131.50,133.3 1 0
github.com/edlitmus/halite/internal/builtin/ownership_unix.go:134.2,134.46 1 0
github.com/edlitmus/halite/internal/builtin/ownership_unix.go:134.46,135.53 1 0
github.com/edlitmus/halite/internal/builtin/ownership_unix.go:135.53,137.4 1 0
github.com/edlitmus/halite/internal/builtin/ownership_unix.go:138.3,138.49 1 0
github.com/edlitmus/halite/internal/builtin/ownership_unix.go:140.2,140.70 1 0
github.com/edlitmus/halite/internal/builtin/ownership_unix.go:146.64,147.19 1 0
github.com/edlitmus/halite/internal/builtin/ownership_unix.go:148.13,150.41 2 0
github.com/edlitmus/halite/internal/builtin/ownership_unix.go:151.14,153.41 2 0
github.com/edlitmus/halite/internal/builtin/ownership_unix.go:155.2,155.64 1 0
github.com/edlitmus/halite/internal/builtin/pkg.go:46.60,47.33 1 1
github.com/edlitmus/halite/internal/builtin/pkg.go:47.33,48.21 1 1
github.com/edlitmus/halite/internal/builtin/pkg.go:48.21,50.4 1 1
github.com/edlitmus/halite/internal/builtin/pkg.go:52.2,52.146 1 0
github.com/edlitmus/halite/internal/builtin/pkg.go:55.33,65.60 1 1
github.com/edlitmus/halite/internal/builtin/pkg.go:65.60,67.19 2 0
github.com/edlitmus/halite/internal/builtin/pkg.go:67.19,69.6 1 0
github.com/edlitmus/halite/internal/builtin/pkg.go:70.5,70.25 1 0
github.com/edlitmus/halite/internal/builtin/pkg.go:81.60,83.19 2 0
github.com/edlitmus/halite/internal/builtin/pkg.go:83.19,85.6 1 0
github.com/edlitmus/halite/internal/builtin/pkg.go:86.5,87.19 2 0
github.com/edlitmus/halite/internal/builtin/pkg.go:87.19,89.6 1 0
github.com/edlitmus/halite/internal/builtin/pkg.go:90.5,91.17 2 0
github.com/edlitmus/halite/internal/builtin/pkg.go:91.17,93.6 1 0
github.com/edlitmus/halite/internal/builtin/pkg.go:94.5,94.18 1 0
github.com/edlitmus/halite/internal/builtin/pkg.go:105.60,107.19 2 0
github.com/edlitmus/halite/internal/builtin/pkg.go:107.19,109.6 1 0
github.com/edlitmus/halite/internal/builtin/pkg.go:110.5,110.60 1 0
github.com/edlitmus/halite/internal/builtin/pkg.go:121.60,123.19 2 0
github.com/edlitmus/halite/internal/builtin/pkg.go:123.19,125.6 1 0
github.com/edlitmus/halite/internal/builtin/pkg.go:126.5,126.15 1 0
github.com/edlitmus/halite/internal/builtin/pkg.go:126.15,128.6 1 0
github.com/edlitmus/halite/internal/builtin/pkg.go:129.5,129.32 1 0
github.com/edlitmus/halite/internal/builtin/pkg.go:147.60,149.19 2 0
github.com/edlitmus/halite/internal/builtin/pkg.go:149.19,151.6 1 0
github.com/edlitmus/halite/internal/builtin/pkg.go:152.5,153.15 2 0
github.com/edlitmus/halite/internal/builtin/pkg.go:153.15,155.6 1 0
github.com/edlitmus/halite/internal/builtin/pkg.go:156.5,156.84 1 0
github.com/edlitmus/halite/internal/builtin/pkg.go:172.60,174.19 2 0
github.com/edlitmus/halite/internal/builtin/pkg.go:174.19,176.6 1 0
github.com/edlitmus/halite/internal/builtin/pkg.go:177.5,178.15 2 0
github.com/edlitmus/halite/internal/builtin/pkg.go:178.15,180.6 1 0
github.com/edlitmus/halite/internal/builtin/pkg.go:181.5,181.43 1 0
github.com/edlitmus/halite/internal/builtin/pkg.go:186.2,233.3 2 1
github.com/edlitmus/halite/internal/builtin/pkg.go:239.66,243.47 3 1
github.com/edlitmus/halite/internal/builtin/pkg.go:243.47,244.32 1 1
github.com/edlitmus/halite/internal/builtin/pkg.go:244.32,245.30 1 1
github.com/edlitmus/halite/internal/builtin/pkg.go:245.30,246.29 1 1
github.com/edlitmus/halite/internal/builtin/pkg.go:247.17,248.30 1 1
github.com/edlitmus/halite/internal/builtin/pkg.go:249.21,250.36 1 1
github.com/edlitmus/halite/internal/builtin/pkg.go:250.36,253.23 3 1
github.com/edlitmus/halite/internal/builtin/pkg.go:253.23,255.8 1 1
github.com/edlitmus/halite/internal/builtin/pkg.go:262.2,262.21 1 1
github.com/edlitmus/halite/internal/builtin/pkg.go:262.21,263.55 1 1
github.com/edlitmus/halite/internal/builtin/pkg.go:263.55,265.53 2 1
github.com/edlitmus/halite/internal/builtin/pkg.go:265.53,267.5 1 1
github.com/edlitmus/halite/internal/builtin/pkg.go:269.8,269.58 1 1
github.com/edlitmus/halite/internal/builtin/pkg.go:269.58,270.27 1 0
github.com/edlitmus/halite/internal/builtin/pkg.go:270.27,271.41 1 0
github.com/edlitmus/halite/internal/builtin/pkg.go:271.41,273.5 1 0
github.com/edlitmus/halite/internal/builtin/pkg.go:276.2,276.24 1 1
github.com/edlitmus/halite/internal/builtin/pkg.go:279.76,281.16 2 1
github.com/edlitmus/halite/internal/builtin/pkg.go:281.16,283.3 1 0
github.com/edlitmus/halite/internal/builtin/pkg.go:284.2,285.21 2 1
github.com/edlitmus/halite/internal/builtin/pkg.go:285.21,287.3 1 0
github.com/edlitmus/halite/internal/builtin/pkg.go:289.2,290.16 2 1
github.com/edlitmus/halite/internal/builtin/pkg.go:290.16,292.3 1 0
github.com/edlitmus/halite/internal/builtin/pkg.go:294.2,296.29 3 1
github.com/edlitmus/halite/internal/builtin/pkg.go:296.29,299.14 3 1
github.com/edlitmus/halite/internal/builtin/pkg.go:299.14,301.4 1 0
github.com/edlitmus/halite/internal/builtin/pkg.go:302.3,303.10 2 1
github.com/edlitmus/halite/internal/builtin/pkg.go:304.17,306.62 2 1
github.com/edlitmus/halite/internal/builtin/pkg.go:307.58,309.58 2 0
github.com/edlitmus/halite/internal/builtin/pkg.go:313.2,313.23 1 1
github.com/edlitmus/halite/internal/builtin/pkg.go:313.23,315.3 1 0
github.com/edlitmus/halite/internal/builtin/pkg.go:316.2,316.12 1 1
github.com/edlitmus/halite/internal/builtin/pkg.go:316.12,319.3 1 1
github.com/edlitmus/halite/internal/builtin/pkg.go:321.2,321.93 1 0
github.com/edlitmus/halite/internal/builtin/pkg.go:321.93,323.3 1 0
github.com/edlitmus/halite/internal/builtin/pkg.go:328.2,329.16 2 0
github.com/edlitmus/halite/internal/builtin/pkg.go:329.16,330.32 1 0
github.com/edlitmus/halite/internal/builtin/pkg.go:330.32,334.4 3 0
github.com/edlitmus/halite/internal/builtin/pkg.go:336.2,337.104 1 0
github.com/edlitmus/halite/internal/builtin/pkg.go:340.38,341.13 1 1
github.com/edlitmus/halite/internal/builtin/pkg.go:341.13,343.3 1 1
github.com/edlitmus/halite/internal/builtin/pkg.go:344.2,344.10 1 0
github.com/edlitmus/halite/internal/builtin/pkg.go:350.52,351.16 1 1
github.com/edlitmus/halite/internal/builtin/pkg.go:351.16,353.3 1 1
github.com/edlitmus/halite/internal/builtin/pkg.go:354.2,354.34 1 1
github.com/edlitmus/halite/internal/builtin/pkg.go:354.34,356.3 1 1
github.com/edlitmus/halite/internal/builtin/pkg.go:357.2,357.26 1 1
github.com/edlitmus/halite/internal/builtin/pkg.go:360.74,362.16 2 0
github.com/edlitmus/halite/internal/builtin/pkg.go:362.16,364.3 1 0
github.com/edlitmus/halite/internal/builtin/pkg.go:365.2,366.21 2 0
github.com/edlitmus/halite/internal/builtin/pkg.go:366.21,368.3 1 0
github.com/edlitmus/halite/internal/builtin/pkg.go:370.2,371.16 2 0
github.com/edlitmus/halite/internal/builtin/pkg.go:371.16,373.3 1 0
github.com/edlitmus/halite/internal/builtin/pkg.go:375.2,377.29 3 0
github.com/edlitmus/halite/internal/builtin/pkg.go:377.29,378.41 1 0
github.com/edlitmus/halite/internal/builtin/pkg.go:378.41,381.4 2 0
github.com/edlitmus/halite/internal/builtin/pkg.go:383.2,383.23 1 0
github.com/edlitmus/halite/internal/builtin/pkg.go:383.23,385.3 1 0
github.com/edlitmus/halite/internal/builtin/pkg.go:386.2,386.12 1 0
github.com/edlitmus/halite/internal/builtin/pkg.go:386.12,389.3 1 0
github.com/edlitmus/halite/internal/builtin/pkg.go:390.2,390.52 1 0
github.com/edlitmus/halite/internal/builtin/pkg.go:390.52,392.3 1 0
github.com/edlitmus/halite/internal/builtin/pkg.go:393.2,394.102 1 0
github.com/edlitmus/halite/internal/builtin/pkg.go:397.73,399.16 2 0
github.com/edlitmus/halite/internal/builtin/pkg.go:399.16,401.3 1 0
github.com/edlitmus/halite/internal/builtin/pkg.go:402.2,403.21 2 0
github.com/edlitmus/halite/internal/builtin/pkg.go:403.21,405.3 1 0
github.com/edlitmus/halite/internal/builtin/pkg.go:407.2,408.16 2 0
github.com/edlitmus/halite/internal/builtin/pkg.go:408.16,410.3 1 0
github.com/edlitmus/halite/internal/builtin/pkg.go:412.2,414.29 3 0
github.com/edlitmus/halite/internal/builtin/pkg.go:414.29,416.17 2 0
github.com/edlitmus/halite/internal/builtin/pkg.go:416.17,418.4 1 0
github.com/edlitmus/halite/internal/builtin/pkg.go:419.3,421.14 3 0
github.com/edlitmus/halite/internal/builtin/pkg.go:421.14,423.4 1 0
github.com/edlitmus/halite/internal/builtin/pkg.go:424.3,424.47 1 0
github.com/edlitmus/halite/internal/builtin/pkg.go:424.47,425.12 1 0
github.com/edlitmus/halite/internal/builtin/pkg.go:427.3,428.59 2 0
github.com/edlitmus/halite/internal/builtin/pkg.go:431.2,431.24 1 0
github.com/edlitmus/halite/internal/builtin/pkg.go:431.24,433.3 1 0
github.com/edlitmus/halite/internal/builtin/pkg.go:434.2,434.12 1 0
github.com/edlitmus/halite/internal/builtin/pkg.go:434.12,437.3 1 0
github.com/edlitmus/halite/internal/builtin/pkg.go:438.2,438.58 1 0
github.com/edlitmus/halite/internal/builtin/pkg.go:438.58,440.3 1 0
github.com/edlitmus/halite/internal/builtin/pkg.go:441.2,442.104 1 0
github.com/edlitmus/halite/internal/builtin/pkg_providers.go:17.24,23.2 1 0
github.com/edlitmus/halite/internal/builtin/pkg_providers.go:27.34,27.53 1 0
github.com/edlitmus/halite/internal/builtin/pkg_providers.go:29.52,31.2 1 1
github.com/edlitmus/halite/internal/builtin/pkg_providers.go:33.66,38.16 2 0
github.com/edlitmus/halite/internal/builtin/pkg_providers.go:38.16,40.3 1 0
github.com/edlitmus/halite/internal/builtin/pkg_providers.go:41.2,42.55 2 0
github.com/edlitmus/halite/internal/builtin/pkg_providers.go:42.55,44.22 2 0
github.com/edlitmus/halite/internal/builtin/pkg_providers.go:44.22,45.12 1 0
github.com/edlitmus/halite/internal/builtin/pkg_providers.go:50.3,50.50 1 0
github.com/edlitmus/halite/internal/builtin/pkg_providers.go:50.50,51.12 1 0
github.com/edlitmus/halite/internal/builtin/pkg_providers.go:53.3,53.32 1 0
github.com/edlitmus/halite/internal/builtin/pkg_providers.go:55.2,55.17 1 0
github.com/edlitmus/halite/internal/builtin/pkg_providers.go:58.109,59.13 1 0
github.com/edlitmus/halite/internal/builtin/pkg_providers.go:59.13,60.106 1 0
github.com/edlitmus/halite/internal/builtin/pkg_providers.go:60.106,62.4 1 0
github.com/edlitmus/halite/internal/builtin/pkg_providers.go:64.2,67.26 2 0
github.com/edlitmus/halite/internal/builtin/pkg_providers.go:67.26,68.72 1 0
github.com/edlitmus/halite/internal/builtin/pkg_providers.go:68.72,70.12 2 0
github.com/edlitmus/halite/internal/builtin/pkg_providers.go:72.3,72.25 1 0
github.com/edlitmus/halite/internal/builtin/pkg_providers.go:74.2,75.12 2 0
github.com/edlitmus/halite/internal/builtin/pkg_providers.go:78.78,80.11 2 0
github.com/edlitmus/halite/internal/builtin/pkg_providers.go:80.11,82.3 1 0
github.com/edlitmus/halite/internal/builtin/pkg_providers.go:83.2,85.12 3 0
github.com/edlitmus/halite/internal/builtin/pkg_providers.go:88.80,94.16 2 0
github.com/edlitmus/halite/internal/builtin/pkg_providers.go:94.16,96.3 1 0
github.com/edlitmus/halite/internal/builtin/pkg_providers.go:97.2,97.55 1 0
github.com/edlitmus/halite/internal/builtin/pkg_providers.go:97.55,99.44 2 0
github.com/edlitmus/halite/internal/builtin/pkg_providers.go:99.44,101.21 2 0
github.com/edlitmus/halite/internal/builtin/pkg_providers.go:101.21,103.5 1 0
github.com/edlitmus/halite/internal/builtin/pkg_providers.go:104.4,104.17 1 0
github.com/edlitmus/halite/internal/builtin/pkg_providers.go:107.2,107.16 1 0
github.com/edlitmus/halite/internal/builtin/pkg_providers.go:110.53,113.2 2 0
github.com/edlitmus/halite/internal/builtin/pkg_providers.go:119.36,119.63 1 0
github.com/edlitmus/halite/internal/builtin/pkg_providers.go:121.54,123.2 1 1
github.com/edlitmus/halite/internal/builtin/pkg_providers.go:125.68,129.16 2 0
github.com/edlitmus/halite/internal/builtin/pkg_providers.go:129.16,131.3 1 0
github.com/edlitmus/halite/internal/builtin/pkg_providers.go:132.2,133.55 2 0
github.com/edlitmus/halite/internal/builtin/pkg_providers.go:133.55,135.10 2 0
github.com/edlitmus/halite/internal/builtin/pkg_providers.go:135.10,136.12 1 0
github.com/edlitmus/halite/internal/builtin/pkg_providers.go:141.3,143.25 3 0
github.com/edlitmus/halite/internal/builtin/pkg_providers.go:145.2,145.17 1 0
github.com/edlitmus/halite/internal/builtin/pkg_providers.go:148.111,150.14 2 0
github.com/edlitmus/halite/internal/builtin/pkg_providers.go:150.14,152.3 1 0
github.com/edlitmus/halite/internal/builtin/pkg_providers.go:153.2,153.26 1 0
github.com/edlitmus/halite/internal/builtin/pkg_providers.go:153.26,154.72 1 0
github.com/edlitmus/halite/internal/builtin/pkg_providers.go:154.72,156.12 2 0
github.com/edlitmus/halite/internal/builtin/pkg_providers.go:158.3,158.25 1 0
github.com/edlitmus/halite/internal/builtin/pkg_providers.go:160.2,161.12 2 0
github.com/edlitmus/halite/internal/builtin/pkg_providers.go:164.80,168.2 3 0
github.com/edlitmus/halite/internal/builtin/pkg_providers.go:170.82,175.16 2 0
github.com/edlitmus/halite/internal/builtin/pkg_providers.go:175.16,177.3 1 0
github.com/edlitmus/halite/internal/builtin/pkg_providers.go:178.2,178.55 1 0
github.com/edlitmus/halite/internal/builtin/pkg_providers.go:178.55,180.65 2 0
github.com/edlitmus/halite/internal/builtin/pkg_providers.go:180.65,182.4 1 0
github.com/edlitmus/halite/internal/builtin/pkg_providers.go:184.2,184.16 1 0
github.com/edlitmus/halite/internal/builtin/pkg_providers.go:187.55,190.2 2 0
github.com/edlitmus/halite/internal/builtin/pkg_providers.go:195.36,195.54 1 0
github.com/edlitmus/halite/internal/builtin/pkg_providers.go:197.54,197.85 1 1
github.com/edlitmus/halite/internal/builtin/pkg_providers.go:199.68,201.16 2 1
github.com/edlitmus/halite/internal/builtin/pkg_providers.go:201.16,203.3 1 0
github.com/edlitmus/halite/internal/builtin/pkg_providers.go:204.2,205.55 2 1
github.com/edlitmus/halite/internal/builtin/pkg_providers.go:205.55,207.10 2 1
github.com/edlitmus/halite/internal/builtin/pkg_providers.go:207.10,208.12 1 1
github.com/edlitmus/halite/internal/builtin/pkg_providers.go:210.3,210.25 1 0
github.com/edlitmus/halite/internal/builtin/pkg_providers.go:212.2,212.17 1 1
github.com/edlitmus/halite/internal/builtin/pkg_providers.go:215.111,216.13 1 0
github.com/edlitmus/halite/internal/builtin/pkg_providers.go:216.13,217.87 1 0
github.com/edlitmus/halite/internal/builtin/pkg_providers.go:217.87,219.4 1 0
github.com/edlitmus/halite/internal/builtin/pkg_providers.go:221.2,223.12 3 0
github.com/edlitmus/halite/internal/builtin/pkg_providers.go:226.80,230.2 3 0
github.com/edlitmus/halite/internal/builtin/pkg_providers.go:232.82,237.16 2 0
github.com/edlitmus/halite/internal/builtin/pkg_providers.go:237.16,239.3 1 0
github.com/edlitmus/halite/internal/builtin/pkg_providers.go:240.2,240.54 1 0
github.com/edlitmus/halite/internal/builtin/pkg_providers.go:243.55,246.2 2 0
github.com/edlitmus/halite/internal/builtin/pkg_providers.go:251.34,251.53 1 0
github.com/edlitmus/halite/internal/builtin/pkg_providers.go:253.52,253.83 1 0
github.com/edlitmus/halite/internal/builtin/pkg_providers.go:255.66,257.16 2 0
github.com/edlitmus/halite/internal/builtin/pkg_providers.go:257.16,259.3 1 0
github.com/edlitmus/halite/internal/builtin/pkg_providers.go:260.2,261.55 2 0
github.com/edlitmus/halite/internal/builtin/pkg_providers.go:261.55,263.17 2 0
github.com/edlitmus/halite/internal/builtin/pkg_providers.go:263.17,264.12 1 0
github.com/edlitmus/halite/internal/builtin/pkg_providers.go:268.3,269.21 2 0
github.com/edlitmus/halite/internal/builtin/pkg_providers.go:269.21,270.12 1 0
github.com/edlitmus/halite/internal/builtin/pkg_providers.go:272.3,274.25 3 0
github.com/edlitmus/halite/internal/builtin/pkg_providers.go:276.2,276.17 1 0
github.com/edlitmus/halite/internal/builtin/pkg_providers.go:279.109,281.13 2 0
github.com/edlitmus/halite/internal/builtin/pkg_providers.go:281.13,283.3 1 0
github.com/edlitmus/halite/internal/builtin/pkg_providers.go:284.2,286.12 3 0
github.com/edlitmus/halite/internal/builtin/pkg_providers.go:289.78,293.2 3 0
github.com/edlitmus/halite/internal/builtin/pkg_providers.go:295.80,300.16 2 0
github.com/edlitmus/halite/internal/builtin/pkg_providers.go:300.16,302.3 1 0
github.com/edlitmus/halite/internal/builtin/pkg_providers.go:303.2,304.16 2 0
github.com/edlitmus/halite/internal/builtin/pkg_providers.go:304.16,306.3 1 0
github.com/edlitmus/halite/internal/builtin/pkg_providers.go:307.2,308.22 2 0
github.com/edlitmus/halite/internal/builtin/pkg_providers.go:308.22,310.3 1 0
github.com/edlitmus/halite/internal/builtin/pkg_providers.go:311.2,312.20 2 0
github.com/edlitmus/halite/internal/builtin/pkg_providers.go:312.20,314.3 1 0
github.com/edlitmus/halite/internal/builtin/pkg_providers.go:315.2,315.53 1 0
github.com/edlitmus/halite/internal/builtin/pkg_providers.go:318.53,321.2 2 0
github.com/edlitmus/halite/internal/builtin/service.go:37.68,38.37 1 0
github.com/edlitmus/halite/internal/builtin/service.go:38.37,39.21 1 0
github.com/edlitmus/halite/internal/builtin/service.go:39.21,41.4 1 0
github.com/edlitmus/halite/internal/builtin/service.go:43.2,43.141 1 0
github.com/edlitmus/halite/internal/builtin/service.go:46.37,49.107 2 1
github.com/edlitmus/halite/internal/builtin/service.go:49.107,56.60 1 1
github.com/edlitmus/halite/internal/builtin/service.go:56.60,58.19 2 0
github.com/edlitmus/halite/internal/builtin/service.go:58.19,60.6 1 0
github.com/edlitmus/halite/internal/builtin/service.go:61.5,62.15 2 0
github.com/edlitmus/halite/internal/builtin/service.go:62.15,64.6 1 0
github.com/edlitmus/halite/internal/builtin/service.go:65.5,65.43 1 0
github.com/edlitmus/halite/internal/builtin/service.go:65.43,67.6 1 0
github.com/edlitmus/halite/internal/builtin/service.go:68.5,68.21 1 0
github.com/edlitmus/halite/internal/builtin/service.go:73.2,80.60 1 1
github.com/edlitmus/halite/internal/builtin/service.go:80.60,82.19 2 0
github.com/edlitmus/halite/internal/builtin/service.go:82.19,84.6 1 0
github.com/edlitmus/halite/internal/builtin/service.go:85.5,85.53 1 0
github.com/edlitmus/halite/internal/builtin/service.go:94.60,96.19 2 0
github.com/edlitmus/halite/internal/builtin/service.go:96.19,98.6 1 0
github.com/edlitmus/halite/internal/builtin/service.go:99.5,99.54 1 0
github.com/edlitmus/halite/internal/builtin/service.go:110.2,155.70 2 1
github.com/edlitmus/halite/internal/builtin/service.go:155.70,157.5 1 0
github.com/edlitmus/halite/internal/builtin/service.go:169.70,171.5 1 0
github.com/edlitmus/halite/internal/builtin/service.go:176.78,178.16 2 0
github.com/edlitmus/halite/internal/builtin/service.go:178.16,180.3 1 0
github.com/edlitmus/halite/internal/builtin/service.go:181.2,185.16 4 0
github.com/edlitmus/halite/internal/builtin/service.go:185.16,187.3 1 0
github.com/edlitmus/halite/internal/builtin/service.go:188.2,188.14 1 0
github.com/edlitmus/halite/internal/builtin/service.go:188.14,190.3 1 0
github.com/edlitmus/halite/internal/builtin/service.go:192.2,194.16 3 0
github.com/edlitmus/halite/internal/builtin/service.go:194.16,196.17 2 0
github.com/edlitmus/halite/internal/builtin/service.go:196.17,198.4 1 0
github.com/edlitmus/halite/internal/builtin/service.go:199.3,199.32 1 0
github.com/edlitmus/halite/internal/builtin/service.go:199.32,201.4 1 0
github.com/edlitmus/halite/internal/builtin/service.go:204.2,204.24 1 0
github.com/edlitmus/halite/internal/builtin/service.go:204.24,206.3 1 0
github.com/edlitmus/halite/internal/builtin/service.go:207.2,207.12 1 0
github.com/edlitmus/halite/internal/builtin/service.go:207.12,209.3 1 0
github.com/edlitmus/halite/internal/builtin/service.go:211.2,211.14 1 0
github.com/edlitmus/halite/internal/builtin/service.go:211.14,212.42 1 0
github.com/edlitmus/halite/internal/builtin/service.go:212.42,214.4 1 0
github.com/edlitmus/halite/internal/builtin/service.go:216.2,216.45 1 0
github.com/edlitmus/halite/internal/builtin/service.go:216.45,217.65 1 0
github.com/edlitmus/halite/internal/builtin/service.go:217.65,219.4 1 0
github.com/edlitmus/halite/internal/builtin/service.go:221.2,221.136 1 0
github.com/edlitmus/halite/internal/builtin/service.go:224.75,226.16 2 0
github.com/edlitmus/halite/internal/builtin/service.go:226.16,228.3 1 0
github.com/edlitmus/halite/internal/builtin/service.go:229.2,233.16 4 0
github.com/edlitmus/halite/internal/builtin/service.go:233.16,235.3 1 0
github.com/edlitmus/halite/internal/builtin/service.go:236.2,236.13 1 0
github.com/edlitmus/halite/internal/builtin/service.go:236.13,238.3 1 0
github.com/edlitmus/halite/internal/builtin/service.go:240.2,242.16 3 0
github.com/edlitmus/halite/internal/builtin/service.go:242.16,244.17 2 0
github.com/edlitmus/halite/internal/builtin/service.go:244.17,246.4 1 0
github.com/edlitmus/halite/internal/builtin/service.go:247.3,247.32 1 0
github.com/edlitmus/halite/internal/builtin/service.go:247.32,249.4 1 0
github.com/edlitmus/halite/internal/builtin/service.go:252.2,252.24 1 0
github.com/edlitmus/halite/internal/builtin/service.go:252.24,254.3 1 0
github.com/edlitmus/halite/internal/builtin/service.go:255.2,255.12 1 0
github.com/edlitmus/halite/internal/builtin/service.go:255.12,257.3 1 0
github.com/edlitmus/halite/internal/builtin/service.go:258.2,258.13 1 0
github.com/edlitmus/halite/internal/builtin/service.go:258.13,259.41 1 0
github.com/edlitmus/halite/internal/builtin/service.go:259.41,261.4 1 0
github.com/edlitmus/halite/internal/builtin/service.go:263.2,263.45 1 0
github.com/edlitmus/halite/internal/builtin/service.go:263.45,264.65 1 0
github.com/edlitmus/halite/internal/builtin/service.go:264.65,266.4 1 0
github.com/edlitmus/halite/internal/builtin/service.go:268.2,268.136 1 0
github.com/edlitmus/halite/internal/builtin/service.go:271.91,273.16 2 0
github.com/edlitmus/halite/internal/builtin/service.go:273.16,275.3 1 0
github.com/edlitmus/halite/internal/builtin/service.go:276.2,278.16 3 0
github.com/edlitmus/halite/internal/builtin/service.go:278.16,280.3 1 0
github.com/edlitmus/halite/internal/builtin/service.go:281.2,282.11 2 0
github.com/edlitmus/halite/internal/builtin/service.go:282.11,284.3 1 0
github.com/edlitmus/halite/internal/builtin/service.go:285.2,285.17 1 0
github.com/edlitmus/halite/internal/builtin/service.go:285.17,287.3 1 0
github.com/edlitmus/halite/internal/builtin/service.go:288.2,289.12 2 0
github.com/edlitmus/halite/internal/builtin/service.go:289.12,291.3 1 0
github.com/edlitmus/halite/internal/builtin/service.go:292.2,292.57 1 0
github.com/edlitmus/halite/internal/builtin/service.go:292.57,294.3 1 0
github.com/edlitmus/halite/internal/builtin/service.go:295.2,295.96 1 0
github.com/edlitmus/halite/internal/builtin/service.go:298.87,299.10 1 0
github.com/edlitmus/halite/internal/builtin/service.go:299.10,301.3 1 0
github.com/edlitmus/halite/internal/builtin/service.go:302.2,302.27 1 0
github.com/edlitmus/halite/internal/builtin/service.go:308.79,310.16 2 0
github.com/edlitmus/halite/internal/builtin/service.go:310.16,312.3 1 0
github.com/edlitmus/halite/internal/builtin/service.go:313.2,316.40 4 0
github.com/edlitmus/halite/internal/builtin/service.go:316.40,318.3 1 0
github.com/edlitmus/halite/internal/builtin/service.go:320.2,321.12 2 0
github.com/edlitmus/halite/internal/builtin/service.go:321.12,324.3 1 0
github.com/edlitmus/halite/internal/builtin/service.go:325.2,325.40 1 0
github.com/edlitmus/halite/internal/builtin/service.go:325.40,327.3 1 0
github.com/edlitmus/halite/internal/builtin/service.go:328.2,329.99 1 0
github.com/edlitmus/halite/internal/builtin/service.go:332.100,334.14 2 0
github.com/edlitmus/halite/internal/builtin/service.go:334.14,335.18 1 0
github.com/edlitmus/halite/internal/builtin/service.go:335.18,337.4 1 0
github.com/edlitmus/halite/internal/builtin/service.go:337.9,339.4 1 0
github.com/edlitmus/halite/internal/builtin/service.go:341.2,341.15 1 0
github.com/edlitmus/halite/internal/builtin/service.go:341.15,342.18 1 0
github.com/edlitmus/halite/internal/builtin/service.go:342.18,344.4 1 0
github.com/edlitmus/halite/internal/builtin/service.go:344.9,346.4 1 0
github.com/edlitmus/halite/internal/builtin/service.go:348.2,348.21 1 0
github.com/edlitmus/halite/internal/builtin/service.go:348.21,350.3 1 0
github.com/edlitmus/halite/internal/builtin/service.go:351.2,351.82 1 0
github.com/edlitmus/halite/internal/builtin/service.go:355.62,357.21 2 0
github.com/edlitmus/halite/internal/builtin/service.go:357.21,359.3 1 0
github.com/edlitmus/halite/internal/builtin/service.go:360.2,360.30 1 0
github.com/edlitmus/halite/internal/builtin/service.go:367.38,367.66 1 0
github.com/edlitmus/halite/internal/builtin/service.go:369.56,370.32 1 0
github.com/edlitmus/halite/internal/builtin/service.go:370.32,372.3 1 0
github.com/edlitmus/halite/internal/builtin/service.go:375.2,376.19 2 0
github.com/edlitmus/halite/internal/builtin/service.go:379.75,384.16 2 0
github.com/edlitmus/halite/internal/builtin/service.go:384.16,386.3 1 0
github.com/edlitmus/halite/internal/builtin/service.go:387.2,387.27 1 0
github.com/edlitmus/halite/internal/builtin/service.go:390.76,395.16 2 0
github.com/edlitmus/halite/internal/builtin/service.go:395.16,397.3 1 0
github.com/edlitmus/halite/internal/builtin/service.go:398.2,399.83 2 0
github.com/edlitmus/halite/internal/builtin/service.go:402.58,405.2 2 0
github.com/edlitmus/halite/internal/builtin/service.go:407.66,407.104 1 0
github.com/edlitmus/halite/internal/builtin/service.go:408.66,408.103 1 0
github.com/edlitmus/halite/internal/builtin/service.go:409.68,411.2 1 0
github.com/edlitmus/halite/internal/builtin/service.go:412.67,414.2 1 0
github.com/edlitmus/halite/internal/builtin/service.go:415.67,417.2 1 0
github.com/edlitmus/halite/internal/builtin/service.go:418.68,420.2 1 0
github.com/edlitmus/halite/internal/builtin/service.go:425.40,425.68 1 0
github.com/edlitmus/halite/internal/builtin/service.go:427.58,429.2 1 0
github.com/edlitmus/halite/internal/builtin/service.go:431.77,436.16 2 0
github.com/edlitmus/halite/internal/builtin/service.go:436.16,438.3 1 0
github.com/edlitmus/halite/internal/builtin/service.go:439.2,439.27 1 0
github.com/edlitmus/halite/internal/builtin/service.go:442.78,447.16 2 0
github.com/edlitmus/halite/internal/builtin/service.go:447.16,449.3 1 0
github.com/edlitmus/halite/internal/builtin/service.go:450.2,450.27 1 0
github.com/edlitmus/halite/internal/builtin/service.go:453.68,456.2 2 0
github.com/edlitmus/halite/internal/builtin/service.go:458.67,461.2 2 0
github.com/edlitmus/halite/internal/builtin/service.go:463.70,466.2 2 0
github.com/edlitmus/halite/internal/builtin/service.go:468.69,471.2 2 0
github.com/edlitmus/halite/internal/builtin/service.go:473.69,476.2 2 0
github.com/edlitmus/halite/internal/builtin/service.go:478.70,481.2 2 0
github.com/edlitmus/halite/internal/builtin/service.go:486.35,486.64 1 0
github.com/edlitmus/halite/internal/builtin/service.go:488.53,491.2 2 0
github.com/edlitmus/halite/internal/builtin/service.go:493.72,498.16 2 0
github.com/edlitmus/halite/internal/builtin/service.go:498.16,500.3 1 0
github.com/edlitmus/halite/internal/builtin/service.go:501.2,501.27 1 0
github.com/edlitmus/halite/internal/builtin/service.go:504.73,505.64 1 0
github.com/edlitmus/halite/internal/builtin/service.go:505.64,507.3 1 0
github.com/edlitmus/halite/internal/builtin/service.go:508.2,508.32 1 0
github.com/edlitmus/halite/internal/builtin/service.go:508.32,513.17 2 0
github.com/edlitmus/halite/internal/builtin/service.go:513.17,515.4 1 0
github.com/edlitmus/halite/internal/builtin/service.go:516.3,516.50 1 0
github.com/edlitmus/halite/internal/builtin/service.go:520.2,521.16 2 0
github.com/edlitmus/halite/internal/builtin/service.go:521.16,523.3 1 0
github.com/edlitmus/halite/internal/builtin/service.go:524.2,524.28 1 0
github.com/edlitmus/halite/internal/builtin/service.go:524.28,525.76 1 0
github.com/edlitmus/halite/internal/builtin/service.go:525.76,527.4 1 0
github.com/edlitmus/halite/internal/builtin/service.go:529.2,529.19 1 0
github.com/edlitmus/halite/internal/builtin/service.go:532.63,535.2 2 0
github.com/edlitmus/halite/internal/builtin/service.go:537.62,540.2 2 0
github.com/edlitmus/halite/internal/builtin/service.go:542.65,545.2 2 0
github.com/edlitmus/halite/internal/builtin/service.go:547.64,550.2 2 0
github.com/edlitmus/halite/internal/builtin/service.go:552.64,553.32 1 0
github.com/edlitmus/halite/internal/builtin/service.go:553.32,556.3 2 0
github.com/edlitmus/halite/internal/builtin/service.go:557.2,558.12 2 0
github.com/edlitmus/halite/internal/builtin/service.go:561.65,562.32 1 0
github.com/edlitmus/halite/internal/builtin/service.go:562.32,565.3 2 0
github.com/edlitmus/halite/internal/builtin/service.go:566.2,567.12 2 0
github.com/edlitmus/halite/internal/builtin/service.go:573.38,573.62 1 0
github.com/edlitmus/halite/internal/builtin/service.go:575.56,575.93 1 0
github.com/edlitmus/halite/internal/builtin/service.go:577.75,582.16 2 0
github.com/edlitmus/halite/internal/builtin/service.go:582.16,584.3 1 0
github.com/edlitmus/halite/internal/builtin/service.go:585.2,585.27 1 0
github.com/edlitmus/halite/internal/builtin/service.go:588.76,590.2 1 0
github.com/edlitmus/halite/internal/builtin/service.go:592.66,595.2 2 0
github.com/edlitmus/halite/internal/builtin/service.go:597.65,600.2 2 0
github.com/edlitmus/halite/internal/builtin/service.go:602.68,603.58 1 0
github.com/edlitmus/halite/internal/builtin/service.go:603.58,605.3 1 0
github.com/edlitmus/halite/internal/builtin/service.go:606.2,606.41 1 0
github.com/edlitmus/halite/internal/builtin/service.go:609.67,611.2 1 0
github.com/edlitmus/halite/internal/builtin/service.go:613.67,616.2 2 0
github.com/edlitmus/halite/internal/builtin/service.go:618.68,621.2 2 0
github.com/edlitmus/halite/internal/builtin/sys.go:15.33,24.60 1 1
github.com/edlitmus/halite/internal/builtin/sys.go:24.60,26.5 1 0
github.com/edlitmus/halite/internal/builtin/sys.go:38.60,39.53 1 0
github.com/edlitmus/halite/internal/builtin/sys.go:39.53,41.57 2 0
github.com/edlitmus/halite/internal/builtin/sys.go:41.57,43.7 1 0
github.com/edlitmus/halite/internal/builtin/sys.go:44.6,44.32 1 0
github.com/edlitmus/halite/internal/builtin/sys.go:46.5,46.42 1 0
github.com/edlitmus/halite/internal/builtin/sys.go:56.60,58.5 1 0
github.com/edlitmus/halite/internal/builtin/sys.go:67.60,69.5 1 0
github.com/edlitmus/halite/internal/builtin/sys.go:81.60,83.5 1 1
github.com/edlitmus/halite/internal/builtin/sys.go:95.60,97.5 1 0
github.com/edlitmus/halite/internal/builtin/sys.go:109.60,111.5 1 0
github.com/edlitmus/halite/internal/builtin/sys.go:123.60,125.5 1 0
github.com/edlitmus/halite/internal/builtin/sys.go:131.62,133.37 2 1
github.com/edlitmus/halite/internal/builtin/sys.go:133.37,136.3 2 1
github.com/edlitmus/halite/internal/builtin/sys.go:137.2,137.32 1 0
github.com/edlitmus/halite/internal/builtin/sys.go:137.32,138.44 1 0
github.com/edlitmus/halite/internal/builtin/sys.go:138.44,139.12 1 0
github.com/edlitmus/halite/internal/builtin/sys.go:141.3,142.29 2 0
github.com/edlitmus/halite/internal/builtin/sys.go:144.2,144.12 1 0
github.com/edlitmus/halite/internal/builtin/sys.go:147.66,149.37 2 0
github.com/edlitmus/halite/internal/builtin/sys.go:149.37,152.3 2 0
github.com/edlitmus/halite/internal/builtin/sys.go:153.2,153.32 1 0
github.com/edlitmus/halite/internal/builtin/sys.go:153.32,154.44 1 0
github.com/edlitmus/halite/internal/builtin/sys.go:154.44,155.12 1 0
github.com/edlitmus/halite/internal/builtin/sys.go:157.3,158.25 2 0
github.com/edlitmus/halite/internal/builtin/sys.go:160.2,160.12 1 0
github.com/edlitmus/halite/internal/builtin/sys.go:163.54,167.2 1 0
github.com/edlitmus/halite/internal/builtin/sys.go:169.35,171.23 2 0
github.com/edlitmus/halite/internal/builtin/sys.go:171.23,173.3 1 0
github.com/edlitmus/halite/internal/builtin/sys.go:174.2,174.12 1 0
github.com/edlitmus/halite/internal/builtin/test.go:16.34,26.60 1 1
github.com/edlitmus/halite/internal/builtin/test.go:26.60,26.80 1 0
github.com/edlitmus/halite/internal/builtin/test.go:36.60,39.5 2 0
github.com/edlitmus/halite/internal/builtin/test.go:48.60,51.5 2 0
github.com/edlitmus/halite/internal/builtin/test.go:61.60,63.12 2 0
github.com/edlitmus/halite/internal/builtin/test.go:64.55,65.22 1 0
github.com/edlitmus/halite/internal/builtin/test.go:66.25,67.29 1 0
github.com/edlitmus/halite/internal/builtin/test.go:79.60,81.5 1 0
github.com/edlitmus/halite/internal/builtin/test.go:85.2,85.71 1 1
github.com/edlitmus/halite/internal/builtin/test.go:85.71,87.3 1 0
github.com/edlitmus/halite/internal/builtin/test.go:89.2,121.70 1 1
github.com/edlitmus/halite/internal/builtin/test.go:121.70,123.5 1 0
github.com/edlitmus/halite/internal/builtin/test.go:134.70,136.15 2 1
github.com/edlitmus/halite/internal/builtin/test.go:136.15,138.6 1 1
github.com/edlitmus/halite/internal/builtin/test.go:139.5,139.83 1 1
github.com/edlitmus/halite/internal/builtin/test.go:156.70,162.20 5 0
github.com/edlitmus/halite/internal/builtin/test.go:162.20,164.6 1 0
github.com/edlitmus/halite/internal/builtin/test.go:165.5,165.12 1 0
github.com/edlitmus/halite/internal/builtin/test.go:166.32,167.23 1 0
github.com/edlitmus/halite/internal/builtin/test.go:167.23,169.7 1 0
github.com/edlitmus/halite/internal/builtin/test.go:170.6,170.54 1 0
github.com/edlitmus/halite/internal/builtin/test.go:171.22,172.23 1 0
github.com/edlitmus/halite/internal/builtin/test.go:172.23,174.7 1 0
github.com/edlitmus/halite/internal/builtin/test.go:175.6,177.21 3 0
github.com/edlitmus/halite/internal/builtin/test.go:178.13,179.23 1 0
github.com/edlitmus/halite/internal/builtin/test.go:179.23,181.7 1 0
github.com/edlitmus/halite/internal/builtin/test.go:182.6,182.50 1 0
github.com/edlitmus/halite/internal/template/ast.go:15.32,16.41 1 1
github.com/edlitmus/halite/internal/template/ast.go:16.41,18.3 1 0
github.com/edlitmus/halite/internal/template/ast.go:19.2,19.44 1 1
github.com/edlitmus/halite/internal/template/ast.go:22.32,22.50 1 0
github.com/edlitmus/halite/internal/template/ast.go:24.57,26.2 1 1
github.com/edlitmus/halite/internal/template/ast.go:38.29,38.43 1 1
github.com/edlitmus/halite/internal/template/env.go:66.31,79.2 1 1
github.com/edlitmus/halite/internal/template/env.go:99.62,103.16 4 0
github.com/edlitmus/halite/internal/template/env.go:103.16,105.3 1 0
github.com/edlitmus/halite/internal/template/env.go:106.2,107.16 2 0
github.com/edlitmus/halite/internal/template/env.go:107.16,109.3 1 0
github.com/edlitmus/halite/internal/template/env.go:110.2,110.77 1 0
github.com/edlitmus/halite/internal/template/env.go:110.77,112.3 1 0
github.com/edlitmus/halite/internal/template/env.go:113.2,114.16 2 0
github.com/edlitmus/halite/internal/template/env.go:114.16,115.25 1 0
github.com/edlitmus/halite/internal/template/env.go:115.25,117.4 1 0
github.com/edlitmus/halite/internal/template/env.go:118.3,118.21 1 0
github.com/edlitmus/halite/internal/template/env.go:120.2,120.29 1 0
github.com/edlitmus/halite/internal/template/env.go:139.63,140.36 1 1
github.com/edlitmus/halite/internal/template/env.go:140.36,142.3 1 0
github.com/edlitmus/halite/internal/template/env.go:143.2,143.25 1 1
github.com/edlitmus/halite/internal/template/env.go:143.25,148.3 4 0
github.com/edlitmus/halite/internal/template/env.go:149.2,158.10 3 1
github.com/edlitmus/halite/internal/template/env.go:162.61,162.85 1 0
github.com/edlitmus/halite/internal/template/env.go:165.57,165.79 1 0
github.com/edlitmus/halite/internal/template/env.go:168.46,168.80 1 1
github.com/edlitmus/halite/internal/template/env.go:171.44,171.76 1 1
github.com/edlitmus/halite/internal/template/env.go:183.66,188.16 2 1
github.com/edlitmus/halite/internal/template/env.go:188.16,190.3 1 0
github.com/edlitmus/halite/internal/template/env.go:191.2,191.33 1 1
github.com/edlitmus/halite/internal/template/env.go:191.33,193.3 1 0
github.com/edlitmus/halite/internal/template/env.go:194.2,195.16 2 1
github.com/edlitmus/halite/internal/template/env.go:195.16,197.3 1 1
github.com/edlitmus/halite/internal/template/env.go:198.2,198.65 1 1
github.com/edlitmus/halite/internal/template/env.go:201.40,202.38 1 0
github.com/edlitmus/halite/internal/template/env.go:202.38,203.30 1 0
github.com/edlitmus/halite/internal/template/env.go:203.30,206.4 2 0
github.com/edlitmus/halite/internal/template/env.go:207.3,207.29 1 0
github.com/edlitmus/halite/internal/template/env.go:207.29,209.4 1 0
github.com/edlitmus/halite/internal/template/env.go:214.60,216.32 2 1
github.com/edlitmus/halite/internal/template/env.go:216.32,219.3 2 1
github.com/edlitmus/halite/internal/template/env.go:220.2,222.21 2 1
github.com/edlitmus/halite/internal/template/env.go:222.21,224.3 1 0
github.com/edlitmus/halite/internal/template/env.go:225.2,226.16 2 1
github.com/edlitmus/halite/internal/template/env.go:226.16,228.3 1 1
github.com/edlitmus/halite/internal/template/env.go:229.2,230.16 2 1
github.com/edlitmus/halite/internal/template/env.go:230.16,232.3 1 0
github.com/edlitmus/halite/internal/template/env.go:233.2,236.15 4 1
github.com/edlitmus/halite/internal/template/env.go:255.50,258.32 3 1
github.com/edlitmus/halite/internal/template/env.go:258.32,259.27 1 1
github.com/edlitmus/halite/internal/template/env.go:259.27,261.12 2 1
github.com/edlitmus/halite/internal/template/env.go:263.3,263.8 1 1
github.com/edlitmus/halite/internal/template/env.go:265.2,265.20 1 1
github.com/edlitmus/halite/internal/template/env.go:269.63,277.34 4 1
github.com/edlitmus/halite/internal/template/env.go:277.34,279.3 1 1
github.com/edlitmus/halite/internal/template/env.go:280.2,280.24 1 1
github.com/edlitmus/halite/internal/template/env.go:280.24,282.3 1 1
github.com/edlitmus/halite/internal/template/env.go:283.2,285.40 2 1
github.com/edlitmus/halite/internal/template/env.go:285.40,287.3 1 1
github.com/edlitmus/halite/internal/template/env.go:288.2,288.65 1 1
github.com/edlitmus/halite/internal/template/env.go:292.90,294.16 2 1
github.com/edlitmus/halite/internal/template/env.go:294.16,296.3 1 1
github.com/edlitmus/halite/internal/template/env.go:297.2,297.22 1 1
github.com/edlitmus/halite/internal/template/env.go:311.38,315.55 2 1
github.com/edlitmus/halite/internal/template/env.go:315.55,317.3 1 0
github.com/edlitmus/halite/internal/template/env.go:318.2,318.12 1 1
github.com/edlitmus/halite/internal/template/env.go:321.41,323.36 2 1
github.com/edlitmus/halite/internal/template/env.go:323.36,325.3 1 0
github.com/edlitmus/halite/internal/template/env.go:326.2,326.12 1 1
github.com/edlitmus/halite/internal/template/env.go:329.46,331.28 2 1
github.com/edlitmus/halite/internal/template/env.go:331.28,333.3 1 1
github.com/edlitmus/halite/internal/template/env.go:334.2,334.12 1 1
github.com/edlitmus/halite/internal/template/env.go:338.38,339.33 1 1
github.com/edlitmus/halite/internal/template/env.go:339.33,342.3 2 0
github.com/edlitmus/halite/internal/template/env.go:343.2,344.73 2 1
github.com/edlitmus/halite/internal/template/env.go:347.51,349.19 2 1
github.com/edlitmus/halite/internal/template/env.go:349.19,351.3 1 1
github.com/edlitmus/halite/internal/template/env.go:352.2,353.12 2 1
github.com/edlitmus/halite/internal/template/env.go:356.30,357.30 1 1
github.com/edlitmus/halite/internal/template/env.go:357.30,358.43 1 1
github.com/edlitmus/halite/internal/template/env.go:358.43,360.4 1 1
github.com/edlitmus/halite/internal/template/env.go:365.37,366.90 1 1
github.com/edlitmus/halite/internal/template/env.go:366.90,368.20 2 1
github.com/edlitmus/halite/internal/template/env.go:369.10,370.28 1 1
github.com/edlitmus/halite/internal/template/env.go:371.10,373.28 2 0
github.com/edlitmus/halite/internal/template/env.go:374.10,377.28 3 0
github.com/edlitmus/halite/internal/template/env.go:378.11,379.66 1 0
github.com/edlitmus/halite/internal/template/env.go:381.3,381.16 1 1
github.com/edlitmus/halite/internal/template/env.go:381.16,383.4 1 0
github.com/edlitmus/halite/internal/template/env.go:386.3,387.12 2 1
github.com/edlitmus/halite/internal/template/env.go:387.12,389.4 1 0
github.com/edlitmus/halite/internal/template/env.go:390.3,390.31 1 1
github.com/edlitmus/halite/internal/template/env.go:390.31,392.4 1 1
github.com/edlitmus/halite/internal/template/env.go:393.3,394.79 2 1
github.com/edlitmus/halite/internal/template/env.go:394.79,396.4 1 1
github.com/edlitmus/halite/internal/template/env.go:397.3,397.18 1 1
github.com/edlitmus/halite/internal/template/env.go:400.2,400.93 1 1
github.com/edlitmus/halite/internal/template/env.go:400.93,402.21 2 0
github.com/edlitmus/halite/internal/template/env.go:402.21,403.43 1 0
github.com/edlitmus/halite/internal/template/env.go:403.43,404.38 1 0
github.com/edlitmus/halite/internal/template/env.go:404.38,406.6 1 0
github.com/edlitmus/halite/internal/template/env.go:409.3,409.42 1 0
github.com/edlitmus/halite/internal/template/env.go:409.42,411.4 1 0
github.com/edlitmus/halite/internal/template/env.go:412.3,412.16 1 0
github.com/edlitmus/halite/internal/template/env.go:415.2,415.103 1 1
github.com/edlitmus/halite/internal/template/env.go:415.103,417.21 2 1
github.com/edlitmus/halite/internal/template/env.go:417.21,418.43 1 0
github.com/edlitmus/halite/internal/template/env.go:418.43,419.38 1 0
github.com/edlitmus/halite/internal/template/env.go:419.38,421.6 1 0
github.com/edlitmus/halite/internal/template/env.go:424.3,424.42 1 1
github.com/edlitmus/halite/internal/template/env.go:424.42,426.4 1 1
github.com/edlitmus/halite/internal/template/env.go:427.3,427.17 1 1
github.com/edlitmus/halite/internal/template/env.go:430.2,430.85 1 1
github.com/edlitmus/halite/internal/template/env.go:430.85,432.3 1 0
github.com/edlitmus/halite/internal/template/env.go:435.26,436.11 1 1
github.com/edlitmus/halite/internal/template/env.go:436.11,438.3 1 0
github.com/edlitmus/halite/internal/template/env.go:439.2,439.10 1 1
github.com/edlitmus/halite/internal/template/eval.go:19.37,21.2 1 1
github.com/edlitmus/halite/internal/template/eval.go:23.49,24.45 1 1
github.com/edlitmus/halite/internal/template/eval.go:24.45,25.34 1 1
github.com/edlitmus/halite/internal/template/eval.go:25.34,27.4 1 1
github.com/edlitmus/halite/internal/template/eval.go:29.2,29.19 1 1
github.com/edlitmus/halite/internal/template/eval.go:32.41,32.61 1 1
github.com/edlitmus/halite/internal/template/eval.go:37.54,38.45 1 1
github.com/edlitmus/halite/internal/template/eval.go:38.45,39.34 1 1
github.com/edlitmus/halite/internal/template/eval.go:39.34,42.4 2 0
github.com/edlitmus/halite/internal/template/eval.go:44.2,44.14 1 1
github.com/edlitmus/halite/internal/template/eval.go:49.42,52.26 3 0
github.com/edlitmus/halite/internal/template/eval.go:52.26,53.17 1 0
github.com/edlitmus/halite/internal/template/eval.go:53.17,55.4 1 0
github.com/edlitmus/halite/internal/template/eval.go:56.3,57.30 2 0
github.com/edlitmus/halite/internal/template/eval.go:57.30,59.4 1 0
github.com/edlitmus/halite/internal/template/eval.go:61.2,62.12 2 0
github.com/edlitmus/halite/internal/template/eval.go:86.57,96.2 1 1
github.com/edlitmus/halite/internal/template/eval.go:101.36,110.2 8 1
github.com/edlitmus/halite/internal/template/eval.go:114.63,115.36 1 1
github.com/edlitmus/halite/internal/template/eval.go:115.36,116.32 1 1
github.com/edlitmus/halite/internal/template/eval.go:116.32,118.20 2 1
github.com/edlitmus/halite/internal/template/eval.go:118.20,120.5 1 0
github.com/edlitmus/halite/internal/template/eval.go:121.4,121.34 1 1
github.com/edlitmus/halite/internal/template/eval.go:123.3,123.13 1 1
github.com/edlitmus/halite/internal/template/eval.go:125.2,126.18 2 1
github.com/edlitmus/halite/internal/template/eval.go:126.18,128.3 1 0
github.com/edlitmus/halite/internal/template/eval.go:129.2,129.122 1 1
github.com/edlitmus/halite/internal/template/eval.go:135.50,138.6 3 1
github.com/edlitmus/halite/internal/template/eval.go:138.6,140.17 2 1
github.com/edlitmus/halite/internal/template/eval.go:140.17,141.9 1 1
github.com/edlitmus/halite/internal/template/eval.go:143.3,143.42 1 1
github.com/edlitmus/halite/internal/template/eval.go:143.42,145.4 1 0
github.com/edlitmus/halite/internal/template/eval.go:146.3,147.17 2 1
github.com/edlitmus/halite/internal/template/eval.go:147.17,149.4 1 0
github.com/edlitmus/halite/internal/template/eval.go:150.3,151.17 2 1
github.com/edlitmus/halite/internal/template/eval.go:151.17,153.4 1 0
github.com/edlitmus/halite/internal/template/eval.go:154.3,155.17 2 1
github.com/edlitmus/halite/internal/template/eval.go:155.17,157.4 1 0
github.com/edlitmus/halite/internal/template/eval.go:158.3,159.15 2 1
github.com/edlitmus/halite/internal/template/eval.go:164.2,164.28 1 1
github.com/edlitmus/halite/internal/template/eval.go:164.28,165.45 1 1
github.com/edlitmus/halite/internal/template/eval.go:165.45,167.4 1 1
github.com/edlitmus/halite/internal/template/eval.go:173.2,173.36 1 1
github.com/edlitmus/halite/internal/template/eval.go:173.36,174.57 1 1
github.com/edlitmus/halite/internal/template/eval.go:174.57,176.4 1 0
github.com/edlitmus/halite/internal/template/eval.go:179.2,181.33 3 1
github.com/edlitmus/halite/internal/template/eval.go:184.42,185.27 1 1
github.com/edlitmus/halite/internal/template/eval.go:185.27,186.36 1 1
github.com/edlitmus/halite/internal/template/eval.go:186.36,188.4 1 1
github.com/edlitmus/halite/internal/template/eval.go:190.2,190.12 1 1
github.com/edlitmus/halite/internal/template/eval.go:193.46,196.25 3 1
github.com/edlitmus/halite/internal/template/eval.go:196.25,197.24 1 1
github.com/edlitmus/halite/internal/template/eval.go:197.24,198.25 1 1
github.com/edlitmus/halite/internal/template/eval.go:199.20,201.17 2 1
github.com/edlitmus/halite/internal/template/eval.go:202.17,203.32 1 1
github.com/edlitmus/halite/internal/template/eval.go:203.32,205.6 1 1
github.com/edlitmus/halite/internal/template/eval.go:206.5,206.17 1 1
github.com/edlitmus/halite/internal/template/eval.go:207.18,209.17 2 1
github.com/edlitmus/halite/internal/template/eval.go:210.19,211.17 1 1
github.com/edlitmus/halite/internal/template/eval.go:212.21,213.17 1 1
github.com/edlitmus/halite/internal/template/eval.go:214.25,215.17 1 0
github.com/edlitmus/halite/internal/template/eval.go:219.2,220.12 2 1
github.com/edlitmus/halite/internal/template/eval.go:225.54,226.25 1 1
github.com/edlitmus/halite/internal/template/eval.go:226.25,227.19 1 1
github.com/edlitmus/halite/internal/template/eval.go:228.59,231.44 3 0
github.com/edlitmus/halite/internal/template/eval.go:231.44,233.5 1 0
github.com/edlitmus/halite/internal/template/eval.go:236.2,236.12 1 1
github.com/edlitmus/halite/internal/template/eval.go:241.52,242.26 1 1
github.com/edlitmus/halite/internal/template/eval.go:242.26,243.41 1 1
github.com/edlitmus/halite/internal/template/eval.go:243.41,245.4 1 1
github.com/edlitmus/halite/internal/template/eval.go:247.2,247.12 1 1
github.com/edlitmus/halite/internal/template/eval.go:254.55,255.13 1 1
github.com/edlitmus/halite/internal/template/eval.go:255.13,257.3 1 0
github.com/edlitmus/halite/internal/template/eval.go:258.2,258.52 1 1
github.com/edlitmus/halite/internal/template/eval.go:258.52,260.3 1 1
github.com/edlitmus/halite/internal/template/eval.go:261.2,261.19 1 1
github.com/edlitmus/halite/internal/template/eval.go:261.19,263.31 2 1
github.com/edlitmus/halite/internal/template/eval.go:263.31,268.4 1 1
github.com/edlitmus/halite/internal/template/eval.go:269.3,269.20 1 1
github.com/edlitmus/halite/internal/template/eval.go:271.2,273.12 3 1
github.com/edlitmus/halite/internal/template/eval.go:276.51,277.13 1 1
github.com/edlitmus/halite/internal/template/eval.go:277.13,279.3 1 1
github.com/edlitmus/halite/internal/template/eval.go:280.2,280.52 1 1
github.com/edlitmus/halite/internal/template/eval.go:280.52,282.3 1 0
github.com/edlitmus/halite/internal/template/eval.go:283.2,283.39 1 1
github.com/edlitmus/halite/internal/template/eval.go:283.39,286.3 2 1
github.com/edlitmus/halite/internal/template/eval.go:287.2,289.12 3 1
github.com/edlitmus/halite/internal/template/eval.go:292.45,293.47 1 1
github.com/edlitmus/halite/internal/template/eval.go:293.47,295.3 1 0
github.com/edlitmus/halite/internal/template/eval.go:296.2,297.31 2 1
github.com/edlitmus/halite/internal/template/eval.go:297.31,300.3 2 0
github.com/edlitmus/halite/internal/template/eval.go:301.2,301.15 1 1
github.com/edlitmus/halite/internal/template/eval.go:301.15,301.28 1 1
github.com/edlitmus/halite/internal/template/eval.go:303.2,303.23 1 1
github.com/edlitmus/halite/internal/template/eval.go:304.17,305.38 1 1
github.com/edlitmus/halite/internal/template/eval.go:307.19,309.17 2 1
github.com/edlitmus/halite/internal/template/eval.go:309.17,311.4 1 1
github.com/edlitmus/halite/internal/template/eval.go:312.3,313.17 2 1
github.com/edlitmus/halite/internal/template/eval.go:313.17,315.4 1 1
github.com/edlitmus/halite/internal/template/eval.go:316.3,316.29 1 1
github.com/edlitmus/halite/internal/template/eval.go:318.15,319.32 1 1
github.com/edlitmus/halite/internal/template/eval.go:319.32,321.18 2 1
github.com/edlitmus/halite/internal/template/eval.go:321.18,323.5 1 0
github.com/edlitmus/halite/internal/template/eval.go:324.4,324.17 1 1
github.com/edlitmus/halite/internal/template/eval.go:324.17,326.5 1 1
github.com/edlitmus/halite/internal/template/eval.go:328.3,328.31 1 1
github.com/edlitmus/halite/internal/template/eval.go:330.16,331.24 1 1
github.com/edlitmus/halite/internal/template/eval.go:333.16,334.24 1 1
github.com/edlitmus/halite/internal/template/eval.go:336.18,338.13 2 1
github.com/edlitmus/halite/internal/template/eval.go:340.17,341.25 1 1
github.com/edlitmus/halite/internal/template/eval.go:343.20,344.28 1 1
github.com/edlitmus/halite/internal/template/eval.go:346.19,347.27 1 1
github.com/edlitmus/halite/internal/template/eval.go:349.23,350.31 1 1
github.com/edlitmus/halite/internal/template/eval.go:352.20,354.13 1 0
github.com/edlitmus/halite/internal/template/eval.go:356.18,357.26 1 1
github.com/edlitmus/halite/internal/template/eval.go:359.19,362.49 3 1
github.com/edlitmus/halite/internal/template/eval.go:362.49,364.4 1 0
github.com/edlitmus/halite/internal/template/eval.go:365.3,366.17 2 1
github.com/edlitmus/halite/internal/template/eval.go:366.17,368.4 1 0
github.com/edlitmus/halite/internal/template/eval.go:369.3,370.17 2 1
github.com/edlitmus/halite/internal/template/eval.go:370.17,372.4 1 0
github.com/edlitmus/halite/internal/template/eval.go:373.3,373.29 1 1
github.com/edlitmus/halite/internal/template/eval.go:375.15,377.13 2 1
github.com/edlitmus/halite/internal/template/eval.go:379.17,382.16 3 1
github.com/edlitmus/halite/internal/template/eval.go:382.16,382.35 1 1
github.com/edlitmus/halite/internal/template/eval.go:383.3,383.36 1 1
github.com/edlitmus/halite/internal/template/eval.go:383.36,385.18 2 1
github.com/edlitmus/halite/internal/template/eval.go:385.18,387.5 1 0
github.com/edlitmus/halite/internal/template/eval.go:388.4,388.26 1 1
github.com/edlitmus/halite/internal/template/eval.go:390.3,390.31 1 1
github.com/edlitmus/halite/internal/template/eval.go:392.23,393.31 1 0
github.com/edlitmus/halite/internal/template/eval.go:395.2,395.48 1 0
github.com/edlitmus/halite/internal/template/eval.go:398.48,400.16 2 1
github.com/edlitmus/halite/internal/template/eval.go:400.16,402.3 1 1
github.com/edlitmus/halite/internal/template/eval.go:404.2,405.44 2 1
github.com/edlitmus/halite/internal/template/eval.go:405.44,407.17 2 1
github.com/edlitmus/halite/internal/template/eval.go:407.17,409.4 1 0
github.com/edlitmus/halite/internal/template/eval.go:413.3,413.20 1 1
github.com/edlitmus/halite/internal/template/eval.go:413.20,417.31 4 1
github.com/edlitmus/halite/internal/template/eval.go:417.31,418.67 1 1
github.com/edlitmus/halite/internal/template/eval.go:418.67,421.6 2 0
github.com/edlitmus/halite/internal/template/eval.go:422.5,423.19 2 1
github.com/edlitmus/halite/internal/template/eval.go:423.19,426.6 2 0
github.com/edlitmus/halite/internal/template/eval.go:427.5,427.21 1 1
github.com/edlitmus/halite/internal/template/eval.go:427.21,429.6 1 1
github.com/edlitmus/halite/internal/template/eval.go:431.4,432.20 2 1
github.com/edlitmus/halite/internal/template/eval.go:435.3,435.22 1 1
github.com/edlitmus/halite/internal/template/eval.go:435.22,437.4 1 1
github.com/edlitmus/halite/internal/template/eval.go:439.3,440.16 2 1
github.com/edlitmus/halite/internal/template/eval.go:440.16,440.35 1 1
github.com/edlitmus/halite/internal/template/eval.go:442.3,443.18 2 1
github.com/edlitmus/halite/internal/template/eval.go:443.18,444.51 1 1
github.com/edlitmus/halite/internal/template/eval.go:444.51,447.69 3 1
github.com/edlitmus/halite/internal/template/eval.go:447.69,449.6 1 0
github.com/edlitmus/halite/internal/template/eval.go:450.5,450.33 1 1
github.com/edlitmus/halite/internal/template/eval.go:454.3,454.30 1 1
github.com/edlitmus/halite/internal/template/eval.go:454.30,455.52 1 1
github.com/edlitmus/halite/internal/template/eval.go:455.52,457.5 1 0
github.com/edlitmus/halite/internal/template/eval.go:458.4,461.66 4 1
github.com/edlitmus/halite/internal/template/eval.go:461.66,463.5 1 0
github.com/edlitmus/halite/internal/template/eval.go:464.4,464.48 1 1
github.com/edlitmus/halite/internal/template/eval.go:464.48,466.5 1 1
github.com/edlitmus/halite/internal/template/eval.go:468.3,468.13 1 1
github.com/edlitmus/halite/internal/template/eval.go:471.2,471.24 1 1
github.com/edlitmus/halite/internal/template/eval.go:475.82,477.16 2 1
github.com/edlitmus/halite/internal/template/eval.go:477.16,479.3 1 0
github.com/edlitmus/halite/internal/template/eval.go:480.2,480.21 1 1
github.com/edlitmus/halite/internal/template/eval.go:480.21,482.3 1 1
github.com/edlitmus/halite/internal/template/eval.go:483.2,483.29 1 1
github.com/edlitmus/halite/internal/template/eval.go:483.29,485.3 1 0
github.com/edlitmus/halite/internal/template/eval.go:486.2,487.15 2 1
github.com/edlitmus/halite/internal/template/eval.go:487.15,487.34 1 1
github.com/edlitmus/halite/internal/template/eval.go:489.2,490.49 2 1
github.com/edlitmus/halite/internal/template/eval.go:490.49,493.67 3 1
github.com/edlitmus/halite/internal/template/eval.go:493.67,495.4 1 0
github.com/edlitmus/halite/internal/template/eval.go:496.3,496.31 1 1
github.com/edlitmus/halite/internal/template/eval.go:498.2,498.29 1 1
github.com/edlitmus/halite/internal/template/eval.go:498.29,499.51 1 1
github.com/edlitmus/halite/internal/template/eval.go:499.51,501.4 1 0
github.com/edlitmus/halite/internal/template/eval.go:502.3,505.65 4 1
github.com/edlitmus/halite/internal/template/eval.go:505.65,507.4 1 0
github.com/edlitmus/halite/internal/template/eval.go:508.3,508.47 1 1
github.com/edlitmus/halite/internal/template/eval.go:508.47,510.4 1 0
github.com/edlitmus/halite/internal/template/eval.go:512.2,512.12 1 1
github.com/edlitmus/halite/internal/template/eval.go:517.75,518.23 1 1
github.com/edlitmus/halite/internal/template/eval.go:518.23,521.3 2 1
github.com/edlitmus/halite/internal/template/eval.go:522.2,523.9 2 1
github.com/edlitmus/halite/internal/template/eval.go:523.9,525.3 1 0
github.com/edlitmus/halite/internal/template/eval.go:526.2,526.32 1 1
github.com/edlitmus/halite/internal/template/eval.go:526.32,528.3 1 0
github.com/edlitmus/halite/internal/template/eval.go:529.2,529.31 1 1
github.com/edlitmus/halite/internal/template/eval.go:529.31,531.3 1 1
github.com/edlitmus/halite/internal/template/eval.go:532.2,532.12 1 1
github.com/edlitmus/halite/internal/template/eval.go:535.48,536.23 1 1
github.com/edlitmus/halite/internal/template/eval.go:536.23,538.10 2 1
github.com/edlitmus/halite/internal/template/eval.go:538.10,540.4 1 0
github.com/edlitmus/halite/internal/template/eval.go:541.3,542.10 2 1
github.com/edlitmus/halite/internal/template/eval.go:542.10,544.4 1 0
github.com/edlitmus/halite/internal/template/eval.go:545.3,546.17 2 1
github.com/edlitmus/halite/internal/template/eval.go:546.17,548.4 1 0
github.com/edlitmus/halite/internal/template/eval.go:549.3,550.13 2 1
github.com/edlitmus/halite/internal/template/eval.go:553.2,554.20 2 1
github.com/edlitmus/halite/internal/template/eval.go:554.20,556.43 2 1
github.com/edlitmus/halite/internal/template/eval.go:556.43,558.4 1 0
github.com/edlitmus/halite/internal/template/eval.go:559.8,562.49 3 1
github.com/edlitmus/halite/internal/template/eval.go:562.49,564.4 1 0
github.com/edlitmus/halite/internal/template/eval.go:565.3,566.22 2 1
github.com/edlitmus/halite/internal/template/eval.go:566.22,568.56 2 1
github.com/edlitmus/halite/internal/template/eval.go:568.56,570.5 1 0
github.com/edlitmus/halite/internal/template/eval.go:574.2,574.25 1 1
github.com/edlitmus/halite/internal/template/eval.go:574.25,575.44 1 1
github.com/edlitmus/halite/internal/template/eval.go:575.44,577.4 1 1
github.com/edlitmus/halite/internal/template/eval.go:578.3,578.13 1 1
github.com/edlitmus/halite/internal/template/eval.go:580.2,581.41 2 0
github.com/edlitmus/halite/internal/template/eval.go:581.41,583.3 1 0
github.com/edlitmus/halite/internal/template/eval.go:584.2,584.33 1 0
github.com/edlitmus/halite/internal/template/eval.go:584.33,585.43 1 0
github.com/edlitmus/halite/internal/template/eval.go:585.43,587.4 1 0
github.com/edlitmus/halite/internal/template/eval.go:589.2,589.12 1 0
github.com/edlitmus/halite/internal/template/eval.go:595.65,597.9 2 1
github.com/edlitmus/halite/internal/template/eval.go:597.9,599.3 1 0
github.com/edlitmus/halite/internal/template/eval.go:600.2,601.46 2 1
github.com/edlitmus/halite/internal/template/eval.go:601.46,603.56 2 0
github.com/edlitmus/halite/internal/template/eval.go:603.56,605.4 1 0
github.com/edlitmus/halite/internal/template/eval.go:607.2,607.32 1 1
github.com/edlitmus/halite/internal/template/eval.go:610.52,612.20 2 1
github.com/edlitmus/halite/internal/template/eval.go:612.20,614.3 1 0
github.com/edlitmus/halite/internal/template/eval.go:615.2,616.22 2 1
github.com/edlitmus/halite/internal/template/eval.go:616.22,618.3 1 0
github.com/edlitmus/halite/internal/template/eval.go:620.2,622.83 3 1
github.com/edlitmus/halite/internal/template/eval.go:622.83,624.16 2 1
github.com/edlitmus/halite/internal/template/eval.go:624.16,624.46 1 1
github.com/edlitmus/halite/internal/template/eval.go:625.3,625.25 1 1
github.com/edlitmus/halite/internal/template/eval.go:625.25,627.4 1 0
github.com/edlitmus/halite/internal/template/eval.go:628.3,630.59 3 1
github.com/edlitmus/halite/internal/template/eval.go:630.59,632.4 1 0
github.com/edlitmus/halite/internal/template/eval.go:633.3,633.31 1 1
github.com/edlitmus/halite/internal/template/eval.go:635.2,635.15 1 1
github.com/edlitmus/halite/internal/template/eval.go:635.15,635.34 1 1
github.com/edlitmus/halite/internal/template/eval.go:637.2,637.38 1 1
github.com/edlitmus/halite/internal/template/eval.go:640.56,642.16 2 1
github.com/edlitmus/halite/internal/template/eval.go:642.16,644.3 1 0
github.com/edlitmus/halite/internal/template/eval.go:645.2,645.46 1 1
github.com/edlitmus/halite/internal/template/eval.go:645.46,647.3 1 1
github.com/edlitmus/halite/internal/template/eval.go:649.2,650.29 2 1
github.com/edlitmus/halite/internal/template/eval.go:650.29,652.17 2 1
github.com/edlitmus/halite/internal/template/eval.go:652.17,653.35 1 1
github.com/edlitmus/halite/internal/template/eval.go:653.35,655.13 2 1
github.com/edlitmus/halite/internal/template/eval.go:657.4,657.55 1 0
github.com/edlitmus/halite/internal/template/eval.go:659.3,661.20 3 1
github.com/edlitmus/halite/internal/template/eval.go:661.20,663.4 1 1
github.com/edlitmus/halite/internal/template/eval.go:663.9,665.36 2 1
github.com/edlitmus/halite/internal/template/eval.go:665.36,667.5 1 1
github.com/edlitmus/halite/internal/template/eval.go:669.3,669.45 1 1
github.com/edlitmus/halite/internal/template/eval.go:669.45,671.4 1 1
github.com/edlitmus/halite/internal/template/eval.go:672.3,672.44 1 1
github.com/edlitmus/halite/internal/template/eval.go:675.2,675.21 1 1
github.com/edlitmus/halite/internal/template/eval.go:675.21,677.3 1 1
github.com/edlitmus/halite/internal/template/eval.go:678.2,678.78 1 0
github.com/edlitmus/halite/internal/template/eval.go:683.69,685.16 2 1
github.com/edlitmus/halite/internal/template/eval.go:685.16,687.3 1 0
github.com/edlitmus/halite/internal/template/eval.go:688.2,688.23 1 1
github.com/edlitmus/halite/internal/template/eval.go:689.14,690.26 1 1
github.com/edlitmus/halite/internal/template/eval.go:691.13,693.26 2 0
github.com/edlitmus/halite/internal/template/eval.go:693.26,695.11 2 0
github.com/edlitmus/halite/internal/template/eval.go:695.11,697.5 1 0
github.com/edlitmus/halite/internal/template/eval.go:698.4,698.24 1 0
github.com/edlitmus/halite/internal/template/eval.go:700.3,700.18 1 0
github.com/edlitmus/halite/internal/template/eval.go:702.2,703.16 2 0
github.com/edlitmus/halite/internal/template/eval.go:703.16,705.3 1 0
github.com/edlitmus/halite/internal/template/eval.go:706.2,706.25 1 0
github.com/edlitmus/halite/internal/template/eval.go:711.88,713.16 2 1
github.com/edlitmus/halite/internal/template/eval.go:713.16,715.3 1 0
github.com/edlitmus/halite/internal/template/eval.go:716.2,716.46 1 1
github.com/edlitmus/halite/internal/template/eval.go:716.46,718.3 1 0
github.com/edlitmus/halite/internal/template/eval.go:719.2,720.29 2 1
github.com/edlitmus/halite/internal/template/eval.go:720.29,722.17 2 1
github.com/edlitmus/halite/internal/template/eval.go:722.17,723.35 1 0
github.com/edlitmus/halite/internal/template/eval.go:723.35,725.13 2 0
github.com/edlitmus/halite/internal/template/eval.go:727.4,727.55 1 0
github.com/edlitmus/halite/internal/template/eval.go:729.3,731.18 3 1
github.com/edlitmus/halite/internal/template/eval.go:731.18,733.4 1 0
github.com/edlitmus/halite/internal/template/eval.go:733.9,735.36 2 1
github.com/edlitmus/halite/internal/template/eval.go:735.36,737.5 1 1
github.com/edlitmus/halite/internal/template/eval.go:739.3,739.45 1 1
github.com/edlitmus/halite/internal/template/eval.go:739.45,741.4 1 0
github.com/edlitmus/halite/internal/template/eval.go:742.3,743.50 2 1
github.com/edlitmus/halite/internal/template/eval.go:743.50,745.4 1 1
github.com/edlitmus/halite/internal/template/eval.go:746.3,746.16 1 1
github.com/edlitmus/halite/internal/template/eval.go:748.2,748.78 1 0
github.com/edlitmus/halite/internal/template/eval.go:751.54,753.16 2 1
github.com/edlitmus/halite/internal/template/eval.go:753.16,755.3 1 0
github.com/edlitmus/halite/internal/template/eval.go:756.2,757.12 2 1
github.com/edlitmus/halite/internal/template/eval.go:760.62,762.16 2 1
github.com/edlitmus/halite/internal/template/eval.go:762.16,764.3 1 0
github.com/edlitmus/halite/internal/template/eval.go:765.2,765.29 1 1
github.com/edlitmus/halite/internal/template/eval.go:765.29,767.10 2 1
github.com/edlitmus/halite/internal/template/eval.go:767.10,769.4 1 0
github.com/edlitmus/halite/internal/template/eval.go:770.3,770.24 1 1
github.com/edlitmus/halite/internal/template/eval.go:772.2,772.12 1 1
github.com/edlitmus/halite/internal/template/eval.go:779.50,781.9 2 1
github.com/edlitmus/halite/internal/template/eval.go:781.9,783.3 1 0
github.com/edlitmus/halite/internal/template/eval.go:787.2,796.16 3 1
github.com/edlitmus/halite/internal/template/eval.go:796.16,798.3 1 0
github.com/edlitmus/halite/internal/template/eval.go:799.2,800.16 2 1
github.com/edlitmus/halite/internal/template/eval.go:800.16,802.3 1 0
github.com/edlitmus/halite/internal/template/eval.go:803.2,806.16 3 1
github.com/edlitmus/halite/internal/template/eval.go:806.16,808.3 1 0
github.com/edlitmus/halite/internal/template/eval.go:809.2,810.16 2 1
github.com/edlitmus/halite/internal/template/eval.go:810.16,812.3 1 0
github.com/edlitmus/halite/internal/template/eval.go:813.2,813.28 1 1
github.com/edlitmus/halite/internal/template/eval.go:827.51,829.2 1 1
github.com/edlitmus/halite/internal/template/eval.go:832.70,836.36 3 1
github.com/edlitmus/halite/internal/template/eval.go:836.36,838.3 1 1
github.com/edlitmus/halite/internal/template/eval.go:840.2,841.29 2 1
github.com/edlitmus/halite/internal/template/eval.go:841.29,842.10 1 1
github.com/edlitmus/halite/internal/template/eval.go:843.22,845.24 2 1
github.com/edlitmus/halite/internal/template/eval.go:846.11,847.35 1 1
github.com/edlitmus/halite/internal/template/eval.go:847.35,850.13 3 1
github.com/edlitmus/halite/internal/template/eval.go:852.4,852.24 1 1
github.com/edlitmus/halite/internal/template/eval.go:852.24,854.19 2 1
github.com/edlitmus/halite/internal/template/eval.go:854.19,856.6 1 0
github.com/edlitmus/halite/internal/template/eval.go:857.5,859.13 3 1
github.com/edlitmus/halite/internal/template/eval.go:861.4,864.6 1 0
github.com/edlitmus/halite/internal/template/eval.go:869.2,870.31 2 1
github.com/edlitmus/halite/internal/template/eval.go:870.31,872.3 1 1
github.com/edlitmus/halite/internal/template/eval.go:873.2,875.41 3 1
github.com/edlitmus/halite/internal/template/eval.go:875.41,876.16 1 1
github.com/edlitmus/halite/internal/template/eval.go:876.16,878.4 1 1
github.com/edlitmus/halite/internal/template/eval.go:880.2,882.48 2 1
github.com/edlitmus/halite/internal/template/eval.go:882.48,884.3 1 0
github.com/edlitmus/halite/internal/template/eval.go:885.2,885.30 1 1
github.com/edlitmus/halite/internal/template/eval.go:890.46,891.47 1 1
github.com/edlitmus/halite/internal/template/eval.go:891.47,893.3 1 0
github.com/edlitmus/halite/internal/template/eval.go:894.2,894.23 1 1
github.com/edlitmus/halite/internal/template/eval.go:895.20,896.20 1 1
github.com/edlitmus/halite/internal/template/eval.go:898.17,899.42 1 1
github.com/edlitmus/halite/internal/template/eval.go:899.42,901.4 1 1
github.com/edlitmus/halite/internal/template/eval.go:902.3,902.52 1 1
github.com/edlitmus/halite/internal/template/eval.go:904.17,906.17 2 1
github.com/edlitmus/halite/internal/template/eval.go:906.17,908.4 1 0
github.com/edlitmus/halite/internal/template/eval.go:909.3,909.41 1 1
github.com/edlitmus/halite/internal/template/eval.go:911.17,913.17 2 1
github.com/edlitmus/halite/internal/template/eval.go:913.17,915.4 1 0
github.com/edlitmus/halite/internal/template/eval.go:916.3,917.17 2 1
github.com/edlitmus/halite/internal/template/eval.go:917.17,919.4 1 0
github.com/edlitmus/halite/internal/template/eval.go:920.3,920.38 1 1
github.com/edlitmus/halite/internal/template/eval.go:922.18,923.24 1 1
github.com/edlitmus/halite/internal/template/eval.go:925.17,926.23 1 1
github.com/edlitmus/halite/internal/template/eval.go:928.19,930.17 2 1
github.com/edlitmus/halite/internal/template/eval.go:930.17,932.4 1 0
github.com/edlitmus/halite/internal/template/eval.go:933.3,933.31 1 1
github.com/edlitmus/halite/internal/template/eval.go:935.17,936.24 1 1
github.com/edlitmus/halite/internal/template/eval.go:938.19,939.25 1 1
github.com/edlitmus/halite/internal/template/eval.go:941.18,943.17 2 1
github.com/edlitmus/halite/internal/template/eval.go:943.17,945.4 1 0
github.com/edlitmus/halite/internal/template/eval.go:946.3,946.20 1 1
github.com/edlitmus/halite/internal/template/eval.go:946.20,948.4 1 1
github.com/edlitmus/halite/internal/template/eval.go:949.3,949.33 1 1
github.com/edlitmus/halite/internal/template/eval.go:949.33,950.55 1 0
github.com/edlitmus/halite/internal/template/eval.go:950.55,952.5 1 0
github.com/edlitmus/halite/internal/template/eval.go:953.4,953.24 1 0
github.com/edlitmus/halite/internal/template/eval.go:955.3,955.28 1 1
github.com/edlitmus/halite/internal/template/eval.go:955.28,957.4 1 1
github.com/edlitmus/halite/internal/template/eval.go:958.3,958.30 1 0
github.com/edlitmus/halite/internal/template/eval.go:958.30,960.4 1 0
github.com/edlitmus/halite/internal/template/eval.go:961.3,961.63 1 0
github.com/edlitmus/halite/internal/template/eval.go:963.17,965.17 2 1
github.com/edlitmus/halite/internal/template/eval.go:965.17,967.4 1 0
github.com/edlitmus/halite/internal/template/eval.go:968.3,968.19 1 1
github.com/edlitmus/halite/internal/template/eval.go:968.19,970.4 1 1
github.com/edlitmus/halite/internal/template/eval.go:971.3,971.21 1 1
github.com/edlitmus/halite/internal/template/eval.go:971.21,974.4 1 0
github.com/edlitmus/halite/internal/template/eval.go:975.3,975.25 1 1
github.com/edlitmus/halite/internal/template/eval.go:977.17,979.32 2 1
github.com/edlitmus/halite/internal/template/eval.go:979.32,981.18 2 1
github.com/edlitmus/halite/internal/template/eval.go:981.18,983.5 1 0
github.com/edlitmus/halite/internal/template/eval.go:984.4,984.14 1 1
github.com/edlitmus/halite/internal/template/eval.go:986.3,986.18 1 1
github.com/edlitmus/halite/internal/template/eval.go:988.18,990.32 2 1
github.com/edlitmus/halite/internal/template/eval.go:990.32,992.18 2 1
github.com/edlitmus/halite/internal/template/eval.go:992.18,994.5 1 0
github.com/edlitmus/halite/internal/template/eval.go:995.4,995.14 1 1
github.com/edlitmus/halite/internal/template/eval.go:997.3,997.18 1 1
github.com/edlitmus/halite/internal/template/eval.go:999.17,1001.28 2 1
github.com/edlitmus/halite/internal/template/eval.go:1001.28,1003.18 2 1
github.com/edlitmus/halite/internal/template/eval.go:1003.18,1005.5 1 0
github.com/edlitmus/halite/internal/template/eval.go:1006.4,1007.18 2 1
github.com/edlitmus/halite/internal/template/eval.go:1007.18,1009.5 1 0
github.com/edlitmus/halite/internal/template/eval.go:1010.4,1010.31 1 1
github.com/edlitmus/halite/internal/template/eval.go:1012.3,1012.16 1 1
github.com/edlitmus/halite/internal/template/eval.go:1014.2,1014.59 1 0
github.com/edlitmus/halite/internal/template/eval.go:1017.59,1019.35 1 1
github.com/edlitmus/halite/internal/template/eval.go:1019.35,1021.17 2 1
github.com/edlitmus/halite/internal/template/eval.go:1021.17,1023.4 1 0
github.com/edlitmus/halite/internal/template/eval.go:1024.3,1025.27 2 1
github.com/edlitmus/halite/internal/template/eval.go:1025.27,1027.4 1 1
github.com/edlitmus/halite/internal/template/eval.go:1028.3,1028.25 1 1
github.com/edlitmus/halite/internal/template/eval.go:1028.25,1030.4 1 1
github.com/edlitmus/halite/internal/template/eval.go:1031.3,1031.21 1 0
github.com/edlitmus/halite/internal/template/eval.go:1034.2,1035.16 2 1
github.com/edlitmus/halite/internal/template/eval.go:1035.16,1037.3 1 0
github.com/edlitmus/halite/internal/template/eval.go:1038.2,1039.16 2 1
github.com/edlitmus/halite/internal/template/eval.go:1039.16,1041.3 1 0
github.com/edlitmus/halite/internal/template/eval.go:1042.2,1042.39 1 1
github.com/edlitmus/halite/internal/template/eval.go:1045.57,1047.16 2 1
github.com/edlitmus/halite/internal/template/eval.go:1047.16,1049.3 1 0
github.com/edlitmus/halite/internal/template/eval.go:1050.2,1050.44 1 1
github.com/edlitmus/halite/internal/template/eval.go:1050.44,1051.15 1 1
github.com/edlitmus/halite/internal/template/eval.go:1051.15,1053.4 1 1
github.com/edlitmus/halite/internal/template/eval.go:1054.3,1055.17 2 1
github.com/edlitmus/halite/internal/template/eval.go:1055.17,1057.4 1 0
github.com/edlitmus/halite/internal/template/eval.go:1058.3,1059.10 2 1
github.com/edlitmus/halite/internal/template/eval.go:1059.10,1061.4 1 0
github.com/edlitmus/halite/internal/template/eval.go:1062.3,1062.21 1 1
github.com/edlitmus/halite/internal/template/eval.go:1065.2,1069.25 5 1
github.com/edlitmus/halite/internal/template/eval.go:1070.13,1071.28 1 1
github.com/edlitmus/halite/internal/template/eval.go:1072.14,1074.35 2 1
github.com/edlitmus/halite/internal/template/eval.go:1075.17,1076.43 1 0
github.com/edlitmus/halite/internal/template/eval.go:1077.10,1078.64 1 0
github.com/edlitmus/halite/internal/template/eval.go:1081.2,1082.16 2 1
github.com/edlitmus/halite/internal/template/eval.go:1082.16,1084.3 1 0
github.com/edlitmus/halite/internal/template/eval.go:1085.2,1085.15 1 1
github.com/edlitmus/halite/internal/template/eval.go:1085.15,1087.3 1 0
github.com/edlitmus/halite/internal/template/eval.go:1088.2,1089.14 2 1
github.com/edlitmus/halite/internal/template/eval.go:1089.14,1091.3 1 1
github.com/edlitmus/halite/internal/template/eval.go:1092.2,1093.16 2 1
github.com/edlitmus/halite/internal/template/eval.go:1093.16,1095.3 1 0
github.com/edlitmus/halite/internal/template/eval.go:1096.2,1097.16 2 1
github.com/edlitmus/halite/internal/template/eval.go:1097.16,1099.3 1 0
github.com/edlitmus/halite/internal/template/eval.go:1100.2,1100.33 1 1
github.com/edlitmus/halite/internal/template/eval.go:1100.33,1102.3 1 0
github.com/edlitmus/halite/internal/template/eval.go:1103.2,1103.31 1 1
github.com/edlitmus/halite/internal/template/eval.go:1103.31,1105.3 1 0
github.com/edlitmus/halite/internal/template/eval.go:1106.2,1106.35 1 1
github.com/edlitmus/halite/internal/template/eval.go:1106.35,1107.13 1 1
github.com/edlitmus/halite/internal/template/eval.go:1107.13,1109.4 1 0
github.com/edlitmus/halite/internal/template/eval.go:1110.3,1110.13 1 1
github.com/edlitmus/halite/internal/template/eval.go:1110.13,1112.4 1 0
github.com/edlitmus/halite/internal/template/eval.go:1113.3,1113.11 1 1
github.com/edlitmus/halite/internal/template/eval.go:1115.2,1115.14 1 1
github.com/edlitmus/halite/internal/template/eval.go:1115.14,1117.3 1 1
github.com/edlitmus/halite/internal/template/eval.go:1117.8,1119.3 1 1
github.com/edlitmus/halite/internal/template/eval.go:1121.2,1121.11 1 1
github.com/edlitmus/halite/internal/template/eval.go:1121.11,1123.79 2 1
github.com/edlitmus/halite/internal/template/eval.go:1123.79,1125.4 1 1
github.com/edlitmus/halite/internal/template/eval.go:1126.3,1126.25 1 1
github.com/edlitmus/halite/internal/template/eval.go:1128.2,1129.78 2 1
github.com/edlitmus/halite/internal/template/eval.go:1129.78,1131.3 1 1
github.com/edlitmus/halite/internal/template/eval.go:1132.2,1132.17 1 1
github.com/edlitmus/halite/internal/template/eval.go:1135.55,1137.16 2 1
github.com/edlitmus/halite/internal/template/eval.go:1137.16,1139.3 1 0
github.com/edlitmus/halite/internal/template/eval.go:1140.2,1141.16 2 1
github.com/edlitmus/halite/internal/template/eval.go:1141.16,1143.3 1 0
github.com/edlitmus/halite/internal/template/eval.go:1144.2,1144.47 1 1
github.com/edlitmus/halite/internal/template/eval.go:1149.77,1151.27 2 1
github.com/edlitmus/halite/internal/template/eval.go:1151.27,1153.17 2 1
github.com/edlitmus/halite/internal/template/eval.go:1153.17,1155.4 1 0
github.com/edlitmus/halite/internal/template/eval.go:1156.3,1156.25 1 1
github.com/edlitmus/halite/internal/template/eval.go:1158.2,1158.23 1 1
github.com/edlitmus/halite/internal/template/eval.go:1158.23,1160.17 2 0
github.com/edlitmus/halite/internal/template/eval.go:1160.17,1162.4 1 0
github.com/edlitmus/halite/internal/template/eval.go:1163.3,1164.10 2 0
github.com/edlitmus/halite/internal/template/eval.go:1164.10,1166.4 1 0
github.com/edlitmus/halite/internal/template/eval.go:1167.3,1167.32 1 0
github.com/edlitmus/halite/internal/template/eval.go:1170.2,1171.30 2 1
github.com/edlitmus/halite/internal/template/eval.go:1171.30,1173.17 2 1
github.com/edlitmus/halite/internal/template/eval.go:1173.17,1175.4 1 0
github.com/edlitmus/halite/internal/template/eval.go:1176.3,1176.22 1 1
github.com/edlitmus/halite/internal/template/eval.go:1178.2,1178.21 1 1
github.com/edlitmus/halite/internal/template/eval.go:1178.21,1180.17 2 0
github.com/edlitmus/halite/internal/template/eval.go:1180.17,1182.4 1 0
github.com/edlitmus/halite/internal/template/eval.go:1183.3,1184.10 2 0
github.com/edlitmus/halite/internal/template/eval.go:1184.10,1186.4 1 0
github.com/edlitmus/halite/internal/template/eval.go:1187.3,1187.33 1 0
github.com/edlitmus/halite/internal/template/eval.go:1187.33,1189.4 1 0
github.com/edlitmus/halite/internal/template/eval.go:1191.2,1191.26 1 1
github.com/edlitmus/halite/internal/template/filters.go:22.45,22.73 1 1
github.com/edlitmus/halite/internal/template/filters.go:26.39,27.12 1 1
github.com/edlitmus/halite/internal/template/filters.go:27.12,29.3 1 0
github.com/edlitmus/halite/internal/template/filters.go:30.2,30.25 1 1
github.com/edlitmus/halite/internal/template/filters.go:34.53,34.88 1 1
github.com/edlitmus/halite/internal/template/filters.go:37.67,39.2 1 1
github.com/edlitmus/halite/internal/template/filters.go:46.69,48.9 2 1
github.com/edlitmus/halite/internal/template/filters.go:48.9,50.3 1 1
github.com/edlitmus/halite/internal/template/filters.go:51.2,52.27 2 1
github.com/edlitmus/halite/internal/template/filters.go:52.27,54.17 2 1
github.com/edlitmus/halite/internal/template/filters.go:54.17,56.4 1 0
github.com/edlitmus/halite/internal/template/filters.go:57.3,57.25 1 1
github.com/edlitmus/halite/internal/template/filters.go:59.2,60.30 2 1
github.com/edlitmus/halite/internal/template/filters.go:60.30,62.17 2 1
github.com/edlitmus/halite/internal/template/filters.go:62.17,64.4 1 0
github.com/edlitmus/halite/internal/template/filters.go:65.3,65.22 1 1
github.com/edlitmus/halite/internal/template/filters.go:67.2,69.16 3 1
github.com/edlitmus/halite/internal/template/filters.go:69.16,70.32 1 1
github.com/edlitmus/halite/internal/template/filters.go:70.32,72.4 1 1
github.com/edlitmus/halite/internal/template/filters.go:73.3,73.65 1 0
github.com/edlitmus/halite/internal/template/filters.go:75.2,75.17 1 1
github.com/edlitmus/halite/internal/template/filters.go:78.46,84.2 5 1
github.com/edlitmus/halite/internal/template/filters.go:86.46,87.84 1 1
github.com/edlitmus/halite/internal/template/filters.go:87.84,88.28 1 1
github.com/edlitmus/halite/internal/template/filters.go:88.28,89.13 1 1
github.com/edlitmus/halite/internal/template/filters.go:89.13,91.5 1 1
github.com/edlitmus/halite/internal/template/filters.go:92.4,92.17 1 0
github.com/edlitmus/halite/internal/template/filters.go:94.3,94.31 1 0
github.com/edlitmus/halite/internal/template/filters.go:94.31,96.4 1 0
github.com/edlitmus/halite/internal/template/filters.go:97.3,97.71 1 0
github.com/edlitmus/halite/internal/template/filters.go:100.2,100.88 1 1
github.com/edlitmus/halite/internal/template/filters.go:100.88,101.21 1 1
github.com/edlitmus/halite/internal/template/filters.go:101.21,103.4 1 0
github.com/edlitmus/halite/internal/template/filters.go:104.3,105.10 2 1
github.com/edlitmus/halite/internal/template/filters.go:105.10,107.4 1 0
github.com/edlitmus/halite/internal/template/filters.go:108.3,108.39 1 1
github.com/edlitmus/halite/internal/template/filters.go:111.2,115.93 5 1
github.com/edlitmus/halite/internal/template/filters.go:115.93,117.17 2 1
github.com/edlitmus/halite/internal/template/filters.go:117.17,119.4 1 0
github.com/edlitmus/halite/internal/template/filters.go:120.3,120.59 1 1
github.com/edlitmus/halite/internal/template/filters.go:120.59,122.4 1 1
github.com/edlitmus/halite/internal/template/filters.go:123.3,123.35 1 1
github.com/edlitmus/halite/internal/template/filters.go:125.2,127.87 2 1
github.com/edlitmus/halite/internal/template/filters.go:127.87,129.3 1 1
github.com/edlitmus/halite/internal/template/filters.go:131.2,131.92 1 1
github.com/edlitmus/halite/internal/template/filters.go:131.92,134.48 3 1
github.com/edlitmus/halite/internal/template/filters.go:134.48,136.4 1 1
github.com/edlitmus/halite/internal/template/filters.go:137.3,137.39 1 1
github.com/edlitmus/halite/internal/template/filters.go:137.39,139.4 1 1
github.com/edlitmus/halite/internal/template/filters.go:140.3,140.13 1 1
github.com/edlitmus/halite/internal/template/filters.go:140.13,142.4 1 1
github.com/edlitmus/halite/internal/template/filters.go:143.3,143.23 1 0
github.com/edlitmus/halite/internal/template/filters.go:146.2,146.94 1 1
github.com/edlitmus/halite/internal/template/filters.go:146.94,147.31 1 1
github.com/edlitmus/halite/internal/template/filters.go:147.31,149.4 1 0
github.com/edlitmus/halite/internal/template/filters.go:150.3,150.30 1 1
github.com/edlitmus/halite/internal/template/filters.go:150.30,151.75 1 1
github.com/edlitmus/halite/internal/template/filters.go:151.75,153.5 1 1
github.com/edlitmus/halite/internal/template/filters.go:155.3,155.53 1 0
github.com/edlitmus/halite/internal/template/filters.go:155.53,157.4 1 0
github.com/edlitmus/halite/internal/template/filters.go:158.3,158.18 1 0
github.com/edlitmus/halite/internal/template/filters.go:161.2,161.94 1 1
github.com/edlitmus/halite/internal/template/filters.go:161.94,163.10 2 1
github.com/edlitmus/halite/internal/template/filters.go:163.10,165.4 1 0
github.com/edlitmus/halite/internal/template/filters.go:166.3,167.53 2 1
github.com/edlitmus/halite/internal/template/filters.go:167.53,169.4 1 1
github.com/edlitmus/halite/internal/template/filters.go:170.3,171.56 2 1
github.com/edlitmus/halite/internal/template/filters.go:171.56,173.4 1 1
github.com/edlitmus/halite/internal/template/filters.go:174.3,175.17 2 1
github.com/edlitmus/halite/internal/template/filters.go:176.15,177.38 1 1
github.com/edlitmus/halite/internal/template/filters.go:178.16,179.39 1 0
github.com/edlitmus/halite/internal/template/filters.go:180.17,181.39 1 1
github.com/edlitmus/halite/internal/template/filters.go:183.3,183.71 1 0
github.com/edlitmus/halite/internal/template/filters.go:188.2,188.88 1 1
github.com/edlitmus/halite/internal/template/filters.go:188.88,190.19 2 1
github.com/edlitmus/halite/internal/template/filters.go:190.19,192.4 1 0
github.com/edlitmus/halite/internal/template/filters.go:193.3,194.51 2 1
github.com/edlitmus/halite/internal/template/filters.go:194.51,196.4 1 1
github.com/edlitmus/halite/internal/template/filters.go:197.3,197.21 1 1
github.com/edlitmus/halite/internal/template/filters.go:197.21,199.4 1 1
github.com/edlitmus/halite/internal/template/filters.go:200.3,200.28 1 1
github.com/edlitmus/halite/internal/template/filters.go:200.28,202.4 1 1
github.com/edlitmus/halite/internal/template/filters.go:203.3,203.16 1 0
github.com/edlitmus/halite/internal/template/filters.go:205.2,216.84 8 1
github.com/edlitmus/halite/internal/template/filters.go:216.84,216.101 1 0
github.com/edlitmus/halite/internal/template/filters.go:218.2,218.95 1 1
github.com/edlitmus/halite/internal/template/filters.go:218.95,220.17 2 1
github.com/edlitmus/halite/internal/template/filters.go:220.17,222.4 1 0
github.com/edlitmus/halite/internal/template/filters.go:223.3,223.32 1 1
github.com/edlitmus/halite/internal/template/filters.go:226.2,226.95 1 1
github.com/edlitmus/halite/internal/template/filters.go:226.95,228.17 2 1
github.com/edlitmus/halite/internal/template/filters.go:228.17,230.4 1 0
github.com/edlitmus/halite/internal/template/filters.go:231.3,232.49 2 1
github.com/edlitmus/halite/internal/template/filters.go:232.49,234.4 1 1
github.com/edlitmus/halite/internal/template/filters.go:235.3,236.49 2 1
github.com/edlitmus/halite/internal/template/filters.go:236.49,238.4 1 0
github.com/edlitmus/halite/internal/template/filters.go:239.3,240.49 2 1
github.com/edlitmus/halite/internal/template/filters.go:240.49,242.4 1 0
github.com/edlitmus/halite/internal/template/filters.go:243.3,245.28 3 1
github.com/edlitmus/halite/internal/template/filters.go:245.28,246.24 1 1
github.com/edlitmus/halite/internal/template/filters.go:246.24,247.13 1 1
github.com/edlitmus/halite/internal/template/filters.go:249.4,249.26 1 1
github.com/edlitmus/halite/internal/template/filters.go:249.26,250.13 1 0
github.com/edlitmus/halite/internal/template/filters.go:252.4,252.23 1 1
github.com/edlitmus/halite/internal/template/filters.go:254.3,254.40 1 1
github.com/edlitmus/halite/internal/template/filters.go:257.2,257.95 1 1
github.com/edlitmus/halite/internal/template/filters.go:257.95,259.17 2 0
github.com/edlitmus/halite/internal/template/filters.go:259.17,261.4 1 0
github.com/edlitmus/halite/internal/template/filters.go:262.3,263.49 2 0
github.com/edlitmus/halite/internal/template/filters.go:263.49,265.4 1 0
github.com/edlitmus/halite/internal/template/filters.go:266.3,267.15 2 0
github.com/edlitmus/halite/internal/template/filters.go:267.15,269.4 1 0
github.com/edlitmus/halite/internal/template/filters.go:270.3,271.76 2 0
github.com/edlitmus/halite/internal/template/filters.go:274.2,274.97 1 1
github.com/edlitmus/halite/internal/template/filters.go:274.97,276.17 2 0
github.com/edlitmus/halite/internal/template/filters.go:276.17,278.4 1 0
github.com/edlitmus/halite/internal/template/filters.go:279.3,280.50 2 0
github.com/edlitmus/halite/internal/template/filters.go:280.50,282.4 1 0
github.com/edlitmus/halite/internal/template/filters.go:283.3,284.53 2 0
github.com/edlitmus/halite/internal/template/filters.go:284.53,286.4 1 0
github.com/edlitmus/halite/internal/template/filters.go:287.3,288.53 2 0
github.com/edlitmus/halite/internal/template/filters.go:288.53,290.4 1 0
github.com/edlitmus/halite/internal/template/filters.go:291.3,292.31 2 0
github.com/edlitmus/halite/internal/template/filters.go:292.31,294.4 1 0
github.com/edlitmus/halite/internal/template/filters.go:295.3,296.14 2 0
github.com/edlitmus/halite/internal/template/filters.go:296.14,298.4 1 0
github.com/edlitmus/halite/internal/template/filters.go:299.3,300.17 2 0
github.com/edlitmus/halite/internal/template/filters.go:300.17,301.51 1 0
github.com/edlitmus/halite/internal/template/filters.go:301.51,303.5 1 0
github.com/edlitmus/halite/internal/template/filters.go:305.3,305.24 1 0
github.com/edlitmus/halite/internal/template/filters.go:308.2,308.90 1 1
github.com/edlitmus/halite/internal/template/filters.go:308.90,310.17 2 1
github.com/edlitmus/halite/internal/template/filters.go:310.17,312.4 1 0
github.com/edlitmus/halite/internal/template/filters.go:313.3,313.44 1 1
github.com/edlitmus/halite/internal/template/filters.go:316.2,316.97 1 1
github.com/edlitmus/halite/internal/template/filters.go:316.97,318.17 2 0
github.com/edlitmus/halite/internal/template/filters.go:318.17,320.4 1 0
github.com/edlitmus/halite/internal/template/filters.go:321.3,322.49 2 0
github.com/edlitmus/halite/internal/template/filters.go:322.49,324.4 1 0
github.com/edlitmus/halite/internal/template/filters.go:325.3,325.38 1 0
github.com/edlitmus/halite/internal/template/filters.go:328.2,328.96 1 1
github.com/edlitmus/halite/internal/template/filters.go:328.96,330.17 2 1
github.com/edlitmus/halite/internal/template/filters.go:330.17,332.4 1 0
github.com/edlitmus/halite/internal/template/filters.go:333.3,335.19 3 1
github.com/edlitmus/halite/internal/template/filters.go:335.19,337.4 1 0
github.com/edlitmus/halite/internal/template/filters.go:338.3,338.49 1 1
github.com/edlitmus/halite/internal/template/filters.go:338.49,339.29 1 1
github.com/edlitmus/halite/internal/template/filters.go:339.29,341.5 1 1
github.com/edlitmus/halite/internal/template/filters.go:343.3,343.45 1 1
github.com/edlitmus/halite/internal/template/filters.go:346.2,346.103 1 1
github.com/edlitmus/halite/internal/template/filters.go:346.103,348.10 2 1
github.com/edlitmus/halite/internal/template/filters.go:348.10,350.4 1 0
github.com/edlitmus/halite/internal/template/filters.go:351.3,352.50 2 1
github.com/edlitmus/halite/internal/template/filters.go:352.50,354.4 1 1
github.com/edlitmus/halite/internal/template/filters.go:355.3,355.35 1 1
github.com/edlitmus/halite/internal/template/filters.go:358.2,358.86 1 1
github.com/edlitmus/halite/internal/template/filters.go:358.86,360.3 1 0
github.com/edlitmus/halite/internal/template/filters.go:362.2,365.90 3 1
github.com/edlitmus/halite/internal/template/filters.go:365.90,367.17 2 0
github.com/edlitmus/halite/internal/template/filters.go:367.17,369.4 1 0
github.com/edlitmus/halite/internal/template/filters.go:370.3,370.27 1 0
github.com/edlitmus/halite/internal/template/filters.go:373.2,373.96 1 1
github.com/edlitmus/halite/internal/template/filters.go:373.96,375.10 2 0
github.com/edlitmus/halite/internal/template/filters.go:375.10,377.4 1 0
github.com/edlitmus/halite/internal/template/filters.go:378.3,379.33 2 0
github.com/edlitmus/halite/internal/template/filters.go:379.33,380.42 1 0
github.com/edlitmus/halite/internal/template/filters.go:380.42,381.13 1 0
github.com/edlitmus/halite/internal/template/filters.go:383.4,387.20 5 0
github.com/edlitmus/halite/internal/template/filters.go:389.3,389.25 1 0
github.com/edlitmus/halite/internal/template/filters.go:393.85,394.23 1 1
github.com/edlitmus/halite/internal/template/filters.go:395.14,396.36 1 1
github.com/edlitmus/halite/internal/template/filters.go:397.13,398.28 1 1
github.com/edlitmus/halite/internal/template/filters.go:399.18,400.29 1 0
github.com/edlitmus/halite/internal/template/filters.go:401.22,402.28 1 0
github.com/edlitmus/halite/internal/template/filters.go:403.11,404.23 1 0
github.com/edlitmus/halite/internal/template/filters.go:405.17,406.56 1 0
github.com/edlitmus/halite/internal/template/filters.go:406.56,408.4 1 0
github.com/edlitmus/halite/internal/template/filters.go:409.3,409.23 1 0
github.com/edlitmus/halite/internal/template/filters.go:411.2,411.95 1 0
github.com/edlitmus/halite/internal/template/filters.go:414.91,416.49 2 1
github.com/edlitmus/halite/internal/template/filters.go:416.49,418.3 1 0
github.com/edlitmus/halite/internal/template/filters.go:419.2,420.16 2 1
github.com/edlitmus/halite/internal/template/filters.go:420.16,422.3 1 0
github.com/edlitmus/halite/internal/template/filters.go:423.2,423.23 1 1
github.com/edlitmus/halite/internal/template/filters.go:428.32,429.23 1 1
github.com/edlitmus/halite/internal/template/filters.go:430.17,431.13 1 0
github.com/edlitmus/halite/internal/template/filters.go:432.18,434.33 2 1
github.com/edlitmus/halite/internal/template/filters.go:434.33,436.4 1 1
github.com/edlitmus/halite/internal/template/filters.go:437.3,437.13 1 1
github.com/edlitmus/halite/internal/template/filters.go:438.13,440.26 2 0
github.com/edlitmus/halite/internal/template/filters.go:440.26,442.4 1 0
github.com/edlitmus/halite/internal/template/filters.go:443.3,443.13 1 0
github.com/edlitmus/halite/internal/template/filters.go:445.2,445.10 1 1
github.com/edlitmus/halite/internal/template/filters.go:448.64,449.80 1 1
github.com/edlitmus/halite/internal/template/filters.go:449.80,451.17 2 1
github.com/edlitmus/halite/internal/template/filters.go:451.17,453.4 1 0
github.com/edlitmus/halite/internal/template/filters.go:454.3,454.20 1 1
github.com/edlitmus/halite/internal/template/filters.go:458.43,459.23 1 1
github.com/edlitmus/halite/internal/template/filters.go:460.13,461.17 1 0
github.com/edlitmus/halite/internal/template/filters.go:462.11,463.24 1 0
github.com/edlitmus/halite/internal/template/filters.go:464.15,465.24 1 0
github.com/edlitmus/halite/internal/template/filters.go:466.12,467.8 1 0
github.com/edlitmus/halite/internal/template/filters.go:467.8,469.4 1 0
github.com/edlitmus/halite/internal/template/filters.go:470.3,470.17 1 0
github.com/edlitmus/halite/internal/template/filters.go:471.14,473.30 2 1
github.com/edlitmus/halite/internal/template/filters.go:473.30,474.59 1 1
github.com/edlitmus/halite/internal/template/filters.go:474.59,476.5 1 1
github.com/edlitmus/halite/internal/template/filters.go:477.4,477.19 1 0
github.com/edlitmus/halite/internal/template/filters.go:479.3,479.56 1 1
github.com/edlitmus/halite/internal/template/filters.go:479.56,481.4 1 1
github.com/edlitmus/halite/internal/template/filters.go:482.3,482.55 1 1
github.com/edlitmus/halite/internal/template/filters.go:482.55,484.4 1 0
github.com/edlitmus/halite/internal/template/filters.go:486.2,486.17 1 1
github.com/edlitmus/halite/internal/template/filters.go:489.34,490.13 1 1
github.com/edlitmus/halite/internal/template/filters.go:490.13,492.3 1 0
github.com/edlitmus/halite/internal/template/filters.go:493.2,495.19 3 1
github.com/edlitmus/halite/internal/template/filters.go:498.33,501.22 3 1
github.com/edlitmus/halite/internal/template/filters.go:501.22,502.10 1 1
github.com/edlitmus/halite/internal/template/filters.go:503.50,504.19 1 1
github.com/edlitmus/halite/internal/template/filters.go:504.19,506.5 1 1
github.com/edlitmus/halite/internal/template/filters.go:506.10,508.5 1 1
github.com/edlitmus/halite/internal/template/filters.go:509.4,509.23 1 1
github.com/edlitmus/halite/internal/template/filters.go:510.11,512.22 2 1
github.com/edlitmus/halite/internal/template/filters.go:515.2,515.19 1 1
github.com/edlitmus/halite/internal/template/filters.go:518.32,519.39 1 0
github.com/edlitmus/halite/internal/template/filters.go:519.39,520.25 1 0
github.com/edlitmus/halite/internal/template/filters.go:520.25,522.4 1 0
github.com/edlitmus/halite/internal/template/filters.go:523.3,523.28 1 0
github.com/edlitmus/halite/internal/template/filters.go:527.33,530.22 3 1
github.com/edlitmus/halite/internal/template/filters.go:530.22,531.12 1 1
github.com/edlitmus/halite/internal/template/filters.go:532.12,533.11 1 1
github.com/edlitmus/halite/internal/template/filters.go:534.12,535.17 1 1
github.com/edlitmus/halite/internal/template/filters.go:535.17,537.5 1 1
github.com/edlitmus/halite/internal/template/filters.go:538.11,539.18 1 1
github.com/edlitmus/halite/internal/template/filters.go:539.18,541.5 1 1
github.com/edlitmus/halite/internal/template/filters.go:544.2,544.54 1 1
github.com/edlitmus/halite/internal/template/filters.go:547.34,550.2 2 1
github.com/edlitmus/halite/internal/template/filters.go:552.33,555.30 3 0
github.com/edlitmus/halite/internal/template/filters.go:555.30,557.38 2 0
github.com/edlitmus/halite/internal/template/filters.go:557.38,559.12 2 0
github.com/edlitmus/halite/internal/template/filters.go:561.3,561.31 1 0
github.com/edlitmus/halite/internal/template/filters.go:563.2,563.19 1 0
github.com/edlitmus/halite/internal/template/filters.go:566.47,569.12 3 1
github.com/edlitmus/halite/internal/template/filters.go:569.12,572.3 2 1
github.com/edlitmus/halite/internal/template/filters.go:573.2,573.14 1 1
github.com/edlitmus/halite/internal/template/filters.go:573.14,575.3 1 0
github.com/edlitmus/halite/internal/template/filters.go:576.2,576.26 1 1
github.com/edlitmus/halite/internal/template/filters.go:576.26,578.37 2 1
github.com/edlitmus/halite/internal/template/filters.go:578.37,580.4 1 1
github.com/edlitmus/halite/internal/template/filters.go:582.2,582.55 1 0
github.com/edlitmus/halite/internal/template/filters.go:585.43,587.46 2 0
github.com/edlitmus/halite/internal/template/filters.go:587.46,589.22 2 0
github.com/edlitmus/halite/internal/template/filters.go:589.22,591.12 2 0
github.com/edlitmus/halite/internal/template/filters.go:593.3,594.31 2 0
github.com/edlitmus/halite/internal/template/filters.go:594.31,595.34 1 0
github.com/edlitmus/halite/internal/template/filters.go:595.34,598.13 3 0
github.com/edlitmus/halite/internal/template/filters.go:600.4,600.19 1 0
github.com/edlitmus/halite/internal/template/filters.go:602.3,602.26 1 0
github.com/edlitmus/halite/internal/template/filters.go:604.2,604.32 1 0
github.com/edlitmus/halite/internal/template/filters.go:609.63,611.25 2 1
github.com/edlitmus/halite/internal/template/filters.go:611.25,612.24 1 1
github.com/edlitmus/halite/internal/template/filters.go:613.14,614.17 1 1
github.com/edlitmus/halite/internal/template/filters.go:615.16,616.17 1 0
github.com/edlitmus/halite/internal/template/filters.go:617.15,618.17 1 1
github.com/edlitmus/halite/internal/template/filters.go:619.13,620.17 1 0
github.com/edlitmus/halite/internal/template/filters.go:621.11,622.30 1 0
github.com/edlitmus/halite/internal/template/filters.go:625.2,626.33 2 1
github.com/edlitmus/halite/internal/template/filters.go:626.33,628.3 1 0
github.com/edlitmus/halite/internal/template/filters.go:629.2,629.17 1 1
github.com/edlitmus/halite/internal/template/filters.go:634.75,635.46 1 1
github.com/edlitmus/halite/internal/template/filters.go:635.46,638.14 3 1
github.com/edlitmus/halite/internal/template/filters.go:638.14,640.4 1 1
github.com/edlitmus/halite/internal/template/filters.go:641.3,641.14 1 1
github.com/edlitmus/halite/internal/template/filters.go:645.51,648.22 3 1
github.com/edlitmus/halite/internal/template/filters.go:648.22,649.21 1 1
github.com/edlitmus/halite/internal/template/filters.go:649.21,651.4 1 1
github.com/edlitmus/halite/internal/template/filters.go:652.3,652.17 1 1
github.com/edlitmus/halite/internal/template/filters.go:654.2,656.16 3 1
github.com/edlitmus/halite/internal/template/filters.go:656.16,658.3 1 1
github.com/edlitmus/halite/internal/template/filters.go:659.2,659.40 1 0
github.com/edlitmus/halite/internal/template/filters_salt.go:28.46,35.2 6 1
github.com/edlitmus/halite/internal/template/filters_salt.go:37.55,38.92 1 1
github.com/edlitmus/halite/internal/template/filters_salt.go:38.92,40.3 1 1
github.com/edlitmus/halite/internal/template/filters_salt.go:41.2,41.92 1 1
github.com/edlitmus/halite/internal/template/filters_salt.go:41.92,43.17 2 1
github.com/edlitmus/halite/internal/template/filters_salt.go:43.17,45.4 1 0
github.com/edlitmus/halite/internal/template/filters_salt.go:46.3,46.28 1 1
github.com/edlitmus/halite/internal/template/filters_salt.go:48.2,48.92 1 1
github.com/edlitmus/halite/internal/template/filters_salt.go:48.92,50.17 2 1
github.com/edlitmus/halite/internal/template/filters_salt.go:50.17,52.4 1 0
github.com/edlitmus/halite/internal/template/filters_salt.go:53.3,53.34 1 1
github.com/edlitmus/halite/internal/template/filters_salt.go:55.2,60.90 6 1
github.com/edlitmus/halite/internal/template/filters_salt.go:60.90,62.17 2 1
github.com/edlitmus/halite/internal/template/filters_salt.go:62.17,64.4 1 0
github.com/edlitmus/halite/internal/template/filters_salt.go:65.3,66.17 2 1
github.com/edlitmus/halite/internal/template/filters_salt.go:66.17,68.4 1 0
github.com/edlitmus/halite/internal/template/filters_salt.go:69.3,69.18 1 1
github.com/edlitmus/halite/internal/template/filters_salt.go:72.2,72.88 1 1
github.com/edlitmus/halite/internal/template/filters_salt.go:72.88,73.24 1 1
github.com/edlitmus/halite/internal/template/filters_salt.go:74.13,75.17 1 0
github.com/edlitmus/halite/internal/template/filters_salt.go:76.15,77.49 1 1
github.com/edlitmus/halite/internal/template/filters_salt.go:78.39,79.21 1 1
github.com/edlitmus/halite/internal/template/filters_salt.go:80.44,81.22 1 1
github.com/edlitmus/halite/internal/template/filters_salt.go:83.4,83.60 1 0
github.com/edlitmus/halite/internal/template/filters_salt.go:84.12,85.21 1 0
github.com/edlitmus/halite/internal/template/filters_salt.go:87.3,87.30 1 0
github.com/edlitmus/halite/internal/template/filters_salt.go:87.30,89.4 1 0
github.com/edlitmus/halite/internal/template/filters_salt.go:90.3,90.24 1 0
github.com/edlitmus/halite/internal/template/filters_salt.go:93.2,93.87 1 1
github.com/edlitmus/halite/internal/template/filters_salt.go:93.87,94.28 1 1
github.com/edlitmus/halite/internal/template/filters_salt.go:94.28,96.4 1 0
github.com/edlitmus/halite/internal/template/filters_salt.go:97.3,97.30 1 1
github.com/edlitmus/halite/internal/template/filters_salt.go:97.30,99.4 1 0
github.com/edlitmus/halite/internal/template/filters_salt.go:100.3,101.17 2 1
github.com/edlitmus/halite/internal/template/filters_salt.go:101.17,103.4 1 0
github.com/edlitmus/halite/internal/template/filters_salt.go:104.3,105.56 2 1
github.com/edlitmus/halite/internal/template/filters_salt.go:105.56,107.4 1 1
github.com/edlitmus/halite/internal/template/filters_salt.go:108.3,108.54 1 0
github.com/edlitmus/halite/internal/template/filters_salt.go:108.54,110.4 1 0
github.com/edlitmus/halite/internal/template/filters_salt.go:111.3,111.57 1 0
github.com/edlitmus/halite/internal/template/filters_salt.go:114.2,114.86 1 1
github.com/edlitmus/halite/internal/template/filters_salt.go:114.86,116.17 2 1
github.com/edlitmus/halite/internal/template/filters_salt.go:116.17,118.4 1 0
github.com/edlitmus/halite/internal/template/filters_salt.go:119.3,119.61 1 1
github.com/edlitmus/halite/internal/template/filters_salt.go:122.2,122.104 1 1
github.com/edlitmus/halite/internal/template/filters_salt.go:122.104,124.10 2 0
github.com/edlitmus/halite/internal/template/filters_salt.go:124.10,126.4 1 0
github.com/edlitmus/halite/internal/template/filters_salt.go:127.3,128.33 2 0
github.com/edlitmus/halite/internal/template/filters_salt.go:128.33,134.4 5 0
github.com/edlitmus/halite/internal/template/filters_salt.go:135.3,135.50 1 0
github.com/edlitmus/halite/internal/template/filters_salt.go:139.42,140.80 1 1
github.com/edlitmus/halite/internal/template/filters_salt.go:140.80,142.17 2 1
github.com/edlitmus/halite/internal/template/filters_salt.go:142.17,144.4 1 0
github.com/edlitmus/halite/internal/template/filters_salt.go:145.3,146.17 2 1
github.com/edlitmus/halite/internal/template/filters_salt.go:146.17,148.4 1 0
github.com/edlitmus/halite/internal/template/filters_salt.go:149.3,149.14 1 1
github.com/edlitmus/halite/internal/template/filters_salt.go:149.14,150.38 1 1
github.com/edlitmus/halite/internal/template/filters_salt.go:150.38,152.5 1 0
github.com/edlitmus/halite/internal/template/filters_salt.go:153.9,153.39 1 1
github.com/edlitmus/halite/internal/template/filters_salt.go:153.39,155.4 1 0
github.com/edlitmus/halite/internal/template/filters_salt.go:156.3,156.18 1 1
github.com/edlitmus/halite/internal/template/filters_salt.go:160.46,161.66 1 1
github.com/edlitmus/halite/internal/template/filters_salt.go:161.66,162.81 1 1
github.com/edlitmus/halite/internal/template/filters_salt.go:162.81,164.18 2 1
github.com/edlitmus/halite/internal/template/filters_salt.go:164.18,166.5 1 0
github.com/edlitmus/halite/internal/template/filters_salt.go:167.4,167.30 1 1
github.com/edlitmus/halite/internal/template/filters_salt.go:170.2,170.49 1 1
github.com/edlitmus/halite/internal/template/filters_salt.go:170.49,170.101 2 1
github.com/edlitmus/halite/internal/template/filters_salt.go:171.2,171.51 1 1
github.com/edlitmus/halite/internal/template/filters_salt.go:171.51,171.104 2 1
github.com/edlitmus/halite/internal/template/filters_salt.go:172.2,172.55 1 1
github.com/edlitmus/halite/internal/template/filters_salt.go:172.55,172.113 2 1
github.com/edlitmus/halite/internal/template/filters_salt.go:173.2,173.55 1 1
github.com/edlitmus/halite/internal/template/filters_salt.go:173.55,173.113 2 0
github.com/edlitmus/halite/internal/template/filters_salt.go:175.2,175.93 1 1
github.com/edlitmus/halite/internal/template/filters_salt.go:175.93,177.17 2 0
github.com/edlitmus/halite/internal/template/filters_salt.go:177.17,179.4 1 0
github.com/edlitmus/halite/internal/template/filters_salt.go:180.3,181.10 2 0
github.com/edlitmus/halite/internal/template/filters_salt.go:181.10,183.4 1 0
github.com/edlitmus/halite/internal/template/filters_salt.go:184.3,188.19 5 0
github.com/edlitmus/halite/internal/template/filters_salt.go:188.19,190.18 2 0
github.com/edlitmus/halite/internal/template/filters_salt.go:190.18,192.5 1 0
github.com/edlitmus/halite/internal/template/filters_salt.go:193.4,193.37 1 0
github.com/edlitmus/halite/internal/template/filters_salt.go:195.3,195.53 1 0
github.com/edlitmus/halite/internal/template/filters_salt.go:198.2,198.94 1 1
github.com/edlitmus/halite/internal/template/filters_salt.go:198.94,200.17 2 1
github.com/edlitmus/halite/internal/template/filters_salt.go:200.17,202.4 1 0
github.com/edlitmus/halite/internal/template/filters_salt.go:203.3,203.59 1 1
github.com/edlitmus/halite/internal/template/filters_salt.go:205.2,205.94 1 1
github.com/edlitmus/halite/internal/template/filters_salt.go:205.94,207.17 2 1
github.com/edlitmus/halite/internal/template/filters_salt.go:207.17,209.4 1 0
github.com/edlitmus/halite/internal/template/filters_salt.go:210.3,211.17 2 1
github.com/edlitmus/halite/internal/template/filters_salt.go:211.17,213.4 1 0
github.com/edlitmus/halite/internal/template/filters_salt.go:214.3,214.24 1 1
github.com/edlitmus/halite/internal/template/filters_salt.go:216.2,216.91 1 1
github.com/edlitmus/halite/internal/template/filters_salt.go:216.91,218.17 2 1
github.com/edlitmus/halite/internal/template/filters_salt.go:218.17,220.4 1 0
github.com/edlitmus/halite/internal/template/filters_salt.go:221.3,221.44 1 1
github.com/edlitmus/halite/internal/template/filters_salt.go:223.2,223.91 1 1
github.com/edlitmus/halite/internal/template/filters_salt.go:223.91,225.17 2 0
github.com/edlitmus/halite/internal/template/filters_salt.go:225.17,227.4 1 0
github.com/edlitmus/halite/internal/template/filters_salt.go:228.3,229.17 2 0
github.com/edlitmus/halite/internal/template/filters_salt.go:229.17,231.4 1 0
github.com/edlitmus/halite/internal/template/filters_salt.go:232.3,232.24 1 0
github.com/edlitmus/halite/internal/template/filters_salt.go:239.2,239.100 1 1
github.com/edlitmus/halite/internal/template/filters_salt.go:239.100,241.48 2 0
github.com/edlitmus/halite/internal/template/filters_salt.go:241.48,243.4 1 0
github.com/edlitmus/halite/internal/template/filters_salt.go:244.3,244.31 1 0
github.com/edlitmus/halite/internal/template/filters_salt.go:244.31,246.4 1 0
github.com/edlitmus/halite/internal/template/filters_salt.go:247.3,248.20 2 0
github.com/edlitmus/halite/internal/template/filters_salt.go:248.20,250.4 1 0
github.com/edlitmus/halite/internal/template/filters_salt.go:251.3,252.39 2 0
github.com/edlitmus/halite/internal/template/filters_salt.go:255.2,255.97 1 1
github.com/edlitmus/halite/internal/template/filters_salt.go:255.97,257.3 1 0
github.com/edlitmus/halite/internal/template/filters_salt.go:259.2,259.85 1 1
github.com/edlitmus/halite/internal/template/filters_salt.go:259.85,261.17 2 1
github.com/edlitmus/halite/internal/template/filters_salt.go:261.17,263.4 1 0
github.com/edlitmus/halite/internal/template/filters_salt.go:264.3,264.14 1 1
github.com/edlitmus/halite/internal/template/filters_salt.go:264.14,268.4 1 1
github.com/edlitmus/halite/internal/template/filters_salt.go:269.3,270.44 2 0
github.com/edlitmus/halite/internal/template/filters_salt.go:270.44,272.4 1 0
github.com/edlitmus/halite/internal/template/filters_salt.go:273.3,275.28 3 0
github.com/edlitmus/halite/internal/template/filters_salt.go:283.32,293.2 9 1
github.com/edlitmus/halite/internal/template/filters_salt.go:295.36,297.2 1 1
github.com/edlitmus/halite/internal/template/filters_salt.go:299.47,300.93 1 1
github.com/edlitmus/halite/internal/template/filters_salt.go:300.93,302.17 2 1
github.com/edlitmus/halite/internal/template/filters_salt.go:302.17,304.4 1 0
github.com/edlitmus/halite/internal/template/filters_salt.go:305.3,305.33 1 1
github.com/edlitmus/halite/internal/template/filters_salt.go:308.2,308.111 1 1
github.com/edlitmus/halite/internal/template/filters_salt.go:308.111,310.10 2 1
github.com/edlitmus/halite/internal/template/filters_salt.go:310.10,312.4 1 0
github.com/edlitmus/halite/internal/template/filters_salt.go:313.3,313.16 1 1
github.com/edlitmus/halite/internal/template/filters_salt.go:316.2,316.100 1 1
github.com/edlitmus/halite/internal/template/filters_salt.go:316.100,318.17 2 1
github.com/edlitmus/halite/internal/template/filters_salt.go:318.17,320.4 1 0
github.com/edlitmus/halite/internal/template/filters_salt.go:321.3,322.17 2 1
github.com/edlitmus/halite/internal/template/filters_salt.go:322.17,324.4 1 0
github.com/edlitmus/halite/internal/template/filters_salt.go:325.3,326.17 2 1
github.com/edlitmus/halite/internal/template/filters_salt.go:326.17,328.4 1 0
github.com/edlitmus/halite/internal/template/filters_salt.go:329.3,330.15 2 1
github.com/edlitmus/halite/internal/template/filters_salt.go:330.15,332.4 1 1
github.com/edlitmus/halite/internal/template/filters_salt.go:333.3,333.18 1 1
github.com/edlitmus/halite/internal/template/filters_salt.go:333.18,335.4 1 1
github.com/edlitmus/halite/internal/template/filters_salt.go:336.3,336.34 1 0
github.com/edlitmus/halite/internal/template/filters_salt.go:339.2,339.101 1 1
github.com/edlitmus/halite/internal/template/filters_salt.go:339.101,341.17 2 1
github.com/edlitmus/halite/internal/template/filters_salt.go:341.17,343.4 1 0
github.com/edlitmus/halite/internal/template/filters_salt.go:344.3,345.17 2 1
github.com/edlitmus/halite/internal/template/filters_salt.go:345.17,347.4 1 0
github.com/edlitmus/halite/internal/template/filters_salt.go:348.3,349.17 2 1
github.com/edlitmus/halite/internal/template/filters_salt.go:349.17,351.4 1 1
github.com/edlitmus/halite/internal/template/filters_salt.go:352.3,353.15 2 1
github.com/edlitmus/halite/internal/template/filters_salt.go:353.15,355.4 1 0
github.com/edlitmus/halite/internal/template/filters_salt.go:356.3,356.18 1 1
github.com/edlitmus/halite/internal/template/filters_salt.go:356.18,358.4 1 0
github.com/edlitmus/halite/internal/template/filters_salt.go:359.3,359.34 1 1
github.com/edlitmus/halite/internal/template/filters_salt.go:362.2,362.102 1 1
github.com/edlitmus/halite/internal/template/filters_salt.go:362.102,364.17 2 1
github.com/edlitmus/halite/internal/template/filters_salt.go:364.17,366.4 1 0
github.com/edlitmus/halite/internal/template/filters_salt.go:367.3,368.17 2 1
github.com/edlitmus/halite/internal/template/filters_salt.go:368.17,370.4 1 0
github.com/edlitmus/halite/internal/template/filters_salt.go:371.3,372.10 2 1
github.com/edlitmus/halite/internal/template/filters_salt.go:372.10,374.4 1 0
github.com/edlitmus/halite/internal/template/filters_salt.go:375.3,376.17 2 1
github.com/edlitmus/halite/internal/template/filters_salt.go:376.17,378.4 1 0
github.com/edlitmus/halite/internal/template/filters_salt.go:379.3,379.62 1 1
github.com/edlitmus/halite/internal/template/filters_salt.go:382.2,382.100 1 1
github.com/edlitmus/halite/internal/template/filters_salt.go:382.100,384.17 2 1
github.com/edlitmus/halite/internal/template/filters_salt.go:384.17,386.4 1 0
github.com/edlitmus/halite/internal/template/filters_salt.go:387.3,388.17 2 1
github.com/edlitmus/halite/internal/template/filters_salt.go:388.17,390.4 1 0
github.com/edlitmus/halite/internal/template/filters_salt.go:391.3,392.17 2 1
github.com/edlitmus/halite/internal/template/filters_salt.go:392.17,394.4 1 0
github.com/edlitmus/halite/internal/template/filters_salt.go:395.3,395.44 1 1
github.com/edlitmus/halite/internal/template/filters_salt.go:401.44,403.33 2 1
github.com/edlitmus/halite/internal/template/filters_salt.go:403.33,404.81 1 1
github.com/edlitmus/halite/internal/template/filters_salt.go:404.81,406.58 2 1
github.com/edlitmus/halite/internal/template/filters_salt.go:406.58,408.5 1 1
github.com/edlitmus/halite/internal/template/filters_salt.go:409.4,411.12 3 1
github.com/edlitmus/halite/internal/template/filters_salt.go:413.3,413.21 1 1
github.com/edlitmus/halite/internal/template/filters_salt.go:413.21,415.12 2 0
github.com/edlitmus/halite/internal/template/filters_salt.go:417.3,417.23 1 1
github.com/edlitmus/halite/internal/template/filters_salt.go:419.2,419.19 1 1
github.com/edlitmus/halite/internal/template/filters_salt.go:422.39,425.30 3 1
github.com/edlitmus/halite/internal/template/filters_salt.go:425.30,426.44 1 1
github.com/edlitmus/halite/internal/template/filters_salt.go:426.44,428.4 1 1
github.com/edlitmus/halite/internal/template/filters_salt.go:429.3,429.20 1 1
github.com/edlitmus/halite/internal/template/filters_salt.go:431.2,431.19 1 1
github.com/edlitmus/halite/internal/template/filters_salt.go:434.52,440.96 5 1
github.com/edlitmus/halite/internal/template/filters_salt.go:440.96,442.17 2 1
github.com/edlitmus/halite/internal/template/filters_salt.go:442.17,444.4 1 0
github.com/edlitmus/halite/internal/template/filters_salt.go:445.3,446.50 2 1
github.com/edlitmus/halite/internal/template/filters_salt.go:446.50,449.4 2 1
github.com/edlitmus/halite/internal/template/filters_salt.go:450.3,451.42 2 1
github.com/edlitmus/halite/internal/template/filters_salt.go:451.42,453.28 2 1
github.com/edlitmus/halite/internal/template/filters_salt.go:453.28,455.45 2 1
github.com/edlitmus/halite/internal/template/filters_salt.go:455.45,457.14 2 1
github.com/edlitmus/halite/internal/template/filters_salt.go:459.5,459.28 1 1
github.com/edlitmus/halite/internal/template/filters_salt.go:461.4,461.14 1 1
github.com/edlitmus/halite/internal/template/filters_salt.go:463.3,463.29 1 1
github.com/edlitmus/halite/internal/template/filters_salt.go:466.2,469.84 3 1
github.com/edlitmus/halite/internal/template/filters_salt.go:469.84,471.17 2 1
github.com/edlitmus/halite/internal/template/filters_salt.go:471.17,473.4 1 0
github.com/edlitmus/halite/internal/template/filters_salt.go:474.3,474.23 1 1
github.com/edlitmus/halite/internal/template/filters_salt.go:476.2,476.86 1 1
github.com/edlitmus/halite/internal/template/filters_salt.go:476.86,478.17 2 0
github.com/edlitmus/halite/internal/template/filters_salt.go:478.17,480.4 1 0
github.com/edlitmus/halite/internal/template/filters_salt.go:481.3,481.24 1 0
github.com/edlitmus/halite/internal/template/filters_salt.go:484.2,487.87 3 1
github.com/edlitmus/halite/internal/template/filters_salt.go:487.87,490.3 2 1
github.com/edlitmus/halite/internal/template/filters_salt.go:491.2,491.87 1 1
github.com/edlitmus/halite/internal/template/filters_salt.go:491.87,492.19 1 0
github.com/edlitmus/halite/internal/template/filters_salt.go:493.34,494.20 1 0
github.com/edlitmus/halite/internal/template/filters_salt.go:496.3,496.20 1 0
github.com/edlitmus/halite/internal/template/filters_salt.go:499.2,499.97 1 1
github.com/edlitmus/halite/internal/template/filters_salt.go:499.97,501.10 2 1
github.com/edlitmus/halite/internal/template/filters_salt.go:501.10,503.4 1 0
github.com/edlitmus/halite/internal/template/filters_salt.go:504.3,505.59 2 1
github.com/edlitmus/halite/internal/template/filters_salt.go:505.59,507.4 1 0
github.com/edlitmus/halite/internal/template/filters_salt.go:508.3,508.55 1 1
github.com/edlitmus/halite/internal/template/filters_salt.go:508.55,510.4 1 1
github.com/edlitmus/halite/internal/template/filters_salt.go:511.3,511.53 1 1
github.com/edlitmus/halite/internal/template/filters_salt.go:511.53,513.4 1 1
github.com/edlitmus/halite/internal/template/filters_salt.go:514.3,514.80 1 0
github.com/edlitmus/halite/internal/template/filters_salt.go:517.2,517.81 1 1
github.com/edlitmus/halite/internal/template/filters_salt.go:517.81,518.89 1 1
github.com/edlitmus/halite/internal/template/filters_salt.go:518.89,520.11 2 1
github.com/edlitmus/halite/internal/template/filters_salt.go:520.11,522.5 1 0
github.com/edlitmus/halite/internal/template/filters_salt.go:523.4,524.11 2 1
github.com/edlitmus/halite/internal/template/filters_salt.go:524.11,526.5 1 0
github.com/edlitmus/halite/internal/template/filters_salt.go:527.4,528.60 2 1
github.com/edlitmus/halite/internal/template/filters_salt.go:528.60,530.5 1 0
github.com/edlitmus/halite/internal/template/filters_salt.go:531.4,532.11 2 1
github.com/edlitmus/halite/internal/template/filters_salt.go:532.11,534.5 1 0
github.com/edlitmus/halite/internal/template/filters_salt.go:535.4,537.46 3 1
github.com/edlitmus/halite/internal/template/filters_salt.go:537.46,540.25 3 1
github.com/edlitmus/halite/internal/template/filters_salt.go:540.25,543.6 2 0
github.com/edlitmus/halite/internal/template/filters_salt.go:544.5,544.13 1 1
github.com/edlitmus/halite/internal/template/filters_salt.go:546.4,549.18 4 1
github.com/edlitmus/halite/internal/template/filters_salt.go:549.18,551.5 1 0
github.com/edlitmus/halite/internal/template/filters_salt.go:552.4,553.20 2 1
github.com/edlitmus/halite/internal/template/filters_salt.go:557.2,557.88 1 1
github.com/edlitmus/halite/internal/template/filters_salt.go:557.88,557.105 1 1
github.com/edlitmus/halite/internal/template/filters_salt.go:558.2,558.96 1 1
github.com/edlitmus/halite/internal/template/filters_salt.go:558.96,561.11 3 0
github.com/edlitmus/halite/internal/template/filters_salt.go:561.11,563.4 1 0
github.com/edlitmus/halite/internal/template/filters_salt.go:564.3,564.11 1 0
github.com/edlitmus/halite/internal/template/filters_salt.go:564.11,566.4 1 0
github.com/edlitmus/halite/internal/template/filters_salt.go:567.3,567.84 1 0
github.com/edlitmus/halite/internal/template/filters_salt.go:569.2,569.96 1 1
github.com/edlitmus/halite/internal/template/filters_salt.go:569.96,572.3 2 1
github.com/edlitmus/halite/internal/template/filters_salt.go:573.2,573.96 1 1
github.com/edlitmus/halite/internal/template/filters_salt.go:573.96,575.10 2 1
github.com/edlitmus/halite/internal/template/filters_salt.go:575.10,577.4 1 0
github.com/edlitmus/halite/internal/template/filters_salt.go:578.3,579.55 2 1
github.com/edlitmus/halite/internal/template/filters_salt.go:583.41,584.83 1 1
github.com/edlitmus/halite/internal/template/filters_salt.go:584.83,587.17 3 1
github.com/edlitmus/halite/internal/template/filters_salt.go:587.17,589.4 1 0
github.com/edlitmus/halite/internal/template/filters_salt.go:590.3,591.26 2 1
github.com/edlitmus/halite/internal/template/filters_salt.go:591.26,593.18 2 1
github.com/edlitmus/halite/internal/template/filters_salt.go:593.18,595.5 1 0
github.com/edlitmus/halite/internal/template/filters_salt.go:596.4,596.26 1 1
github.com/edlitmus/halite/internal/template/filters_salt.go:598.3,599.30 2 1
github.com/edlitmus/halite/internal/template/filters_salt.go:599.30,600.29 1 1
github.com/edlitmus/halite/internal/template/filters_salt.go:600.29,602.5 1 0
github.com/edlitmus/halite/internal/template/filters_salt.go:603.4,603.30 1 1
github.com/edlitmus/halite/internal/template/filters_salt.go:603.30,605.5 1 0
github.com/edlitmus/halite/internal/template/filters_salt.go:607.3,608.26 2 1
github.com/edlitmus/halite/internal/template/filters_salt.go:608.26,610.27 2 1
github.com/edlitmus/halite/internal/template/filters_salt.go:610.27,611.19 1 1
github.com/edlitmus/halite/internal/template/filters_salt.go:611.19,613.6 1 1
github.com/edlitmus/halite/internal/template/filters_salt.go:615.4,615.26 1 1
github.com/edlitmus/halite/internal/template/filters_salt.go:617.3,617.18 1 1
github.com/edlitmus/halite/internal/template/filters_salt.go:621.44,622.88 1 1
github.com/edlitmus/halite/internal/template/filters_salt.go:622.88,624.17 2 1
github.com/edlitmus/halite/internal/template/filters_salt.go:624.17,626.4 1 0
github.com/edlitmus/halite/internal/template/filters_salt.go:627.3,628.45 2 1
github.com/edlitmus/halite/internal/template/filters_salt.go:628.45,630.4 1 1
github.com/edlitmus/halite/internal/template/filters_salt.go:631.3,631.37 1 1
github.com/edlitmus/halite/internal/template/filters_salt.go:631.37,633.4 1 0
github.com/edlitmus/halite/internal/template/filters_salt.go:634.3,638.32 5 1
github.com/edlitmus/halite/internal/template/filters_salt.go:638.32,639.28 1 1
github.com/edlitmus/halite/internal/template/filters_salt.go:639.28,641.50 2 1
github.com/edlitmus/halite/internal/template/filters_salt.go:641.50,643.6 1 0
github.com/edlitmus/halite/internal/template/filters_salt.go:644.5,644.15 1 1
github.com/edlitmus/halite/internal/template/filters_salt.go:646.4,646.36 1 1
github.com/edlitmus/halite/internal/template/filters_salt.go:646.36,647.30 1 1
github.com/edlitmus/halite/internal/template/filters_salt.go:647.30,648.14 1 1
github.com/edlitmus/halite/internal/template/filters_salt.go:650.5,650.27 1 1
github.com/edlitmus/halite/internal/template/filters_salt.go:650.27,651.14 1 1
github.com/edlitmus/halite/internal/template/filters_salt.go:653.5,655.39 3 1
github.com/edlitmus/halite/internal/template/filters_salt.go:655.39,657.6 1 0
github.com/edlitmus/halite/internal/template/filters_salt.go:658.5,659.20 2 1
github.com/edlitmus/halite/internal/template/filters_salt.go:661.4,661.14 1 1
github.com/edlitmus/halite/internal/template/filters_salt.go:663.3,663.33 1 1
github.com/edlitmus/halite/internal/template/filters_salt.go:663.33,665.4 1 0
github.com/edlitmus/halite/internal/template/filters_salt.go:666.3,666.18 1 1
github.com/edlitmus/halite/internal/template/filters_salt.go:670.49,673.73 1 1
github.com/edlitmus/halite/internal/template/filters_salt.go:673.73,674.81 1 1
github.com/edlitmus/halite/internal/template/filters_salt.go:674.81,675.31 1 1
github.com/edlitmus/halite/internal/template/filters_salt.go:675.31,677.31 2 0
github.com/edlitmus/halite/internal/template/filters_salt.go:677.31,679.6 1 0
github.com/edlitmus/halite/internal/template/filters_salt.go:680.5,680.18 1 0
github.com/edlitmus/halite/internal/template/filters_salt.go:682.4,683.18 2 1
github.com/edlitmus/halite/internal/template/filters_salt.go:683.18,685.5 1 0
github.com/edlitmus/halite/internal/template/filters_salt.go:686.4,687.31 2 1
github.com/edlitmus/halite/internal/template/filters_salt.go:687.31,689.12 2 1
github.com/edlitmus/halite/internal/template/filters_salt.go:689.12,690.14 1 0
github.com/edlitmus/halite/internal/template/filters_salt.go:692.5,693.31 2 1
github.com/edlitmus/halite/internal/template/filters_salt.go:693.31,694.14 1 1
github.com/edlitmus/halite/internal/template/filters_salt.go:696.5,696.25 1 1
github.com/edlitmus/halite/internal/template/filters_salt.go:698.4,698.19 1 1
github.com/edlitmus/halite/internal/template/filters_salt.go:701.2,701.61 1 1
github.com/edlitmus/halite/internal/template/filters_salt.go:701.61,701.83 1 0
github.com/edlitmus/halite/internal/template/filters_salt.go:702.2,702.57 1 1
github.com/edlitmus/halite/internal/template/filters_salt.go:702.57,702.75 1 1
github.com/edlitmus/halite/internal/template/filters_salt.go:703.2,703.57 1 1
github.com/edlitmus/halite/internal/template/filters_salt.go:703.57,703.90 1 0
github.com/edlitmus/halite/internal/template/filters_salt.go:705.2,705.58 1 1
github.com/edlitmus/halite/internal/template/filters_salt.go:705.58,706.81 1 1
github.com/edlitmus/halite/internal/template/filters_salt.go:706.81,708.18 2 1
github.com/edlitmus/halite/internal/template/filters_salt.go:708.18,710.5 1 0
github.com/edlitmus/halite/internal/template/filters_salt.go:711.4,712.18 2 1
github.com/edlitmus/halite/internal/template/filters_salt.go:712.18,714.5 1 1
github.com/edlitmus/halite/internal/template/filters_salt.go:715.4,715.23 1 1
github.com/edlitmus/halite/internal/template/filters_salt.go:718.2,718.48 1 1
github.com/edlitmus/halite/internal/template/filters_salt.go:718.48,718.70 1 0
github.com/edlitmus/halite/internal/template/filters_salt.go:719.2,719.50 1 1
github.com/edlitmus/halite/internal/template/filters_salt.go:719.50,719.68 1 1
github.com/edlitmus/halite/internal/template/filters_salt.go:720.2,720.50 1 1
github.com/edlitmus/halite/internal/template/filters_salt.go:720.50,720.83 1 1
github.com/edlitmus/halite/internal/template/filters_salt.go:722.2,722.88 1 1
github.com/edlitmus/halite/internal/template/filters_salt.go:722.88,724.17 2 0
github.com/edlitmus/halite/internal/template/filters_salt.go:724.17,726.4 1 0
github.com/edlitmus/halite/internal/template/filters_salt.go:727.3,727.49 1 0
github.com/edlitmus/halite/internal/template/filters_salt.go:727.49,729.4 1 0
github.com/edlitmus/halite/internal/template/filters_salt.go:730.3,730.16 1 0
github.com/edlitmus/halite/internal/template/filters_salt.go:733.2,733.94 1 1
github.com/edlitmus/halite/internal/template/filters_salt.go:733.94,735.17 2 1
github.com/edlitmus/halite/internal/template/filters_salt.go:735.17,737.4 1 0
github.com/edlitmus/halite/internal/template/filters_salt.go:738.3,739.17 2 1
github.com/edlitmus/halite/internal/template/filters_salt.go:739.17,741.4 1 0
github.com/edlitmus/halite/internal/template/filters_salt.go:742.3,743.19 2 1
github.com/edlitmus/halite/internal/template/filters_salt.go:743.19,745.4 1 0
github.com/edlitmus/halite/internal/template/filters_salt.go:746.3,748.36 3 1
github.com/edlitmus/halite/internal/template/filters_salt.go:748.36,749.58 1 1
github.com/edlitmus/halite/internal/template/filters_salt.go:749.58,751.5 1 1
github.com/edlitmus/halite/internal/template/filters_salt.go:752.4,752.22 1 1
github.com/edlitmus/halite/internal/template/filters_salt.go:754.3,754.18 1 1
github.com/edlitmus/halite/internal/template/filters_salt.go:757.2,757.93 1 1
github.com/edlitmus/halite/internal/template/filters_salt.go:757.93,759.17 2 1
github.com/edlitmus/halite/internal/template/filters_salt.go:759.17,761.4 1 0
github.com/edlitmus/halite/internal/template/filters_salt.go:762.3,763.17 2 1
github.com/edlitmus/halite/internal/template/filters_salt.go:763.17,765.4 1 0
github.com/edlitmus/halite/internal/template/filters_salt.go:766.3,766.28 1 1
github.com/edlitmus/halite/internal/template/filters_salt.go:769.2,769.91 1 1
github.com/edlitmus/halite/internal/template/filters_salt.go:769.91,771.17 2 1
github.com/edlitmus/halite/internal/template/filters_salt.go:771.17,773.4 1 0
github.com/edlitmus/halite/internal/template/filters_salt.go:774.3,775.30 2 1
github.com/edlitmus/halite/internal/template/filters_salt.go:775.30,777.11 2 1
github.com/edlitmus/halite/internal/template/filters_salt.go:777.11,778.13 1 0
github.com/edlitmus/halite/internal/template/filters_salt.go:780.4,780.50 1 1
github.com/edlitmus/halite/internal/template/filters_salt.go:780.50,782.13 2 1
github.com/edlitmus/halite/internal/template/filters_salt.go:784.4,784.48 1 0
github.com/edlitmus/halite/internal/template/filters_salt.go:784.48,786.5 1 0
github.com/edlitmus/halite/internal/template/filters_salt.go:788.3,790.28 3 1
github.com/edlitmus/halite/internal/template/filters_salt.go:790.28,792.4 1 1
github.com/edlitmus/halite/internal/template/filters_salt.go:793.3,793.18 1 1
github.com/edlitmus/halite/internal/template/filters_salt.go:796.2,796.101 1 1
github.com/edlitmus/halite/internal/template/filters_salt.go:796.101,798.17 2 1
github.com/edlitmus/halite/internal/template/filters_salt.go:798.17,800.4 1 0
github.com/edlitmus/halite/internal/template/filters_salt.go:801.3,802.17 2 1
github.com/edlitmus/halite/internal/template/filters_salt.go:802.17,804.4 1 0
github.com/edlitmus/halite/internal/template/filters_salt.go:805.3,807.68 3 1
github.com/edlitmus/halite/internal/template/filters_salt.go:807.68,809.4 1 0
github.com/edlitmus/halite/internal/template/filters_salt.go:810.3,811.20 2 1
github.com/edlitmus/halite/internal/template/filters_salt.go:811.20,813.4 1 0
github.com/edlitmus/halite/internal/template/filters_salt.go:814.3,817.37 4 1
github.com/edlitmus/halite/internal/template/filters_salt.go:817.37,819.37 2 1
github.com/edlitmus/halite/internal/template/filters_salt.go:819.37,821.5 1 1
github.com/edlitmus/halite/internal/template/filters_salt.go:823.3,823.18 1 1
github.com/edlitmus/halite/internal/template/filters_salt.go:826.2,826.96 1 1
github.com/edlitmus/halite/internal/template/filters_salt.go:826.96,828.56 2 0
github.com/edlitmus/halite/internal/template/filters_salt.go:828.56,830.4 1 0
github.com/edlitmus/halite/internal/template/filters_salt.go:831.3,832.71 1 0
github.com/edlitmus/halite/internal/template/filters_salt.go:835.2,835.97 1 1
github.com/edlitmus/halite/internal/template/filters_salt.go:835.97,837.17 2 0
github.com/edlitmus/halite/internal/template/filters_salt.go:837.17,839.4 1 0
github.com/edlitmus/halite/internal/template/filters_salt.go:840.3,841.17 2 0
github.com/edlitmus/halite/internal/template/filters_salt.go:841.17,843.4 1 0
github.com/edlitmus/halite/internal/template/filters_salt.go:844.3,844.25 1 0
github.com/edlitmus/halite/internal/template/filters_salt.go:850.2,850.98 1 1
github.com/edlitmus/halite/internal/template/filters_salt.go:850.98,852.17 2 0
github.com/edlitmus/halite/internal/template/filters_salt.go:852.17,854.4 1 0
github.com/edlitmus/halite/internal/template/filters_salt.go:855.3,856.36 2 0
github.com/edlitmus/halite/internal/template/filters_salt.go:856.36,858.4 1 0
github.com/edlitmus/halite/internal/template/filters_salt.go:859.3,859.23 1 0
github.com/edlitmus/halite/internal/template/filters_salt.go:863.54,864.46 1 1
github.com/edlitmus/halite/internal/template/filters_salt.go:864.46,866.3 1 1
github.com/edlitmus/halite/internal/template/filters_salt.go:867.2,868.16 2 1
github.com/edlitmus/halite/internal/template/filters_salt.go:868.16,870.3 1 1
github.com/edlitmus/halite/internal/template/filters_salt.go:871.2,871.22 1 0
github.com/edlitmus/halite/internal/template/filters_salt.go:874.39,876.16 2 1
github.com/edlitmus/halite/internal/template/filters_salt.go:876.16,878.3 1 0
github.com/edlitmus/halite/internal/template/filters_salt.go:879.2,879.25 1 1
github.com/edlitmus/halite/internal/template/filters_salt.go:883.54,884.18 1 1
github.com/edlitmus/halite/internal/template/filters_salt.go:884.18,886.3 1 0
github.com/edlitmus/halite/internal/template/filters_salt.go:887.2,889.27 3 1
github.com/edlitmus/halite/internal/template/filters_salt.go:889.27,891.23 2 1
github.com/edlitmus/halite/internal/template/filters_salt.go:891.23,892.31 1 1
github.com/edlitmus/halite/internal/template/filters_salt.go:892.31,893.13 1 1
github.com/edlitmus/halite/internal/template/filters_salt.go:895.4,896.12 2 0
github.com/edlitmus/halite/internal/template/filters_salt.go:898.3,898.23 1 0
github.com/edlitmus/halite/internal/template/filters_salt.go:900.2,900.12 1 1
github.com/edlitmus/halite/internal/template/filters_salt.go:903.38,904.31 1 1
github.com/edlitmus/halite/internal/template/filters_salt.go:904.31,905.26 1 1
github.com/edlitmus/halite/internal/template/filters_salt.go:905.26,907.81 2 1
github.com/edlitmus/halite/internal/template/filters_salt.go:907.81,908.10 1 1
github.com/edlitmus/halite/internal/template/filters_salt.go:910.4,910.35 1 0
github.com/edlitmus/halite/internal/template/filters_salt.go:915.46,916.97 1 1
github.com/edlitmus/halite/internal/template/filters_salt.go:916.97,918.56 2 1
github.com/edlitmus/halite/internal/template/filters_salt.go:918.56,920.4 1 1
github.com/edlitmus/halite/internal/template/filters_salt.go:921.3,922.17 2 1
github.com/edlitmus/halite/internal/template/filters_salt.go:922.17,924.4 1 0
github.com/edlitmus/halite/internal/template/filters_salt.go:925.3,925.34 1 1
github.com/edlitmus/halite/internal/template/filters_salt.go:927.2,929.95 2 1
github.com/edlitmus/halite/internal/template/filters_salt.go:929.95,931.17 2 1
github.com/edlitmus/halite/internal/template/filters_salt.go:931.17,933.4 1 0
github.com/edlitmus/halite/internal/template/filters_salt.go:934.3,935.17 2 1
github.com/edlitmus/halite/internal/template/filters_salt.go:935.17,937.4 1 0
github.com/edlitmus/halite/internal/template/filters_salt.go:938.3,938.16 1 1
github.com/edlitmus/halite/internal/template/filters_salt.go:941.2,941.99 1 1
github.com/edlitmus/halite/internal/template/filters_salt.go:941.99,943.10 2 1
github.com/edlitmus/halite/internal/template/filters_salt.go:943.10,945.4 1 0
github.com/edlitmus/halite/internal/template/filters_salt.go:946.3,947.50 2 1
github.com/edlitmus/halite/internal/template/filters_salt.go:947.50,949.4 1 0
github.com/edlitmus/halite/internal/template/filters_salt.go:950.3,950.35 1 1
github.com/edlitmus/halite/internal/template/filters_salt.go:953.2,953.93 1 1
github.com/edlitmus/halite/internal/template/filters_salt.go:953.93,955.28 2 1
github.com/edlitmus/halite/internal/template/filters_salt.go:955.28,956.25 1 1
github.com/edlitmus/halite/internal/template/filters_salt.go:957.16,958.29 1 1
github.com/edlitmus/halite/internal/template/filters_salt.go:959.15,960.28 1 0
github.com/edlitmus/halite/internal/template/filters_salt.go:960.28,962.13 2 0
github.com/edlitmus/halite/internal/template/filters_salt.go:962.13,964.7 1 0
github.com/edlitmus/halite/internal/template/filters_salt.go:965.6,965.30 1 0
github.com/edlitmus/halite/internal/template/filters_salt.go:967.12,968.71 1 0
github.com/edlitmus/halite/internal/template/filters_salt.go:970.4,970.14 1 1
github.com/edlitmus/halite/internal/template/filters_salt.go:972.3,972.32 1 1
github.com/edlitmus/halite/internal/template/filters_salt.go:972.32,974.4 1 0
github.com/edlitmus/halite/internal/template/filters_salt.go:975.3,975.26 1 1
github.com/edlitmus/halite/internal/template/filters_salt.go:975.26,976.33 1 1
github.com/edlitmus/halite/internal/template/filters_salt.go:976.33,978.5 1 0
github.com/edlitmus/halite/internal/template/filters_salt.go:980.3,980.34 1 1
github.com/edlitmus/halite/internal/template/filters_salt.go:983.2,983.100 1 1
github.com/edlitmus/halite/internal/template/filters_salt.go:983.100,985.10 2 1
github.com/edlitmus/halite/internal/template/filters_salt.go:985.10,987.4 1 0
github.com/edlitmus/halite/internal/template/filters_salt.go:988.3,989.17 2 1
github.com/edlitmus/halite/internal/template/filters_salt.go:989.17,991.4 1 0
github.com/edlitmus/halite/internal/template/filters_salt.go:992.3,993.20 2 1
github.com/edlitmus/halite/internal/template/filters_salt.go:993.20,995.4 1 1
github.com/edlitmus/halite/internal/template/filters_salt.go:996.3,996.46 1 1
github.com/edlitmus/halite/internal/template/filters_salt.go:1002.2,1002.86 1 1
github.com/edlitmus/halite/internal/template/filters_salt.go:1002.86,1004.17 2 0
github.com/edlitmus/halite/internal/template/filters_salt.go:1004.17,1006.4 1 0
github.com/edlitmus/halite/internal/template/filters_salt.go:1007.3,1008.17 2 0
github.com/edlitmus/halite/internal/template/filters_salt.go:1008.17,1010.4 1 0
github.com/edlitmus/halite/internal/template/filters_salt.go:1011.3,1011.16 1 0
github.com/edlitmus/halite/internal/template/filters_salt.go:1015.44,1018.64 3 1
github.com/edlitmus/halite/internal/template/filters_salt.go:1018.64,1020.3 1 1
github.com/edlitmus/halite/internal/template/filters_salt.go:1021.2,1021.12 1 1
github.com/edlitmus/halite/internal/template/filters_salt.go:1021.12,1023.3 1 0
github.com/edlitmus/halite/internal/template/filters_salt.go:1024.2,1025.16 2 1
github.com/edlitmus/halite/internal/template/filters_salt.go:1025.16,1027.3 1 0
github.com/edlitmus/halite/internal/template/filters_salt.go:1028.2,1036.9 5 1
github.com/edlitmus/halite/internal/template/filters_salt.go:1036.9,1038.3 1 0
github.com/edlitmus/halite/internal/template/filters_salt.go:1039.2,1039.26 1 1
github.com/edlitmus/halite/internal/template/filters_salt.go:1042.39,1043.23 1 1
github.com/edlitmus/halite/internal/template/filters_salt.go:1044.17,1045.16 1 0
github.com/edlitmus/halite/internal/template/filters_salt.go:1046.13,1047.36 1 1
github.com/edlitmus/halite/internal/template/filters_salt.go:1048.15,1049.43 1 0
github.com/edlitmus/halite/internal/template/filters_salt.go:1050.14,1051.28 1 0
github.com/edlitmus/halite/internal/template/filters_salt.go:1051.28,1053.4 1 0
github.com/edlitmus/halite/internal/template/filters_salt.go:1054.3,1054.104 1 0
github.com/edlitmus/halite/internal/template/filters_salt.go:1054.104,1055.56 1 0
github.com/edlitmus/halite/internal/template/filters_salt.go:1055.56,1057.5 1 0
github.com/edlitmus/halite/internal/template/filters_salt.go:1059.3,1059.61 1 0
github.com/edlitmus/halite/internal/template/filters_salt.go:1060.11,1061.25 1 0
github.com/edlitmus/halite/internal/template/filters_salt.go:1063.2,1063.70 1 0
github.com/edlitmus/halite/internal/template/filters_salt.go:1067.50,1076.35 3 1
github.com/edlitmus/halite/internal/template/filters_salt.go:1076.35,1077.45 1 1
github.com/edlitmus/halite/internal/template/filters_salt.go:1077.45,1079.12 2 1
github.com/edlitmus/halite/internal/template/filters_salt.go:1081.3,1082.19 2 1
github.com/edlitmus/halite/internal/template/filters_salt.go:1082.19,1085.12 3 0
github.com/edlitmus/halite/internal/template/filters_salt.go:1087.3,1087.19 1 1
github.com/edlitmus/halite/internal/template/filters_salt.go:1087.19,1090.12 3 0
github.com/edlitmus/halite/internal/template/filters_salt.go:1092.3,1093.34 2 1
github.com/edlitmus/halite/internal/template/filters_salt.go:1093.34,1094.22 1 1
github.com/edlitmus/halite/internal/template/filters_salt.go:1094.22,1097.10 3 1
github.com/edlitmus/halite/internal/template/filters_salt.go:1100.3,1100.15 1 1
github.com/edlitmus/halite/internal/template/filters_salt.go:1100.15,1102.4 1 0
github.com/edlitmus/halite/internal/template/filters_salt.go:1103.3,1103.6 1 1
github.com/edlitmus/halite/internal/template/filters_salt.go:1105.2,1105.19 1 1
github.com/edlitmus/halite/internal/template/filters_seq.go:13.53,14.23 1 1
github.com/edlitmus/halite/internal/template/filters_seq.go:15.13,16.16 1 1
github.com/edlitmus/halite/internal/template/filters_seq.go:17.11,18.18 1 0
github.com/edlitmus/halite/internal/template/filters_seq.go:19.17,20.56 1 0
github.com/edlitmus/halite/internal/template/filters_seq.go:20.56,22.4 1 0
github.com/edlitmus/halite/internal/template/filters_seq.go:23.3,23.18 1 0
github.com/edlitmus/halite/internal/template/filters_seq.go:25.2,25.32 1 0
github.com/edlitmus/halite/internal/template/filters_seq.go:28.50,29.86 1 1
github.com/edlitmus/halite/internal/template/filters_seq.go:29.86,31.17 2 1
github.com/edlitmus/halite/internal/template/filters_seq.go:31.17,33.4 1 0
github.com/edlitmus/halite/internal/template/filters_seq.go:34.3,34.22 1 1
github.com/edlitmus/halite/internal/template/filters_seq.go:34.22,36.4 1 0
github.com/edlitmus/halite/internal/template/filters_seq.go:37.3,37.23 1 1
github.com/edlitmus/halite/internal/template/filters_seq.go:40.2,40.85 1 1
github.com/edlitmus/halite/internal/template/filters_seq.go:40.85,42.17 2 1
github.com/edlitmus/halite/internal/template/filters_seq.go:42.17,44.4 1 0
github.com/edlitmus/halite/internal/template/filters_seq.go:45.3,45.22 1 1
github.com/edlitmus/halite/internal/template/filters_seq.go:45.22,47.4 1 0
github.com/edlitmus/halite/internal/template/filters_seq.go:48.3,48.34 1 1
github.com/edlitmus/halite/internal/template/filters_seq.go:51.2,51.85 1 1
github.com/edlitmus/halite/internal/template/filters_seq.go:51.85,53.17 2 1
github.com/edlitmus/halite/internal/template/filters_seq.go:53.17,55.4 1 0
github.com/edlitmus/halite/internal/template/filters_seq.go:56.3,58.18 3 1
github.com/edlitmus/halite/internal/template/filters_seq.go:61.2,61.93 1 1
github.com/edlitmus/halite/internal/template/filters_seq.go:61.93,63.17 2 1
github.com/edlitmus/halite/internal/template/filters_seq.go:63.17,65.4 1 0
github.com/edlitmus/halite/internal/template/filters_seq.go:66.3,67.51 2 1
github.com/edlitmus/halite/internal/template/filters_seq.go:67.51,69.4 1 1
github.com/edlitmus/halite/internal/template/filters_seq.go:69.9,69.55 1 0
github.com/edlitmus/halite/internal/template/filters_seq.go:69.55,71.4 1 0
github.com/edlitmus/halite/internal/template/filters_seq.go:72.3,74.30 3 1
github.com/edlitmus/halite/internal/template/filters_seq.go:74.30,75.15 1 1
github.com/edlitmus/halite/internal/template/filters_seq.go:75.15,77.19 2 0
github.com/edlitmus/halite/internal/template/filters_seq.go:77.19,79.6 1 0
github.com/edlitmus/halite/internal/template/filters_seq.go:80.5,80.13 1 0
github.com/edlitmus/halite/internal/template/filters_seq.go:82.4,82.32 1 1
github.com/edlitmus/halite/internal/template/filters_seq.go:84.3,84.39 1 1
github.com/edlitmus/halite/internal/template/filters_seq.go:87.2,87.88 1 1
github.com/edlitmus/halite/internal/template/filters_seq.go:87.88,88.30 1 1
github.com/edlitmus/halite/internal/template/filters_seq.go:88.30,90.53 2 0
github.com/edlitmus/halite/internal/template/filters_seq.go:90.53,92.5 1 0
github.com/edlitmus/halite/internal/template/filters_seq.go:93.4,93.26 1 0
github.com/edlitmus/halite/internal/template/filters_seq.go:95.3,96.17 2 1
github.com/edlitmus/halite/internal/template/filters_seq.go:96.17,98.4 1 0
github.com/edlitmus/halite/internal/template/filters_seq.go:99.3,100.30 2 1
github.com/edlitmus/halite/internal/template/filters_seq.go:100.30,102.4 1 1
github.com/edlitmus/halite/internal/template/filters_seq.go:103.3,103.18 1 1
github.com/edlitmus/halite/internal/template/filters_seq.go:106.2,106.93 1 1
github.com/edlitmus/halite/internal/template/filters_seq.go:106.93,108.17 2 1
github.com/edlitmus/halite/internal/template/filters_seq.go:108.17,110.4 1 0
github.com/edlitmus/halite/internal/template/filters_seq.go:111.3,114.51 4 1
github.com/edlitmus/halite/internal/template/filters_seq.go:114.51,116.4 1 1
github.com/edlitmus/halite/internal/template/filters_seq.go:117.3,118.58 2 1
github.com/edlitmus/halite/internal/template/filters_seq.go:118.58,120.4 1 0
github.com/edlitmus/halite/internal/template/filters_seq.go:121.3,122.62 2 1
github.com/edlitmus/halite/internal/template/filters_seq.go:122.62,124.4 1 0
github.com/edlitmus/halite/internal/template/filters_seq.go:125.3,126.18 2 1
github.com/edlitmus/halite/internal/template/filters_seq.go:129.2,129.95 1 1
github.com/edlitmus/halite/internal/template/filters_seq.go:129.95,131.17 2 1
github.com/edlitmus/halite/internal/template/filters_seq.go:131.17,133.4 1 0
github.com/edlitmus/halite/internal/template/filters_seq.go:134.3,135.62 2 1
github.com/edlitmus/halite/internal/template/filters_seq.go:135.62,137.4 1 0
github.com/edlitmus/halite/internal/template/filters_seq.go:138.3,139.30 2 1
github.com/edlitmus/halite/internal/template/filters_seq.go:139.30,142.29 3 1
github.com/edlitmus/halite/internal/template/filters_seq.go:142.29,143.34 1 1
github.com/edlitmus/halite/internal/template/filters_seq.go:143.34,145.11 2 1
github.com/edlitmus/halite/internal/template/filters_seq.go:148.4,148.12 1 1
github.com/edlitmus/halite/internal/template/filters_seq.go:148.12,150.5 1 1
github.com/edlitmus/halite/internal/template/filters_seq.go:152.3,152.18 1 1
github.com/edlitmus/halite/internal/template/filters_seq.go:155.2,158.92 3 1
github.com/edlitmus/halite/internal/template/filters_seq.go:158.92,160.17 2 1
github.com/edlitmus/halite/internal/template/filters_seq.go:160.17,162.4 1 0
github.com/edlitmus/halite/internal/template/filters_seq.go:163.3,164.62 2 1
github.com/edlitmus/halite/internal/template/filters_seq.go:164.62,166.4 1 1
github.com/edlitmus/halite/internal/template/filters_seq.go:167.3,168.49 2 1
github.com/edlitmus/halite/internal/template/filters_seq.go:168.49,170.4 1 0
github.com/edlitmus/halite/internal/template/filters_seq.go:171.3,172.30 2 1
github.com/edlitmus/halite/internal/template/filters_seq.go:172.30,174.18 2 1
github.com/edlitmus/halite/internal/template/filters_seq.go:174.18,176.5 1 0
github.com/edlitmus/halite/internal/template/filters_seq.go:177.4,177.15 1 1
github.com/edlitmus/halite/internal/template/filters_seq.go:179.3,179.20 1 1
github.com/edlitmus/halite/internal/template/filters_seq.go:182.2,182.94 1 1
github.com/edlitmus/halite/internal/template/filters_seq.go:182.94,184.17 2 1
github.com/edlitmus/halite/internal/template/filters_seq.go:184.17,186.4 1 0
github.com/edlitmus/halite/internal/template/filters_seq.go:187.3,189.23 3 1
github.com/edlitmus/halite/internal/template/filters_seq.go:189.23,191.4 1 0
github.com/edlitmus/halite/internal/template/filters_seq.go:192.3,194.46 3 1
github.com/edlitmus/halite/internal/template/filters_seq.go:194.46,197.24 3 1
github.com/edlitmus/halite/internal/template/filters_seq.go:197.24,199.16 2 1
github.com/edlitmus/halite/internal/template/filters_seq.go:199.16,200.33 1 1
github.com/edlitmus/halite/internal/template/filters_seq.go:200.33,202.7 1 1
github.com/edlitmus/halite/internal/template/filters_seq.go:204.10,206.5 1 1
github.com/edlitmus/halite/internal/template/filters_seq.go:207.4,207.28 1 1
github.com/edlitmus/halite/internal/template/filters_seq.go:209.3,209.18 1 1
github.com/edlitmus/halite/internal/template/filters_seq.go:212.2,212.94 1 1
github.com/edlitmus/halite/internal/template/filters_seq.go:212.94,214.17 2 1
github.com/edlitmus/halite/internal/template/filters_seq.go:214.17,216.4 1 0
github.com/edlitmus/halite/internal/template/filters_seq.go:217.3,219.24 3 1
github.com/edlitmus/halite/internal/template/filters_seq.go:219.24,221.4 1 0
github.com/edlitmus/halite/internal/template/filters_seq.go:222.3,227.35 6 1
github.com/edlitmus/halite/internal/template/filters_seq.go:227.35,229.17 2 1
github.com/edlitmus/halite/internal/template/filters_seq.go:229.17,231.5 1 0
github.com/edlitmus/halite/internal/template/filters_seq.go:232.4,234.42 3 1
github.com/edlitmus/halite/internal/template/filters_seq.go:234.42,236.5 1 0
github.com/edlitmus/halite/internal/template/filters_seq.go:237.4,237.28 1 1
github.com/edlitmus/halite/internal/template/filters_seq.go:239.3,239.18 1 1
github.com/edlitmus/halite/internal/template/filters_seq.go:242.2,242.92 1 1
github.com/edlitmus/halite/internal/template/filters_seq.go:242.92,244.17 2 1
github.com/edlitmus/halite/internal/template/filters_seq.go:244.17,246.4 1 0
github.com/edlitmus/halite/internal/template/filters_seq.go:250.3,250.51 1 1
github.com/edlitmus/halite/internal/template/filters_seq.go:250.51,252.31 2 1
github.com/edlitmus/halite/internal/template/filters_seq.go:252.31,254.19 2 1
github.com/edlitmus/halite/internal/template/filters_seq.go:254.19,256.6 1 0
github.com/edlitmus/halite/internal/template/filters_seq.go:257.5,257.15 1 1
github.com/edlitmus/halite/internal/template/filters_seq.go:259.4,259.19 1 1
github.com/edlitmus/halite/internal/template/filters_seq.go:262.3,263.10 2 1
github.com/edlitmus/halite/internal/template/filters_seq.go:263.10,265.4 1 0
github.com/edlitmus/halite/internal/template/filters_seq.go:266.3,267.10 2 1
github.com/edlitmus/halite/internal/template/filters_seq.go:267.10,269.4 1 0
github.com/edlitmus/halite/internal/template/filters_seq.go:270.3,271.20 2 1
github.com/edlitmus/halite/internal/template/filters_seq.go:271.20,273.4 1 0
github.com/edlitmus/halite/internal/template/filters_seq.go:274.3,275.30 2 1
github.com/edlitmus/halite/internal/template/filters_seq.go:275.30,277.18 2 1
github.com/edlitmus/halite/internal/template/filters_seq.go:277.18,279.5 1 0
github.com/edlitmus/halite/internal/template/filters_seq.go:280.4,280.15 1 1
github.com/edlitmus/halite/internal/template/filters_seq.go:282.3,282.18 1 1
github.com/edlitmus/halite/internal/template/filters_seq.go:285.2,290.97 5 1
github.com/edlitmus/halite/internal/template/filters_seq.go:290.97,292.10 2 1
github.com/edlitmus/halite/internal/template/filters_seq.go:292.10,294.4 1 0
github.com/edlitmus/halite/internal/template/filters_seq.go:295.3,296.58 2 1
github.com/edlitmus/halite/internal/template/filters_seq.go:296.58,298.4 1 0
github.com/edlitmus/halite/internal/template/filters_seq.go:299.3,300.52 2 1
github.com/edlitmus/halite/internal/template/filters_seq.go:300.52,302.4 1 0
github.com/edlitmus/halite/internal/template/filters_seq.go:303.3,304.51 2 1
github.com/edlitmus/halite/internal/template/filters_seq.go:304.51,306.4 1 0
github.com/edlitmus/halite/internal/template/filters_seq.go:307.3,308.33 2 1
github.com/edlitmus/halite/internal/template/filters_seq.go:308.33,310.4 1 1
github.com/edlitmus/halite/internal/template/filters_seq.go:311.3,312.20 2 1
github.com/edlitmus/halite/internal/template/filters_seq.go:312.20,314.4 1 0
github.com/edlitmus/halite/internal/template/filters_seq.go:315.3,315.58 1 1
github.com/edlitmus/halite/internal/template/filters_seq.go:315.58,315.83 1 1
github.com/edlitmus/halite/internal/template/filters_seq.go:316.3,316.20 1 1
github.com/edlitmus/halite/internal/template/filters_seq.go:319.2,319.96 1 1
github.com/edlitmus/halite/internal/template/filters_seq.go:319.96,321.17 2 1
github.com/edlitmus/halite/internal/template/filters_seq.go:321.17,323.4 1 0
github.com/edlitmus/halite/internal/template/filters_seq.go:324.3,325.10 2 1
github.com/edlitmus/halite/internal/template/filters_seq.go:325.10,327.4 1 0
github.com/edlitmus/halite/internal/template/filters_seq.go:328.3,337.19 9 1
github.com/edlitmus/halite/internal/template/filters_seq.go:337.19,338.15 1 1
github.com/edlitmus/halite/internal/template/filters_seq.go:338.15,340.5 1 1
github.com/edlitmus/halite/internal/template/filters_seq.go:342.3,342.31 1 1
github.com/edlitmus/halite/internal/template/filters_seq.go:342.31,344.43 2 1
github.com/edlitmus/halite/internal/template/filters_seq.go:344.43,347.5 2 1
github.com/edlitmus/halite/internal/template/filters_seq.go:348.4,348.31 1 1
github.com/edlitmus/halite/internal/template/filters_seq.go:350.3,351.18 2 1
github.com/edlitmus/halite/internal/template/filters_seq.go:354.2,354.87 1 1
github.com/edlitmus/halite/internal/template/filters_seq.go:354.87,356.17 2 1
github.com/edlitmus/halite/internal/template/filters_seq.go:356.17,358.4 1 0
github.com/edlitmus/halite/internal/template/filters_seq.go:359.3,359.22 1 1
github.com/edlitmus/halite/internal/template/filters_seq.go:359.22,361.4 1 0
github.com/edlitmus/halite/internal/template/filters_seq.go:362.3,362.48 1 1
github.com/edlitmus/halite/internal/template/filters_seq.go:365.2,365.88 1 1
github.com/edlitmus/halite/internal/template/filters_seq.go:365.88,367.17 2 1
github.com/edlitmus/halite/internal/template/filters_seq.go:367.17,369.4 1 0
github.com/edlitmus/halite/internal/template/filters_seq.go:370.3,372.37 3 1
github.com/edlitmus/halite/internal/template/filters_seq.go:372.37,375.4 2 1
github.com/edlitmus/halite/internal/template/filters_seq.go:376.3,376.18 1 1
github.com/edlitmus/halite/internal/template/filters_seq.go:380.26,380.38 1 1
github.com/edlitmus/halite/internal/template/filters_seq.go:382.60,383.28 1 1
github.com/edlitmus/halite/internal/template/filters_seq.go:383.28,385.17 2 1
github.com/edlitmus/halite/internal/template/filters_seq.go:385.17,387.4 1 0
github.com/edlitmus/halite/internal/template/filters_seq.go:388.3,388.11 1 1
github.com/edlitmus/halite/internal/template/filters_seq.go:394.75,396.48 2 1
github.com/edlitmus/halite/internal/template/filters_seq.go:396.48,398.17 2 1
github.com/edlitmus/halite/internal/template/filters_seq.go:398.17,400.4 1 0
github.com/edlitmus/halite/internal/template/filters_seq.go:401.3,401.10 1 1
github.com/edlitmus/halite/internal/template/filters_seq.go:403.2,403.17 1 1
github.com/edlitmus/halite/internal/template/filters_seq.go:406.40,407.88 1 1
github.com/edlitmus/halite/internal/template/filters_seq.go:407.88,409.17 2 1
github.com/edlitmus/halite/internal/template/filters_seq.go:409.17,411.4 1 0
github.com/edlitmus/halite/internal/template/filters_seq.go:412.3,412.22 1 1
github.com/edlitmus/halite/internal/template/filters_seq.go:412.22,414.4 1 0
github.com/edlitmus/halite/internal/template/filters_seq.go:415.3,416.58 2 1
github.com/edlitmus/halite/internal/template/filters_seq.go:416.58,418.4 1 0
github.com/edlitmus/halite/internal/template/filters_seq.go:419.3,420.62 2 1
github.com/edlitmus/halite/internal/template/filters_seq.go:420.62,422.4 1 1
github.com/edlitmus/halite/internal/template/filters_seq.go:423.3,424.34 2 1
github.com/edlitmus/halite/internal/template/filters_seq.go:424.34,425.65 1 1
github.com/edlitmus/halite/internal/template/filters_seq.go:425.65,427.5 1 1
github.com/edlitmus/halite/internal/template/filters_seq.go:429.3,429.19 1 1
github.com/edlitmus/halite/internal/template/filters_seq.go:436.51,437.88 1 1
github.com/edlitmus/halite/internal/template/filters_seq.go:437.88,439.17 2 1
github.com/edlitmus/halite/internal/template/filters_seq.go:439.17,441.4 1 0
github.com/edlitmus/halite/internal/template/filters_seq.go:443.3,444.13 2 1
github.com/edlitmus/halite/internal/template/filters_seq.go:444.13,447.11 3 1
github.com/edlitmus/halite/internal/template/filters_seq.go:447.11,449.5 1 0
github.com/edlitmus/halite/internal/template/filters_seq.go:450.4,450.19 1 1
github.com/edlitmus/halite/internal/template/filters_seq.go:454.3,456.20 3 1
github.com/edlitmus/halite/internal/template/filters_seq.go:456.20,458.11 2 1
github.com/edlitmus/halite/internal/template/filters_seq.go:458.11,460.5 1 0
github.com/edlitmus/halite/internal/template/filters_seq.go:461.4,461.36 1 1
github.com/edlitmus/halite/internal/template/filters_seq.go:464.3,465.30 2 1
github.com/edlitmus/halite/internal/template/filters_seq.go:465.30,467.14 2 1
github.com/edlitmus/halite/internal/template/filters_seq.go:467.14,469.19 2 1
github.com/edlitmus/halite/internal/template/filters_seq.go:469.19,471.6 1 0
github.com/edlitmus/halite/internal/template/filters_seq.go:473.4,474.22 2 1
github.com/edlitmus/halite/internal/template/filters_seq.go:474.22,476.5 1 1
github.com/edlitmus/halite/internal/template/filters_seq.go:476.10,478.12 2 1
github.com/edlitmus/halite/internal/template/filters_seq.go:478.12,480.6 1 0
github.com/edlitmus/halite/internal/template/filters_seq.go:481.5,482.19 2 1
github.com/edlitmus/halite/internal/template/filters_seq.go:482.19,484.6 1 0
github.com/edlitmus/halite/internal/template/filters_seq.go:486.4,486.22 1 1
github.com/edlitmus/halite/internal/template/filters_seq.go:486.22,488.5 1 1
github.com/edlitmus/halite/internal/template/filters_seq.go:490.3,490.18 1 1
github.com/edlitmus/halite/internal/template/filters_seq.go:496.71,497.83 1 1
github.com/edlitmus/halite/internal/template/filters_seq.go:497.83,499.17 2 1
github.com/edlitmus/halite/internal/template/filters_seq.go:499.17,501.4 1 0
github.com/edlitmus/halite/internal/template/filters_seq.go:502.3,502.21 1 1
github.com/edlitmus/halite/internal/template/filters_seq.go:502.21,504.4 1 0
github.com/edlitmus/halite/internal/template/filters_seq.go:505.3,506.17 2 1
github.com/edlitmus/halite/internal/template/filters_seq.go:506.17,508.4 1 0
github.com/edlitmus/halite/internal/template/filters_seq.go:509.3,509.27 1 1
github.com/edlitmus/halite/internal/template/filters_seq.go:509.27,510.24 1 1
github.com/edlitmus/halite/internal/template/filters_seq.go:510.24,511.26 1 1
github.com/edlitmus/halite/internal/template/filters_seq.go:511.26,513.6 1 1
github.com/edlitmus/halite/internal/template/filters_seq.go:515.4,515.16 1 1
github.com/edlitmus/halite/internal/template/filters_seq.go:517.3,517.27 1 1
github.com/edlitmus/halite/internal/template/filters_seq.go:517.27,518.24 1 1
github.com/edlitmus/halite/internal/template/filters_seq.go:518.24,519.26 1 1
github.com/edlitmus/halite/internal/template/filters_seq.go:519.26,521.6 1 1
github.com/edlitmus/halite/internal/template/filters_seq.go:523.4,523.16 1 1
github.com/edlitmus/halite/internal/template/filters_seq.go:525.3,526.31 2 1
github.com/edlitmus/halite/internal/template/filters_seq.go:526.31,527.26 1 1
github.com/edlitmus/halite/internal/template/filters_seq.go:527.26,528.26 1 1
github.com/edlitmus/halite/internal/template/filters_seq.go:528.26,530.6 1 0
github.com/edlitmus/halite/internal/template/filters_seq.go:532.4,532.24 1 1
github.com/edlitmus/halite/internal/template/filters_seq.go:534.3,534.23 1 1
github.com/edlitmus/halite/internal/template/filters_seq.go:534.23,535.14 1 1
github.com/edlitmus/halite/internal/template/filters_seq.go:535.14,536.19 1 1
github.com/edlitmus/halite/internal/template/filters_seq.go:536.19,538.6 1 1
github.com/edlitmus/halite/internal/template/filters_seq.go:539.5,539.13 1 1
github.com/edlitmus/halite/internal/template/filters_seq.go:541.4,541.15 1 1
github.com/edlitmus/halite/internal/template/filters_seq.go:541.15,543.5 1 1
github.com/edlitmus/halite/internal/template/filters_seq.go:545.3,545.14 1 1
github.com/edlitmus/halite/internal/template/filters_seq.go:545.14,546.24 1 1
github.com/edlitmus/halite/internal/template/filters_seq.go:546.24,547.16 1 1
github.com/edlitmus/halite/internal/template/filters_seq.go:547.16,549.6 1 1
github.com/edlitmus/halite/internal/template/filters_seq.go:552.3,552.18 1 1
github.com/edlitmus/halite/internal/template/filters_seq.go:557.61,559.16 2 1
github.com/edlitmus/halite/internal/template/filters_seq.go:559.16,561.3 1 0
github.com/edlitmus/halite/internal/template/filters_seq.go:562.2,563.29 2 1
github.com/edlitmus/halite/internal/template/filters_seq.go:563.29,565.10 2 1
github.com/edlitmus/halite/internal/template/filters_seq.go:565.10,567.4 1 0
github.com/edlitmus/halite/internal/template/filters_seq.go:568.3,568.23 1 1
github.com/edlitmus/halite/internal/template/filters_seq.go:570.2,570.17 1 1
github.com/edlitmus/halite/internal/template/filters_seq.go:573.33,574.18 1 1
github.com/edlitmus/halite/internal/template/filters_seq.go:574.18,576.3 1 0
github.com/edlitmus/halite/internal/template/filters_seq.go:577.2,578.23 2 1
github.com/edlitmus/halite/internal/template/filters_seq.go:578.23,580.3 1 1
github.com/edlitmus/halite/internal/template/filters_seq.go:581.2,581.33 1 1
github.com/edlitmus/halite/internal/template/filters_seq.go:584.34,585.17 1 0
github.com/edlitmus/halite/internal/template/filters_seq.go:585.17,587.3 1 0
github.com/edlitmus/halite/internal/template/filters_seq.go:588.2,590.23 3 0
github.com/edlitmus/halite/internal/template/filters_seq.go:590.23,592.3 1 0
github.com/edlitmus/halite/internal/template/filters_seq.go:593.2,593.44 1 0
github.com/edlitmus/halite/internal/template/filters_seq.go:597.36,597.55 1 0
github.com/edlitmus/halite/internal/template/lex.go:32.30,33.18 1 1
github.com/edlitmus/halite/internal/template/lex.go:33.18,35.3 1 0
github.com/edlitmus/halite/internal/template/lex.go:36.2,36.55 1 1
github.com/edlitmus/halite/internal/template/lex.go:62.32,63.16 1 1
github.com/edlitmus/halite/internal/template/lex.go:64.14,65.27 1 0
github.com/edlitmus/halite/internal/template/lex.go:66.15,67.16 1 0
github.com/edlitmus/halite/internal/template/lex.go:68.19,69.14 1 0
github.com/edlitmus/halite/internal/template/lex.go:70.17,71.14 1 1
github.com/edlitmus/halite/internal/template/lex.go:72.19,73.14 1 0
github.com/edlitmus/halite/internal/template/lex.go:74.17,75.14 1 0
github.com/edlitmus/halite/internal/template/lex.go:76.17,77.41 1 0
github.com/edlitmus/halite/internal/template/lex.go:78.10,79.34 1 0
github.com/edlitmus/halite/internal/template/lex.go:92.37,98.2 1 1
github.com/edlitmus/halite/internal/template/lex.go:119.81,121.32 2 1
github.com/edlitmus/halite/internal/template/lex.go:121.32,123.3 1 0
github.com/edlitmus/halite/internal/template/lex.go:124.2,124.20 1 1
github.com/edlitmus/halite/internal/template/lex.go:127.27,127.81 1 1
github.com/edlitmus/halite/internal/template/lex.go:129.32,130.47 1 1
github.com/edlitmus/halite/internal/template/lex.go:130.47,131.27 1 1
github.com/edlitmus/halite/internal/template/lex.go:131.27,134.4 2 1
github.com/edlitmus/halite/internal/template/lex.go:134.9,136.4 1 1
github.com/edlitmus/halite/internal/template/lex.go:137.3,137.10 1 1
github.com/edlitmus/halite/internal/template/lex.go:141.31,141.61 1 1
github.com/edlitmus/halite/internal/template/lex.go:143.29,144.25 1 1
github.com/edlitmus/halite/internal/template/lex.go:144.25,146.15 2 1
github.com/edlitmus/halite/internal/template/lex.go:146.15,149.9 3 1
github.com/edlitmus/halite/internal/template/lex.go:152.3,160.15 6 1
github.com/edlitmus/halite/internal/template/lex.go:161.20,162.95 1 1
github.com/edlitmus/halite/internal/template/lex.go:162.95,164.5 1 0
github.com/edlitmus/halite/internal/template/lex.go:165.20,166.39 1 1
github.com/edlitmus/halite/internal/template/lex.go:166.39,168.5 1 0
github.com/edlitmus/halite/internal/template/lex.go:169.11,170.41 1 1
github.com/edlitmus/halite/internal/template/lex.go:170.41,172.5 1 0
github.com/edlitmus/halite/internal/template/lex.go:175.2,176.12 2 1
github.com/edlitmus/halite/internal/template/lex.go:179.46,180.14 1 1
github.com/edlitmus/halite/internal/template/lex.go:181.19,182.32 1 1
github.com/edlitmus/halite/internal/template/lex.go:183.19,184.34 1 1
github.com/edlitmus/halite/internal/template/lex.go:185.10,186.36 1 1
github.com/edlitmus/halite/internal/template/lex.go:192.50,202.4 3 1
github.com/edlitmus/halite/internal/template/lex.go:202.4,203.53 1 1
github.com/edlitmus/halite/internal/template/lex.go:203.53,204.28 1 1
github.com/edlitmus/halite/internal/template/lex.go:204.28,206.5 1 1
github.com/edlitmus/halite/internal/template/lex.go:209.2,209.14 1 1
github.com/edlitmus/halite/internal/template/lex.go:209.14,211.3 1 1
github.com/edlitmus/halite/internal/template/lex.go:212.2,212.27 1 1
github.com/edlitmus/halite/internal/template/lex.go:221.52,223.20 2 1
github.com/edlitmus/halite/internal/template/lex.go:223.20,226.3 2 1
github.com/edlitmus/halite/internal/template/lex.go:226.8,226.62 1 1
github.com/edlitmus/halite/internal/template/lex.go:226.62,228.3 1 0
github.com/edlitmus/halite/internal/template/lex.go:228.8,228.60 1 1
github.com/edlitmus/halite/internal/template/lex.go:228.60,230.3 1 0
github.com/edlitmus/halite/internal/template/lex.go:231.2,232.15 2 1
github.com/edlitmus/halite/internal/template/lex.go:232.15,234.3 1 1
github.com/edlitmus/halite/internal/template/lex.go:234.8,234.32 1 1
github.com/edlitmus/halite/internal/template/lex.go:234.32,235.50 1 0
github.com/edlitmus/halite/internal/template/lex.go:235.50,236.46 1 0
github.com/edlitmus/halite/internal/template/lex.go:236.46,238.5 1 0
github.com/edlitmus/halite/internal/template/lex.go:239.9,239.66 1 0
github.com/edlitmus/halite/internal/template/lex.go:239.66,241.4 1 0
github.com/edlitmus/halite/internal/template/lex.go:243.2,243.13 1 1
github.com/edlitmus/halite/internal/template/lex.go:243.13,246.23 3 1
github.com/edlitmus/halite/internal/template/lex.go:246.23,248.4 1 1
github.com/edlitmus/halite/internal/template/lex.go:249.3,249.49 1 1
github.com/edlitmus/halite/internal/template/lex.go:253.36,256.47 3 1
github.com/edlitmus/halite/internal/template/lex.go:256.47,258.3 1 0
github.com/edlitmus/halite/internal/template/lex.go:259.2,260.11 2 1
github.com/edlitmus/halite/internal/template/lex.go:260.11,262.3 1 0
github.com/edlitmus/halite/internal/template/lex.go:263.2,266.12 4 1
github.com/edlitmus/halite/internal/template/lex.go:271.34,272.78 1 1
github.com/edlitmus/halite/internal/template/lex.go:272.78,274.3 1 1
github.com/edlitmus/halite/internal/template/lex.go:275.2,275.81 1 1
github.com/edlitmus/halite/internal/template/lex.go:279.46,281.39 2 1
github.com/edlitmus/halite/internal/template/lex.go:281.39,283.3 1 1
github.com/edlitmus/halite/internal/template/lex.go:284.2,284.62 1 1
github.com/edlitmus/halite/internal/template/lex.go:284.62,286.3 1 1
github.com/edlitmus/halite/internal/template/lex.go:287.2,288.100 2 1
github.com/edlitmus/halite/internal/template/lex.go:288.100,290.3 1 1
github.com/edlitmus/halite/internal/template/lex.go:291.2,291.16 1 1
github.com/edlitmus/halite/internal/template/lex.go:291.16,293.3 1 0
github.com/edlitmus/halite/internal/template/lex.go:294.2,294.29 1 1
github.com/edlitmus/halite/internal/template/lex.go:298.43,301.11 3 1
github.com/edlitmus/halite/internal/template/lex.go:301.11,303.3 1 0
github.com/edlitmus/halite/internal/template/lex.go:304.2,309.9 5 1
github.com/edlitmus/halite/internal/template/lex.go:309.9,311.3 1 0
github.com/edlitmus/halite/internal/template/lex.go:312.2,312.19 1 1
github.com/edlitmus/halite/internal/template/lex.go:312.19,314.3 1 0
github.com/edlitmus/halite/internal/template/lex.go:315.2,315.21 1 1
github.com/edlitmus/halite/internal/template/lex.go:315.21,317.3 1 0
github.com/edlitmus/halite/internal/template/lex.go:318.2,318.16 1 1
github.com/edlitmus/halite/internal/template/lex.go:318.16,320.3 1 1
github.com/edlitmus/halite/internal/template/lex.go:321.2,323.12 3 1
github.com/edlitmus/halite/internal/template/lex.go:327.118,330.19 3 1
github.com/edlitmus/halite/internal/template/lex.go:330.19,332.12 2 1
github.com/edlitmus/halite/internal/template/lex.go:332.12,334.4 1 0
github.com/edlitmus/halite/internal/template/lex.go:335.3,337.12 3 1
github.com/edlitmus/halite/internal/template/lex.go:337.12,339.4 1 0
github.com/edlitmus/halite/internal/template/lex.go:340.3,343.52 4 1
github.com/edlitmus/halite/internal/template/lex.go:343.52,345.4 1 1
github.com/edlitmus/halite/internal/template/lex.go:346.3,347.15 2 1
github.com/edlitmus/halite/internal/template/lex.go:348.13,349.11 1 0
github.com/edlitmus/halite/internal/template/lex.go:350.15,351.18 1 1
github.com/edlitmus/halite/internal/template/lex.go:351.18,355.5 3 1
github.com/edlitmus/halite/internal/template/lex.go:356.4,356.11 1 0
github.com/edlitmus/halite/internal/template/lex.go:358.3,358.26 1 1
github.com/edlitmus/halite/internal/template/lex.go:360.2,360.35 1 0
github.com/edlitmus/halite/internal/template/lex.go:364.81,368.47 4 1
github.com/edlitmus/halite/internal/template/lex.go:368.47,370.3 1 1
github.com/edlitmus/halite/internal/template/lex.go:372.2,372.6 1 1
github.com/edlitmus/halite/internal/template/lex.go:372.6,374.26 2 1
github.com/edlitmus/halite/internal/template/lex.go:374.26,376.4 1 0
github.com/edlitmus/halite/internal/template/lex.go:378.3,378.71 1 1
github.com/edlitmus/halite/internal/template/lex.go:378.71,383.4 4 1
github.com/edlitmus/halite/internal/template/lex.go:384.3,384.46 1 1
github.com/edlitmus/halite/internal/template/lex.go:384.46,388.4 3 1
github.com/edlitmus/halite/internal/template/lex.go:389.3,389.36 1 1
github.com/edlitmus/halite/internal/template/lex.go:389.36,391.4 1 0
github.com/edlitmus/halite/internal/template/lex.go:395.32,396.25 1 1
github.com/edlitmus/halite/internal/template/lex.go:396.25,397.23 1 1
github.com/edlitmus/halite/internal/template/lex.go:398.30,399.16 1 1
github.com/edlitmus/halite/internal/template/lex.go:400.11,401.10 1 1
github.com/edlitmus/halite/internal/template/lex.go:406.30,408.2 1 1
github.com/edlitmus/halite/internal/template/lex.go:410.32,414.9 3 1
github.com/edlitmus/halite/internal/template/lex.go:415.21,417.26 2 1
github.com/edlitmus/halite/internal/template/lex.go:417.26,419.50 2 1
github.com/edlitmus/halite/internal/template/lex.go:419.50,421.13 2 1
github.com/edlitmus/halite/internal/template/lex.go:423.4,423.9 1 1
github.com/edlitmus/halite/internal/template/lex.go:425.3,426.13 2 1
github.com/edlitmus/halite/internal/template/lex.go:428.28,429.24 1 1
github.com/edlitmus/halite/internal/template/lex.go:431.29,432.24 1 1
github.com/edlitmus/halite/internal/template/lex.go:436.2,436.79 1 1
github.com/edlitmus/halite/internal/template/lex.go:436.79,437.43 1 1
github.com/edlitmus/halite/internal/template/lex.go:437.43,441.4 3 1
github.com/edlitmus/halite/internal/template/lex.go:443.2,443.59 1 1
github.com/edlitmus/halite/internal/template/lex.go:443.59,447.3 3 1
github.com/edlitmus/halite/internal/template/lex.go:449.2,450.24 2 0
github.com/edlitmus/halite/internal/template/lex.go:450.24,453.3 2 0
github.com/edlitmus/halite/internal/template/lex.go:454.2,454.96 1 0
github.com/edlitmus/halite/internal/template/lex.go:457.40,460.25 3 1
github.com/edlitmus/halite/internal/template/lex.go:460.25,462.10 2 1
github.com/edlitmus/halite/internal/template/lex.go:463.41,464.16 1 1
github.com/edlitmus/halite/internal/template/lex.go:465.17,469.90 1 1
github.com/edlitmus/halite/internal/template/lex.go:469.90,472.13 3 1
github.com/edlitmus/halite/internal/template/lex.go:474.4,474.13 1 0
github.com/edlitmus/halite/internal/template/lex.go:475.29,477.28 2 0
github.com/edlitmus/halite/internal/template/lex.go:477.28,479.5 1 0
github.com/edlitmus/halite/internal/template/lex.go:480.4,480.28 1 0
github.com/edlitmus/halite/internal/template/lex.go:480.28,483.13 3 0
github.com/edlitmus/halite/internal/template/lex.go:485.4,485.104 1 0
github.com/edlitmus/halite/internal/template/lex.go:485.104,488.13 3 0
github.com/edlitmus/halite/internal/template/lex.go:490.4,490.13 1 0
github.com/edlitmus/halite/internal/template/lex.go:491.11,492.13 1 1
github.com/edlitmus/halite/internal/template/lex.go:496.2,497.13 2 1
github.com/edlitmus/halite/internal/template/lex.go:497.13,499.55 2 1
github.com/edlitmus/halite/internal/template/lex.go:499.55,501.4 1 0
github.com/edlitmus/halite/internal/template/lex.go:502.3,503.13 2 1
github.com/edlitmus/halite/internal/template/lex.go:505.2,506.54 2 1
github.com/edlitmus/halite/internal/template/lex.go:506.54,508.3 1 0
github.com/edlitmus/halite/internal/template/lex.go:509.2,510.12 2 1
github.com/edlitmus/halite/internal/template/lex.go:513.40,517.6 4 1
github.com/edlitmus/halite/internal/template/lex.go:517.6,518.26 1 1
github.com/edlitmus/halite/internal/template/lex.go:518.26,520.4 1 0
github.com/edlitmus/halite/internal/template/lex.go:521.3,522.17 2 1
github.com/edlitmus/halite/internal/template/lex.go:522.17,526.4 3 1
github.com/edlitmus/halite/internal/template/lex.go:527.3,527.40 1 1
github.com/edlitmus/halite/internal/template/lex.go:527.40,531.13 4 1
github.com/edlitmus/halite/internal/template/lex.go:532.13,533.22 1 1
github.com/edlitmus/halite/internal/template/lex.go:534.13,535.22 1 0
github.com/edlitmus/halite/internal/template/lex.go:536.13,537.22 1 0
github.com/edlitmus/halite/internal/template/lex.go:538.14,539.22 1 1
github.com/edlitmus/halite/internal/template/lex.go:540.14,541.22 1 0
github.com/edlitmus/halite/internal/template/lex.go:542.13,543.21 1 0
github.com/edlitmus/halite/internal/template/lex.go:544.13,545.19 1 0
github.com/edlitmus/halite/internal/template/lex.go:546.23,548.29 2 0
github.com/edlitmus/halite/internal/template/lex.go:548.29,550.6 1 0
github.com/edlitmus/halite/internal/template/lex.go:551.5,552.73 2 0
github.com/edlitmus/halite/internal/template/lex.go:552.73,554.6 1 0
github.com/edlitmus/halite/internal/template/lex.go:555.5,556.17 2 0
github.com/edlitmus/halite/internal/template/lex.go:556.17,558.6 1 0
github.com/edlitmus/halite/internal/template/lex.go:558.11,560.6 1 0
github.com/edlitmus/halite/internal/template/lex.go:561.12,563.19 2 0
github.com/edlitmus/halite/internal/template/lex.go:565.4,565.12 1 1
github.com/edlitmus/halite/internal/template/lex.go:567.3,568.15 2 1
github.com/edlitmus/halite/internal/template/methods.go:15.52,16.25 1 1
github.com/edlitmus/halite/internal/template/methods.go:17.14,18.42 1 1
github.com/edlitmus/halite/internal/template/methods.go:18.42,20.4 1 1
github.com/edlitmus/halite/internal/template/methods.go:21.18,22.39 1 1
github.com/edlitmus/halite/internal/template/methods.go:22.39,24.4 1 1
github.com/edlitmus/halite/internal/template/methods.go:25.13,26.40 1 0
github.com/edlitmus/halite/internal/template/methods.go:26.40,28.4 1 0
github.com/edlitmus/halite/internal/template/methods.go:30.2,30.19 1 1
github.com/edlitmus/halite/internal/template/methods.go:33.77,34.19 1 1
github.com/edlitmus/halite/internal/template/methods.go:34.19,36.3 1 1
github.com/edlitmus/halite/internal/template/methods.go:37.2,37.31 1 1
github.com/edlitmus/halite/internal/template/methods.go:37.31,39.3 1 1
github.com/edlitmus/halite/internal/template/methods.go:40.2,40.19 1 1
github.com/edlitmus/halite/internal/template/methods.go:43.86,45.9 2 1
github.com/edlitmus/halite/internal/template/methods.go:45.9,47.3 1 1
github.com/edlitmus/halite/internal/template/methods.go:48.2,49.14 2 1
github.com/edlitmus/halite/internal/template/methods.go:52.60,53.14 1 1
github.com/edlitmus/halite/internal/template/methods.go:54.13,59.80 1 1
github.com/edlitmus/halite/internal/template/methods.go:59.80,61.11 2 1
github.com/edlitmus/halite/internal/template/methods.go:61.11,63.5 1 0
github.com/edlitmus/halite/internal/template/methods.go:64.4,65.51 2 1
github.com/edlitmus/halite/internal/template/methods.go:65.51,67.5 1 1
github.com/edlitmus/halite/internal/template/methods.go:68.4,68.67 1 1
github.com/edlitmus/halite/internal/template/methods.go:68.67,70.61 2 1
github.com/edlitmus/halite/internal/template/methods.go:70.61,72.6 1 0
github.com/edlitmus/halite/internal/template/methods.go:73.5,73.55 1 1
github.com/edlitmus/halite/internal/template/methods.go:73.55,75.6 1 1
github.com/edlitmus/halite/internal/template/methods.go:77.4,77.14 1 1
github.com/edlitmus/halite/internal/template/methods.go:77.14,79.5 1 1
github.com/edlitmus/halite/internal/template/methods.go:80.4,80.19 1 0
github.com/edlitmus/halite/internal/template/methods.go:83.15,84.70 1 1
github.com/edlitmus/halite/internal/template/methods.go:84.70,86.34 2 1
github.com/edlitmus/halite/internal/template/methods.go:86.34,88.5 1 1
github.com/edlitmus/halite/internal/template/methods.go:89.4,89.19 1 1
github.com/edlitmus/halite/internal/template/methods.go:92.14,93.69 1 1
github.com/edlitmus/halite/internal/template/methods.go:93.69,98.4 4 1
github.com/edlitmus/halite/internal/template/methods.go:100.16,101.71 1 1
github.com/edlitmus/halite/internal/template/methods.go:101.71,103.34 2 1
github.com/edlitmus/halite/internal/template/methods.go:103.34,105.5 1 1
github.com/edlitmus/halite/internal/template/methods.go:106.4,106.19 1 1
github.com/edlitmus/halite/internal/template/methods.go:109.16,110.83 1 0
github.com/edlitmus/halite/internal/template/methods.go:110.83,111.21 1 0
github.com/edlitmus/halite/internal/template/methods.go:111.21,113.12 2 0
github.com/edlitmus/halite/internal/template/methods.go:113.12,115.6 1 0
github.com/edlitmus/halite/internal/template/methods.go:116.5,116.37 1 0
github.com/edlitmus/halite/internal/template/methods.go:116.37,118.6 1 0
github.com/edlitmus/halite/internal/template/methods.go:120.4,120.29 1 0
github.com/edlitmus/halite/internal/template/methods.go:120.29,122.5 1 0
github.com/edlitmus/halite/internal/template/methods.go:123.4,123.19 1 0
github.com/edlitmus/halite/internal/template/methods.go:126.13,127.80 1 0
github.com/edlitmus/halite/internal/template/methods.go:127.80,129.11 2 0
github.com/edlitmus/halite/internal/template/methods.go:129.11,131.5 1 0
github.com/edlitmus/halite/internal/template/methods.go:132.4,133.13 2 0
github.com/edlitmus/halite/internal/template/methods.go:133.13,136.5 2 0
github.com/edlitmus/halite/internal/template/methods.go:137.4,137.54 1 0
github.com/edlitmus/halite/internal/template/methods.go:137.54,139.5 1 0
github.com/edlitmus/halite/internal/template/methods.go:140.4,140.63 1 0
github.com/edlitmus/halite/internal/template/methods.go:143.20,144.87 1 0
github.com/edlitmus/halite/internal/template/methods.go:144.87,146.11 2 0
github.com/edlitmus/halite/internal/template/methods.go:146.11,148.5 1 0
github.com/edlitmus/halite/internal/template/methods.go:149.4,149.51 1 0
github.com/edlitmus/halite/internal/template/methods.go:149.51,151.5 1 0
github.com/edlitmus/halite/internal/template/methods.go:152.4,154.19 3 0
github.com/edlitmus/halite/internal/template/methods.go:157.2,157.19 1 1
github.com/edlitmus/halite/internal/template/methods.go:160.56,161.14 1 0
github.com/edlitmus/halite/internal/template/methods.go:162.15,163.77 1 0
github.com/edlitmus/halite/internal/template/methods.go:163.77,164.22 1 0
github.com/edlitmus/halite/internal/template/methods.go:164.22,166.5 1 0
github.com/edlitmus/halite/internal/template/methods.go:167.4,168.27 2 0
github.com/edlitmus/halite/internal/template/methods.go:168.27,169.35 1 0
github.com/edlitmus/halite/internal/template/methods.go:169.35,171.6 1 0
github.com/edlitmus/halite/internal/template/methods.go:173.4,173.17 1 0
github.com/edlitmus/halite/internal/template/methods.go:175.15,176.77 1 0
github.com/edlitmus/halite/internal/template/methods.go:176.77,177.22 1 0
github.com/edlitmus/halite/internal/template/methods.go:177.22,179.5 1 0
github.com/edlitmus/halite/internal/template/methods.go:180.4,180.27 1 0
github.com/edlitmus/halite/internal/template/methods.go:180.27,181.35 1 0
github.com/edlitmus/halite/internal/template/methods.go:181.35,183.6 1 0
github.com/edlitmus/halite/internal/template/methods.go:185.4,185.63 1 0
github.com/edlitmus/halite/internal/template/methods.go:188.2,188.19 1 0
github.com/edlitmus/halite/internal/template/methods.go:191.52,192.58 1 1
github.com/edlitmus/halite/internal/template/methods.go:192.58,193.67 1 1
github.com/edlitmus/halite/internal/template/methods.go:193.67,193.88 1 1
github.com/edlitmus/halite/internal/template/methods.go:196.2,196.14 1 1
github.com/edlitmus/halite/internal/template/methods.go:197.15,198.33 1 0
github.com/edlitmus/halite/internal/template/methods.go:199.15,200.33 1 1
github.com/edlitmus/halite/internal/template/methods.go:201.15,202.27 1 0
github.com/edlitmus/halite/internal/template/methods.go:203.20,204.28 1 0
github.com/edlitmus/halite/internal/template/methods.go:205.18,206.26 1 0
github.com/edlitmus/halite/internal/template/methods.go:208.15,209.62 1 1
github.com/edlitmus/halite/internal/template/methods.go:210.16,211.70 1 0
github.com/edlitmus/halite/internal/template/methods.go:211.70,211.111 1 0
github.com/edlitmus/halite/internal/template/methods.go:212.16,213.71 1 0
github.com/edlitmus/halite/internal/template/methods.go:213.71,213.113 1 0
github.com/edlitmus/halite/internal/template/methods.go:215.15,216.79 1 1
github.com/edlitmus/halite/internal/template/methods.go:216.79,219.53 3 1
github.com/edlitmus/halite/internal/template/methods.go:219.53,220.40 1 1
github.com/edlitmus/halite/internal/template/methods.go:220.40,222.6 1 1
github.com/edlitmus/halite/internal/template/methods.go:224.4,225.15 2 1
github.com/edlitmus/halite/internal/template/methods.go:225.15,227.40 2 0
github.com/edlitmus/halite/internal/template/methods.go:227.40,229.6 1 0
github.com/edlitmus/halite/internal/template/methods.go:230.10,230.24 1 1
github.com/edlitmus/halite/internal/template/methods.go:230.24,232.5 1 1
github.com/edlitmus/halite/internal/template/methods.go:232.10,234.5 1 1
github.com/edlitmus/halite/internal/template/methods.go:235.4,235.35 1 1
github.com/edlitmus/halite/internal/template/methods.go:238.16,239.79 1 0
github.com/edlitmus/halite/internal/template/methods.go:239.79,241.15 2 0
github.com/edlitmus/halite/internal/template/methods.go:241.15,243.5 1 0
github.com/edlitmus/halite/internal/template/methods.go:244.4,244.51 1 0
github.com/edlitmus/halite/internal/template/methods.go:247.20,248.67 1 1
github.com/edlitmus/halite/internal/template/methods.go:248.67,250.21 2 1
github.com/edlitmus/halite/internal/template/methods.go:250.21,252.5 1 0
github.com/edlitmus/halite/internal/template/methods.go:253.4,253.58 1 1
github.com/edlitmus/halite/internal/template/methods.go:256.14,257.74 1 1
github.com/edlitmus/halite/internal/template/methods.go:257.74,258.22 1 1
github.com/edlitmus/halite/internal/template/methods.go:258.22,260.5 1 0
github.com/edlitmus/halite/internal/template/methods.go:261.4,262.11 2 1
github.com/edlitmus/halite/internal/template/methods.go:262.11,264.5 1 0
github.com/edlitmus/halite/internal/template/methods.go:265.4,266.31 2 1
github.com/edlitmus/halite/internal/template/methods.go:266.31,268.5 1 1
github.com/edlitmus/halite/internal/template/methods.go:269.4,269.38 1 1
github.com/edlitmus/halite/internal/template/methods.go:272.17,273.79 1 0
github.com/edlitmus/halite/internal/template/methods.go:273.79,276.20 3 0
github.com/edlitmus/halite/internal/template/methods.go:276.20,278.5 1 0
github.com/edlitmus/halite/internal/template/methods.go:279.4,279.50 1 0
github.com/edlitmus/halite/internal/template/methods.go:279.50,280.30 1 0
github.com/edlitmus/halite/internal/template/methods.go:280.30,282.6 1 0
github.com/edlitmus/halite/internal/template/methods.go:284.4,284.46 1 0
github.com/edlitmus/halite/internal/template/methods.go:287.32,288.74 1 1
github.com/edlitmus/halite/internal/template/methods.go:288.74,289.22 1 1
github.com/edlitmus/halite/internal/template/methods.go:289.22,291.5 1 0
github.com/edlitmus/halite/internal/template/methods.go:292.4,293.26 2 1
github.com/edlitmus/halite/internal/template/methods.go:293.26,295.5 1 1
github.com/edlitmus/halite/internal/template/methods.go:296.4,296.31 1 1
github.com/edlitmus/halite/internal/template/methods.go:297.16,298.27 1 1
github.com/edlitmus/halite/internal/template/methods.go:299.15,300.28 1 1
github.com/edlitmus/halite/internal/template/methods.go:300.28,301.52 1 1
github.com/edlitmus/halite/internal/template/methods.go:301.52,303.7 1 1
github.com/edlitmus/halite/internal/template/methods.go:305.5,305.22 1 0
github.com/edlitmus/halite/internal/template/methods.go:307.4,307.80 1 0
github.com/edlitmus/halite/internal/template/methods.go:310.16,311.79 1 1
github.com/edlitmus/halite/internal/template/methods.go:311.79,313.4 1 1
github.com/edlitmus/halite/internal/template/methods.go:315.23,316.74 1 0
github.com/edlitmus/halite/internal/template/methods.go:316.74,317.21 1 0
github.com/edlitmus/halite/internal/template/methods.go:317.21,319.5 1 0
github.com/edlitmus/halite/internal/template/methods.go:320.4,321.11 2 0
github.com/edlitmus/halite/internal/template/methods.go:321.11,323.5 1 0
github.com/edlitmus/halite/internal/template/methods.go:324.4,324.23 1 0
github.com/edlitmus/halite/internal/template/methods.go:324.23,326.5 1 0
github.com/edlitmus/halite/internal/template/methods.go:327.4,327.44 1 0
github.com/edlitmus/halite/internal/template/methods.go:330.15,331.74 1 0
github.com/edlitmus/halite/internal/template/methods.go:331.74,332.22 1 0
github.com/edlitmus/halite/internal/template/methods.go:332.22,334.5 1 0
github.com/edlitmus/halite/internal/template/methods.go:335.4,336.11 2 0
github.com/edlitmus/halite/internal/template/methods.go:336.11,338.5 1 0
github.com/edlitmus/halite/internal/template/methods.go:339.4,339.44 1 0
github.com/edlitmus/halite/internal/template/methods.go:342.17,343.67 1 1
github.com/edlitmus/halite/internal/template/methods.go:343.67,344.15 1 1
github.com/edlitmus/halite/internal/template/methods.go:344.15,346.5 1 0
github.com/edlitmus/halite/internal/template/methods.go:347.4,347.24 1 1
github.com/edlitmus/halite/internal/template/methods.go:347.24,348.27 1 1
github.com/edlitmus/halite/internal/template/methods.go:348.27,350.6 1 1
github.com/edlitmus/halite/internal/template/methods.go:352.4,352.20 1 0
github.com/edlitmus/halite/internal/template/methods.go:355.15,356.74 1 1
github.com/edlitmus/halite/internal/template/methods.go:356.74,358.29 2 1
github.com/edlitmus/halite/internal/template/methods.go:358.29,360.5 1 0
github.com/edlitmus/halite/internal/template/methods.go:361.4,361.26 1 1
github.com/edlitmus/halite/internal/template/methods.go:361.26,363.5 1 0
github.com/edlitmus/halite/internal/template/methods.go:364.4,364.54 1 1
github.com/edlitmus/halite/internal/template/methods.go:367.26,370.67 1 0
github.com/edlitmus/halite/internal/template/methods.go:370.67,370.84 1 0
github.com/edlitmus/halite/internal/template/methods.go:372.2,372.19 1 0
github.com/edlitmus/halite/internal/template/methods.go:375.108,376.78 1 1
github.com/edlitmus/halite/internal/template/methods.go:376.78,377.59 1 1
github.com/edlitmus/halite/internal/template/methods.go:377.59,379.4 1 0
github.com/edlitmus/halite/internal/template/methods.go:380.3,380.21 1 1
github.com/edlitmus/halite/internal/template/methods.go:384.38,386.23 2 1
github.com/edlitmus/halite/internal/template/methods.go:386.23,388.3 1 1
github.com/edlitmus/halite/internal/template/methods.go:389.2,389.12 1 1
github.com/edlitmus/halite/internal/template/methods.go:395.80,398.30 3 1
github.com/edlitmus/halite/internal/template/methods.go:398.30,400.15 2 1
github.com/edlitmus/halite/internal/template/methods.go:400.15,401.37 1 1
github.com/edlitmus/halite/internal/template/methods.go:401.37,404.13 3 0
github.com/edlitmus/halite/internal/template/methods.go:406.4,407.15 2 1
github.com/edlitmus/halite/internal/template/methods.go:407.15,409.5 1 0
github.com/edlitmus/halite/internal/template/methods.go:410.4,412.56 3 1
github.com/edlitmus/halite/internal/template/methods.go:412.56,414.5 1 0
github.com/edlitmus/halite/internal/template/methods.go:415.4,415.11 1 1
github.com/edlitmus/halite/internal/template/methods.go:416.21,417.26 1 0
github.com/edlitmus/halite/internal/template/methods.go:417.26,419.6 1 0
github.com/edlitmus/halite/internal/template/methods.go:420.5,421.11 2 0
github.com/edlitmus/halite/internal/template/methods.go:422.28,424.23 2 1
github.com/edlitmus/halite/internal/template/methods.go:424.23,426.6 1 0
github.com/edlitmus/halite/internal/template/methods.go:427.5,427.40 1 1
github.com/edlitmus/halite/internal/template/methods.go:428.12,430.12 2 1
github.com/edlitmus/halite/internal/template/methods.go:430.12,432.6 1 0
github.com/edlitmus/halite/internal/template/methods.go:433.5,433.34 1 1
github.com/edlitmus/halite/internal/template/methods.go:435.4,435.12 1 1
github.com/edlitmus/halite/internal/template/methods.go:437.3,437.15 1 1
github.com/edlitmus/halite/internal/template/methods.go:437.15,438.37 1 0
github.com/edlitmus/halite/internal/template/methods.go:438.37,441.13 3 0
github.com/edlitmus/halite/internal/template/methods.go:443.4,443.59 1 0
github.com/edlitmus/halite/internal/template/methods.go:445.3,445.17 1 1
github.com/edlitmus/halite/internal/template/methods.go:447.2,447.24 1 1
github.com/edlitmus/halite/internal/template/methods.go:450.33,451.13 1 1
github.com/edlitmus/halite/internal/template/methods.go:451.13,453.3 1 0
github.com/edlitmus/halite/internal/template/methods.go:454.2,454.22 1 1
github.com/edlitmus/halite/internal/template/methods.go:454.22,455.25 1 1
github.com/edlitmus/halite/internal/template/methods.go:455.25,457.4 1 1
github.com/edlitmus/halite/internal/template/methods.go:459.2,459.13 1 1
github.com/edlitmus/halite/internal/template/parse.go:15.77,18.16 3 1
github.com/edlitmus/halite/internal/template/parse.go:18.16,20.3 1 1
github.com/edlitmus/halite/internal/template/parse.go:21.2,21.15 1 1
github.com/edlitmus/halite/internal/template/parse.go:21.15,23.3 1 0
github.com/edlitmus/halite/internal/template/parse.go:24.2,24.18 1 1
github.com/edlitmus/halite/internal/template/parse.go:27.31,27.53 1 1
github.com/edlitmus/halite/internal/template/parse.go:28.31,28.68 3 1
github.com/edlitmus/halite/internal/template/parse.go:29.31,29.68 1 1
github.com/edlitmus/halite/internal/template/parse.go:30.31,30.57 1 1
github.com/edlitmus/halite/internal/template/parse.go:32.58,34.51 2 1
github.com/edlitmus/halite/internal/template/parse.go:34.51,37.3 2 1
github.com/edlitmus/halite/internal/template/parse.go:38.2,38.14 1 1
github.com/edlitmus/halite/internal/template/parse.go:41.68,43.51 2 1
github.com/edlitmus/halite/internal/template/parse.go:43.51,45.17 2 0
github.com/edlitmus/halite/internal/template/parse.go:45.17,47.4 1 0
github.com/edlitmus/halite/internal/template/parse.go:48.3,48.60 1 0
github.com/edlitmus/halite/internal/template/parse.go:50.2,51.15 2 1
github.com/edlitmus/halite/internal/template/parse.go:54.40,55.11 1 0
github.com/edlitmus/halite/internal/template/parse.go:56.15,57.18 1 0
github.com/edlitmus/halite/internal/template/parse.go:58.17,59.20 1 0
github.com/edlitmus/halite/internal/template/parse.go:60.17,61.14 1 0
github.com/edlitmus/halite/internal/template/parse.go:62.17,63.14 1 0
github.com/edlitmus/halite/internal/template/parse.go:64.10,65.19 1 0
github.com/edlitmus/halite/internal/template/parse.go:71.61,72.34 1 1
github.com/edlitmus/halite/internal/template/parse.go:72.34,74.3 1 1
github.com/edlitmus/halite/internal/template/parse.go:75.2,76.24 2 1
github.com/edlitmus/halite/internal/template/parse.go:76.24,78.3 1 0
github.com/edlitmus/halite/internal/template/parse.go:79.2,79.26 1 1
github.com/edlitmus/halite/internal/template/parse.go:79.26,80.18 1 1
github.com/edlitmus/halite/internal/template/parse.go:80.18,82.4 1 1
github.com/edlitmus/halite/internal/template/parse.go:84.2,84.18 1 1
github.com/edlitmus/halite/internal/template/parse.go:89.70,91.6 2 1
github.com/edlitmus/halite/internal/template/parse.go:91.6,92.16 1 1
github.com/edlitmus/halite/internal/template/parse.go:92.16,93.24 1 1
github.com/edlitmus/halite/internal/template/parse.go:93.24,95.5 1 1
github.com/edlitmus/halite/internal/template/parse.go:96.4,96.24 1 1
github.com/edlitmus/halite/internal/template/parse.go:98.3,98.47 1 1
github.com/edlitmus/halite/internal/template/parse.go:98.47,100.4 1 1
github.com/edlitmus/halite/internal/template/parse.go:102.3,103.17 2 1
github.com/edlitmus/halite/internal/template/parse.go:104.16,106.58 2 1
github.com/edlitmus/halite/internal/template/parse.go:107.20,110.18 3 1
github.com/edlitmus/halite/internal/template/parse.go:110.18,112.5 1 1
github.com/edlitmus/halite/internal/template/parse.go:113.4,113.53 1 1
github.com/edlitmus/halite/internal/template/parse.go:113.53,115.5 1 0
github.com/edlitmus/halite/internal/template/parse.go:116.4,116.56 1 1
github.com/edlitmus/halite/internal/template/parse.go:117.20,119.18 2 1
github.com/edlitmus/halite/internal/template/parse.go:119.18,121.5 1 1
github.com/edlitmus/halite/internal/template/parse.go:122.4,122.16 1 1
github.com/edlitmus/halite/internal/template/parse.go:122.16,124.5 1 1
github.com/edlitmus/halite/internal/template/parse.go:125.11,126.53 1 0
github.com/edlitmus/halite/internal/template/parse.go:132.33,133.53 1 1
github.com/edlitmus/halite/internal/template/parse.go:133.53,135.3 1 0
github.com/edlitmus/halite/internal/template/parse.go:136.2,138.12 3 1
github.com/edlitmus/halite/internal/template/parse.go:141.49,145.16 4 1
github.com/edlitmus/halite/internal/template/parse.go:145.16,147.3 1 0
github.com/edlitmus/halite/internal/template/parse.go:149.2,149.21 1 1
github.com/edlitmus/halite/internal/template/parse.go:150.12,151.26 1 1
github.com/edlitmus/halite/internal/template/parse.go:152.13,153.27 1 1
github.com/edlitmus/halite/internal/template/parse.go:154.13,155.27 1 1
github.com/edlitmus/halite/internal/template/parse.go:156.15,157.29 1 1
github.com/edlitmus/halite/internal/template/parse.go:158.14,159.28 1 1
github.com/edlitmus/halite/internal/template/parse.go:160.17,161.31 1 1
github.com/edlitmus/halite/internal/template/parse.go:162.16,163.30 1 1
github.com/edlitmus/halite/internal/template/parse.go:164.14,165.34 1 1
github.com/edlitmus/halite/internal/template/parse.go:166.17,167.31 1 1
github.com/edlitmus/halite/internal/template/parse.go:168.15,169.29 1 1
github.com/edlitmus/halite/internal/template/parse.go:170.16,171.30 1 1
github.com/edlitmus/halite/internal/template/parse.go:172.12,173.26 1 1
github.com/edlitmus/halite/internal/template/parse.go:174.14,175.28 1 1
github.com/edlitmus/halite/internal/template/parse.go:176.20,177.34 1 0
github.com/edlitmus/halite/internal/template/parse.go:178.36,179.93 1 1
github.com/edlitmus/halite/internal/template/parse.go:181.2,181.58 1 1
github.com/edlitmus/halite/internal/template/parse.go:184.51,186.6 2 1
github.com/edlitmus/halite/internal/template/parse.go:186.6,188.17 2 1
github.com/edlitmus/halite/internal/template/parse.go:188.17,190.4 1 0
github.com/edlitmus/halite/internal/template/parse.go:191.3,191.52 1 1
github.com/edlitmus/halite/internal/template/parse.go:191.52,193.4 1 0
github.com/edlitmus/halite/internal/template/parse.go:194.3,195.17 2 1
github.com/edlitmus/halite/internal/template/parse.go:195.17,197.4 1 1
github.com/edlitmus/halite/internal/template/parse.go:198.3,201.14 3 1
github.com/edlitmus/halite/internal/template/parse.go:202.15,204.12 2 1
github.com/edlitmus/halite/internal/template/parse.go:205.15,207.53 2 1
github.com/edlitmus/halite/internal/template/parse.go:207.53,209.5 1 0
github.com/edlitmus/halite/internal/template/parse.go:210.4,211.18 2 1
github.com/edlitmus/halite/internal/template/parse.go:211.18,213.5 1 0
github.com/edlitmus/halite/internal/template/parse.go:214.4,215.24 2 1
github.com/edlitmus/halite/internal/template/parse.go:216.11,217.24 1 1
github.com/edlitmus/halite/internal/template/parse.go:222.52,225.6 3 1
github.com/edlitmus/halite/internal/template/parse.go:225.6,227.18 2 1
github.com/edlitmus/halite/internal/template/parse.go:227.18,229.4 1 0
github.com/edlitmus/halite/internal/template/parse.go:230.3,231.28 2 1
github.com/edlitmus/halite/internal/template/parse.go:231.28,232.9 1 1
github.com/edlitmus/halite/internal/template/parse.go:235.2,235.51 1 1
github.com/edlitmus/halite/internal/template/parse.go:235.51,237.3 1 0
github.com/edlitmus/halite/internal/template/parse.go:241.2,242.16 2 1
github.com/edlitmus/halite/internal/template/parse.go:242.16,244.3 1 0
github.com/edlitmus/halite/internal/template/parse.go:245.2,245.54 1 1
github.com/edlitmus/halite/internal/template/parse.go:245.54,248.17 3 1
github.com/edlitmus/halite/internal/template/parse.go:248.17,250.4 1 0
github.com/edlitmus/halite/internal/template/parse.go:252.2,252.61 1 1
github.com/edlitmus/halite/internal/template/parse.go:252.61,255.3 2 1
github.com/edlitmus/halite/internal/template/parse.go:256.2,256.51 1 1
github.com/edlitmus/halite/internal/template/parse.go:256.51,258.3 1 0
github.com/edlitmus/halite/internal/template/parse.go:260.2,261.16 2 1
github.com/edlitmus/halite/internal/template/parse.go:261.16,263.3 1 0
github.com/edlitmus/halite/internal/template/parse.go:264.2,265.19 2 1
github.com/edlitmus/halite/internal/template/parse.go:265.19,267.52 2 1
github.com/edlitmus/halite/internal/template/parse.go:267.52,269.4 1 0
github.com/edlitmus/halite/internal/template/parse.go:270.3,271.17 2 1
github.com/edlitmus/halite/internal/template/parse.go:271.17,273.4 1 0
github.com/edlitmus/halite/internal/template/parse.go:274.3,274.20 1 1
github.com/edlitmus/halite/internal/template/parse.go:276.2,276.22 1 1
github.com/edlitmus/halite/internal/template/parse.go:279.52,282.16 3 1
github.com/edlitmus/halite/internal/template/parse.go:282.16,284.3 1 0
github.com/edlitmus/halite/internal/template/parse.go:286.2,286.51 1 1
github.com/edlitmus/halite/internal/template/parse.go:286.51,289.17 3 1
github.com/edlitmus/halite/internal/template/parse.go:289.17,291.4 1 0
github.com/edlitmus/halite/internal/template/parse.go:292.3,293.49 2 1
github.com/edlitmus/halite/internal/template/parse.go:293.49,295.4 1 0
github.com/edlitmus/halite/internal/template/parse.go:296.3,297.17 2 1
github.com/edlitmus/halite/internal/template/parse.go:297.17,299.4 1 0
github.com/edlitmus/halite/internal/template/parse.go:300.3,301.16 2 1
github.com/edlitmus/halite/internal/template/parse.go:304.2,305.27 2 1
github.com/edlitmus/halite/internal/template/parse.go:305.27,307.17 2 0
github.com/edlitmus/halite/internal/template/parse.go:307.17,309.4 1 0
github.com/edlitmus/halite/internal/template/parse.go:310.3,310.39 1 0
github.com/edlitmus/halite/internal/template/parse.go:313.2,313.26 1 1
github.com/edlitmus/halite/internal/template/parse.go:313.26,315.17 2 1
github.com/edlitmus/halite/internal/template/parse.go:315.17,317.4 1 0
github.com/edlitmus/halite/internal/template/parse.go:318.3,319.16 2 1
github.com/edlitmus/halite/internal/template/parse.go:323.2,323.51 1 1
github.com/edlitmus/halite/internal/template/parse.go:323.51,326.17 3 1
github.com/edlitmus/halite/internal/template/parse.go:326.17,328.4 1 0
github.com/edlitmus/halite/internal/template/parse.go:330.2,330.51 1 1
github.com/edlitmus/halite/internal/template/parse.go:330.51,332.3 1 0
github.com/edlitmus/halite/internal/template/parse.go:333.2,334.16 2 1
github.com/edlitmus/halite/internal/template/parse.go:334.16,336.3 1 0
github.com/edlitmus/halite/internal/template/parse.go:337.2,338.22 2 1
github.com/edlitmus/halite/internal/template/parse.go:341.54,343.16 2 1
github.com/edlitmus/halite/internal/template/parse.go:343.16,345.3 1 0
github.com/edlitmus/halite/internal/template/parse.go:346.2,348.16 3 1
github.com/edlitmus/halite/internal/template/parse.go:348.16,350.3 1 0
github.com/edlitmus/halite/internal/template/parse.go:351.2,351.51 1 1
github.com/edlitmus/halite/internal/template/parse.go:351.51,353.3 1 0
github.com/edlitmus/halite/internal/template/parse.go:354.2,355.16 2 1
github.com/edlitmus/halite/internal/template/parse.go:355.16,357.3 1 0
github.com/edlitmus/halite/internal/template/parse.go:358.2,359.22 2 1
github.com/edlitmus/halite/internal/template/parse.go:362.52,364.48 2 1
github.com/edlitmus/halite/internal/template/parse.go:364.48,366.3 1 0
github.com/edlitmus/halite/internal/template/parse.go:367.2,367.28 1 1
github.com/edlitmus/halite/internal/template/parse.go:367.28,369.17 2 1
github.com/edlitmus/halite/internal/template/parse.go:369.17,371.4 1 0
github.com/edlitmus/halite/internal/template/parse.go:372.3,373.27 2 1
github.com/edlitmus/halite/internal/template/parse.go:373.27,375.18 2 1
github.com/edlitmus/halite/internal/template/parse.go:375.18,377.5 1 0
github.com/edlitmus/halite/internal/template/parse.go:379.3,380.28 2 1
github.com/edlitmus/halite/internal/template/parse.go:380.28,381.50 1 1
github.com/edlitmus/halite/internal/template/parse.go:381.50,383.5 1 0
github.com/edlitmus/halite/internal/template/parse.go:384.4,384.9 1 1
github.com/edlitmus/halite/internal/template/parse.go:387.2,387.20 1 1
github.com/edlitmus/halite/internal/template/parse.go:390.53,393.51 3 1
github.com/edlitmus/halite/internal/template/parse.go:393.51,395.17 2 1
github.com/edlitmus/halite/internal/template/parse.go:395.17,397.4 1 0
github.com/edlitmus/halite/internal/template/parse.go:399.2,400.16 2 1
github.com/edlitmus/halite/internal/template/parse.go:400.16,402.3 1 0
github.com/edlitmus/halite/internal/template/parse.go:403.2,403.51 1 1
github.com/edlitmus/halite/internal/template/parse.go:403.51,405.3 1 0
github.com/edlitmus/halite/internal/template/parse.go:406.2,407.16 2 1
github.com/edlitmus/halite/internal/template/parse.go:407.16,409.3 1 0
github.com/edlitmus/halite/internal/template/parse.go:410.2,411.22 2 1
github.com/edlitmus/halite/internal/template/parse.go:414.56,417.45 3 1
github.com/edlitmus/halite/internal/template/parse.go:417.45,419.3 1 0
github.com/edlitmus/halite/internal/template/parse.go:420.2,420.6 1 1
github.com/edlitmus/halite/internal/template/parse.go:420.6,421.59 1 1
github.com/edlitmus/halite/internal/template/parse.go:421.59,423.58 2 1
github.com/edlitmus/halite/internal/template/parse.go:423.58,425.5 1 0
github.com/edlitmus/halite/internal/template/parse.go:426.4,427.12 2 1
github.com/edlitmus/halite/internal/template/parse.go:429.3,429.46 1 1
github.com/edlitmus/halite/internal/template/parse.go:429.46,431.12 2 1
github.com/edlitmus/halite/internal/template/parse.go:433.3,433.8 1 1
github.com/edlitmus/halite/internal/template/parse.go:435.2,436.15 2 1
github.com/edlitmus/halite/internal/template/parse.go:441.54,443.66 2 1
github.com/edlitmus/halite/internal/template/parse.go:443.66,445.3 1 1
github.com/edlitmus/halite/internal/template/parse.go:446.2,447.47 2 1
github.com/edlitmus/halite/internal/template/parse.go:447.47,449.3 1 0
github.com/edlitmus/halite/internal/template/parse.go:450.2,451.30 2 1
github.com/edlitmus/halite/internal/template/parse.go:454.55,457.45 3 1
github.com/edlitmus/halite/internal/template/parse.go:457.45,459.3 1 0
github.com/edlitmus/halite/internal/template/parse.go:460.2,460.51 1 1
github.com/edlitmus/halite/internal/template/parse.go:460.51,462.3 1 0
github.com/edlitmus/halite/internal/template/parse.go:463.2,464.16 2 1
github.com/edlitmus/halite/internal/template/parse.go:464.16,466.3 1 0
github.com/edlitmus/halite/internal/template/parse.go:467.2,468.45 2 1
github.com/edlitmus/halite/internal/template/parse.go:468.45,470.3 1 0
github.com/edlitmus/halite/internal/template/parse.go:471.2,472.15 2 1
github.com/edlitmus/halite/internal/template/parse.go:475.59,478.45 3 1
github.com/edlitmus/halite/internal/template/parse.go:478.45,480.3 1 0
github.com/edlitmus/halite/internal/template/parse.go:481.2,481.55 1 1
github.com/edlitmus/halite/internal/template/parse.go:481.55,483.3 1 0
github.com/edlitmus/halite/internal/template/parse.go:484.2,484.6 1 1
github.com/edlitmus/halite/internal/template/parse.go:484.6,485.46 1 1
github.com/edlitmus/halite/internal/template/parse.go:485.46,487.9 2 0
github.com/edlitmus/halite/internal/template/parse.go:489.3,490.17 2 1
github.com/edlitmus/halite/internal/template/parse.go:490.17,492.4 1 0
github.com/edlitmus/halite/internal/template/parse.go:493.3,494.55 2 1
github.com/edlitmus/halite/internal/template/parse.go:494.55,497.18 3 1
github.com/edlitmus/halite/internal/template/parse.go:497.18,499.5 1 0
github.com/edlitmus/halite/internal/template/parse.go:500.4,500.17 1 1
github.com/edlitmus/halite/internal/template/parse.go:502.3,503.28 2 1
github.com/edlitmus/halite/internal/template/parse.go:503.28,504.47 1 1
github.com/edlitmus/halite/internal/template/parse.go:504.47,506.5 1 0
github.com/edlitmus/halite/internal/template/parse.go:507.4,507.9 1 1
github.com/edlitmus/halite/internal/template/parse.go:510.2,511.15 2 1
github.com/edlitmus/halite/internal/template/parse.go:514.56,517.45 3 1
github.com/edlitmus/halite/internal/template/parse.go:517.45,519.3 1 0
github.com/edlitmus/halite/internal/template/parse.go:520.2,521.15 2 1
github.com/edlitmus/halite/internal/template/parse.go:524.54,526.16 2 1
github.com/edlitmus/halite/internal/template/parse.go:526.16,528.3 1 0
github.com/edlitmus/halite/internal/template/parse.go:529.2,530.58 2 1
github.com/edlitmus/halite/internal/template/parse.go:530.58,533.3 2 0
github.com/edlitmus/halite/internal/template/parse.go:534.2,534.51 1 1
github.com/edlitmus/halite/internal/template/parse.go:534.51,536.3 1 0
github.com/edlitmus/halite/internal/template/parse.go:537.2,538.16 2 1
github.com/edlitmus/halite/internal/template/parse.go:538.16,540.3 1 0
github.com/edlitmus/halite/internal/template/parse.go:541.2,543.53 2 1
github.com/edlitmus/halite/internal/template/parse.go:543.53,545.3 1 0
github.com/edlitmus/halite/internal/template/parse.go:546.2,547.30 2 1
github.com/edlitmus/halite/internal/template/parse.go:547.30,549.28 2 1
github.com/edlitmus/halite/internal/template/parse.go:549.28,551.4 1 1
github.com/edlitmus/halite/internal/template/parse.go:553.2,554.15 2 1
github.com/edlitmus/halite/internal/template/parse.go:557.55,560.16 3 1
github.com/edlitmus/halite/internal/template/parse.go:560.16,562.3 1 0
github.com/edlitmus/halite/internal/template/parse.go:563.2,564.51 2 1
github.com/edlitmus/halite/internal/template/parse.go:564.51,566.3 1 0
github.com/edlitmus/halite/internal/template/parse.go:567.2,568.16 2 1
github.com/edlitmus/halite/internal/template/parse.go:568.16,570.3 1 0
github.com/edlitmus/halite/internal/template/parse.go:571.2,572.22 2 1
github.com/edlitmus/halite/internal/template/parse.go:575.51,577.16 2 1
github.com/edlitmus/halite/internal/template/parse.go:577.16,579.3 1 0
github.com/edlitmus/halite/internal/template/parse.go:580.2,580.51 1 1
github.com/edlitmus/halite/internal/template/parse.go:580.51,582.3 1 0
github.com/edlitmus/halite/internal/template/parse.go:583.2,583.41 1 1
github.com/edlitmus/halite/internal/template/parse.go:586.53,588.31 2 1
github.com/edlitmus/halite/internal/template/parse.go:588.31,590.49 2 1
github.com/edlitmus/halite/internal/template/parse.go:590.49,592.4 1 0
github.com/edlitmus/halite/internal/template/parse.go:593.3,594.17 2 1
github.com/edlitmus/halite/internal/template/parse.go:594.17,596.4 1 0
github.com/edlitmus/halite/internal/template/parse.go:597.3,599.28 3 1
github.com/edlitmus/halite/internal/template/parse.go:599.28,600.9 1 1
github.com/edlitmus/halite/internal/template/parse.go:603.2,603.51 1 1
github.com/edlitmus/halite/internal/template/parse.go:603.51,605.3 1 0
github.com/edlitmus/halite/internal/template/parse.go:606.2,607.16 2 1
github.com/edlitmus/halite/internal/template/parse.go:607.16,609.3 1 0
github.com/edlitmus/halite/internal/template/parse.go:610.2,611.22 2 1
github.com/edlitmus/halite/internal/template/parse.go:614.59,615.41 1 0
github.com/edlitmus/halite/internal/template/parse.go:615.41,617.3 1 0
github.com/edlitmus/halite/internal/template/parse.go:618.2,618.51 1 0
github.com/edlitmus/halite/internal/template/parse.go:618.51,620.3 1 0
github.com/edlitmus/halite/internal/template/parse.go:621.2,622.16 2 0
github.com/edlitmus/halite/internal/template/parse.go:622.16,624.3 1 0
github.com/edlitmus/halite/internal/template/parse.go:625.2,625.59 1 0
github.com/edlitmus/halite/internal/template/parse_expr.go:25.44,25.75 1 1
github.com/edlitmus/halite/internal/template/parse_expr.go:27.51,29.16 2 1
github.com/edlitmus/halite/internal/template/parse_expr.go:29.16,31.3 1 1
github.com/edlitmus/halite/internal/template/parse_expr.go:32.2,32.54 1 1
github.com/edlitmus/halite/internal/template/parse_expr.go:32.54,34.3 1 1
github.com/edlitmus/halite/internal/template/parse_expr.go:35.2,37.16 3 1
github.com/edlitmus/halite/internal/template/parse_expr.go:37.16,39.3 1 0
github.com/edlitmus/halite/internal/template/parse_expr.go:40.2,41.56 2 1
github.com/edlitmus/halite/internal/template/parse_expr.go:41.56,44.17 3 1
github.com/edlitmus/halite/internal/template/parse_expr.go:44.17,46.4 1 0
github.com/edlitmus/halite/internal/template/parse_expr.go:48.2,48.15 1 1
github.com/edlitmus/halite/internal/template/parse_expr.go:51.42,53.16 2 1
github.com/edlitmus/halite/internal/template/parse_expr.go:53.16,55.3 1 1
github.com/edlitmus/halite/internal/template/parse_expr.go:56.2,56.55 1 1
github.com/edlitmus/halite/internal/template/parse_expr.go:56.55,59.17 3 1
github.com/edlitmus/halite/internal/template/parse_expr.go:59.17,61.4 1 0
github.com/edlitmus/halite/internal/template/parse_expr.go:62.3,62.45 1 1
github.com/edlitmus/halite/internal/template/parse_expr.go:64.2,64.15 1 1
github.com/edlitmus/halite/internal/template/parse_expr.go:67.43,69.16 2 1
github.com/edlitmus/halite/internal/template/parse_expr.go:69.16,71.3 1 1
github.com/edlitmus/halite/internal/template/parse_expr.go:72.2,72.56 1 1
github.com/edlitmus/halite/internal/template/parse_expr.go:72.56,75.17 3 1
github.com/edlitmus/halite/internal/template/parse_expr.go:75.17,77.4 1 0
github.com/edlitmus/halite/internal/template/parse_expr.go:78.3,78.46 1 1
github.com/edlitmus/halite/internal/template/parse_expr.go:80.2,80.15 1 1
github.com/edlitmus/halite/internal/template/parse_expr.go:83.43,84.55 1 1
github.com/edlitmus/halite/internal/template/parse_expr.go:84.55,87.17 3 1
github.com/edlitmus/halite/internal/template/parse_expr.go:87.17,89.4 1 0
github.com/edlitmus/halite/internal/template/parse_expr.go:90.3,90.50 1 1
github.com/edlitmus/halite/internal/template/parse_expr.go:92.2,92.28 1 1
github.com/edlitmus/halite/internal/template/parse_expr.go:95.50,97.16 2 1
github.com/edlitmus/halite/internal/template/parse_expr.go:97.16,99.3 1 1
github.com/edlitmus/halite/internal/template/parse_expr.go:100.2,100.6 1 1
github.com/edlitmus/halite/internal/template/parse_expr.go:100.6,102.10 2 1
github.com/edlitmus/halite/internal/template/parse_expr.go:104.52,107.18 3 1
github.com/edlitmus/halite/internal/template/parse_expr.go:107.18,109.5 1 0
github.com/edlitmus/halite/internal/template/parse_expr.go:110.4,110.49 1 1
github.com/edlitmus/halite/internal/template/parse_expr.go:112.43,115.18 3 1
github.com/edlitmus/halite/internal/template/parse_expr.go:115.18,117.5 1 0
github.com/edlitmus/halite/internal/template/parse_expr.go:118.4,118.48 1 1
github.com/edlitmus/halite/internal/template/parse_expr.go:121.63,124.18 3 1
github.com/edlitmus/halite/internal/template/parse_expr.go:124.18,126.5 1 0
github.com/edlitmus/halite/internal/template/parse_expr.go:127.4,127.84 1 1
github.com/edlitmus/halite/internal/template/parse_expr.go:129.43,132.18 3 1
github.com/edlitmus/halite/internal/template/parse_expr.go:132.18,134.5 1 0
github.com/edlitmus/halite/internal/template/parse_expr.go:136.11,137.17 1 1
github.com/edlitmus/halite/internal/template/parse_expr.go:143.61,145.55 2 1
github.com/edlitmus/halite/internal/template/parse_expr.go:145.55,148.3 2 1
github.com/edlitmus/halite/internal/template/parse_expr.go:149.2,150.9 2 1
github.com/edlitmus/halite/internal/template/parse_expr.go:151.25,153.17 2 1
github.com/edlitmus/halite/internal/template/parse_expr.go:154.10,155.76 1 0
github.com/edlitmus/halite/internal/template/parse_expr.go:160.2,160.51 1 1
github.com/edlitmus/halite/internal/template/parse_expr.go:160.51,162.29 2 1
github.com/edlitmus/halite/internal/template/parse_expr.go:162.29,164.18 2 1
github.com/edlitmus/halite/internal/template/parse_expr.go:164.18,166.5 1 0
github.com/edlitmus/halite/internal/template/parse_expr.go:167.4,168.29 2 1
github.com/edlitmus/halite/internal/template/parse_expr.go:168.29,169.51 1 1
github.com/edlitmus/halite/internal/template/parse_expr.go:169.51,171.6 1 0
github.com/edlitmus/halite/internal/template/parse_expr.go:172.5,172.10 1 1
github.com/edlitmus/halite/internal/template/parse_expr.go:175.3,175.16 1 1
github.com/edlitmus/halite/internal/template/parse_expr.go:177.2,177.61 1 1
github.com/edlitmus/halite/internal/template/parse_expr.go:177.61,179.17 2 1
github.com/edlitmus/halite/internal/template/parse_expr.go:179.17,181.4 1 0
github.com/edlitmus/halite/internal/template/parse_expr.go:182.3,182.29 1 1
github.com/edlitmus/halite/internal/template/parse_expr.go:184.2,184.15 1 1
github.com/edlitmus/halite/internal/template/parse_expr.go:189.42,190.14 1 1
github.com/edlitmus/halite/internal/template/parse_expr.go:192.54,193.14 1 1
github.com/edlitmus/halite/internal/template/parse_expr.go:195.2,195.14 1 1
github.com/edlitmus/halite/internal/template/parse_expr.go:198.37,199.16 1 1
github.com/edlitmus/halite/internal/template/parse_expr.go:200.15,201.16 1 0
github.com/edlitmus/halite/internal/template/parse_expr.go:202.66,203.16 1 0
github.com/edlitmus/halite/internal/template/parse_expr.go:205.3,205.14 1 0
github.com/edlitmus/halite/internal/template/parse_expr.go:206.35,207.14 1 1
github.com/edlitmus/halite/internal/template/parse_expr.go:208.13,209.70 1 1
github.com/edlitmus/halite/internal/template/parse_expr.go:211.2,211.14 1 0
github.com/edlitmus/halite/internal/template/parse_expr.go:214.46,216.16 2 1
github.com/edlitmus/halite/internal/template/parse_expr.go:216.16,218.3 1 1
github.com/edlitmus/halite/internal/template/parse_expr.go:219.2,219.52 1 1
github.com/edlitmus/halite/internal/template/parse_expr.go:219.52,222.17 3 1
github.com/edlitmus/halite/internal/template/parse_expr.go:222.17,224.4 1 0
github.com/edlitmus/halite/internal/template/parse_expr.go:225.3,225.44 1 1
github.com/edlitmus/halite/internal/template/parse_expr.go:227.2,227.15 1 1
github.com/edlitmus/halite/internal/template/parse_expr.go:230.48,232.16 2 1
github.com/edlitmus/halite/internal/template/parse_expr.go:232.16,234.3 1 0
github.com/edlitmus/halite/internal/template/parse_expr.go:235.2,235.77 1 1
github.com/edlitmus/halite/internal/template/parse_expr.go:235.77,238.17 3 1
github.com/edlitmus/halite/internal/template/parse_expr.go:238.17,240.4 1 1
github.com/edlitmus/halite/internal/template/parse_expr.go:241.3,241.48 1 1
github.com/edlitmus/halite/internal/template/parse_expr.go:243.2,243.15 1 1
github.com/edlitmus/halite/internal/template/parse_expr.go:246.54,248.16 2 1
github.com/edlitmus/halite/internal/template/parse_expr.go:248.16,250.3 1 1
github.com/edlitmus/halite/internal/template/parse_expr.go:251.2,251.29 1 1
github.com/edlitmus/halite/internal/template/parse_expr.go:251.29,253.52 2 1
github.com/edlitmus/halite/internal/template/parse_expr.go:253.52,254.9 1 1
github.com/edlitmus/halite/internal/template/parse_expr.go:256.3,258.17 3 1
github.com/edlitmus/halite/internal/template/parse_expr.go:258.17,260.4 1 0
github.com/edlitmus/halite/internal/template/parse_expr.go:261.3,261.48 1 1
github.com/edlitmus/halite/internal/template/parse_expr.go:263.2,263.15 1 1
github.com/edlitmus/halite/internal/template/parse_expr.go:266.45,266.81 1 1
github.com/edlitmus/halite/internal/template/parse_expr.go:272.67,273.76 1 1
github.com/edlitmus/halite/internal/template/parse_expr.go:273.76,276.17 3 1
github.com/edlitmus/halite/internal/template/parse_expr.go:276.17,278.4 1 0
github.com/edlitmus/halite/internal/template/parse_expr.go:279.3,280.19 2 1
github.com/edlitmus/halite/internal/template/parse_expr.go:280.19,282.4 1 1
github.com/edlitmus/halite/internal/template/parse_expr.go:283.3,283.17 1 1
github.com/edlitmus/halite/internal/template/parse_expr.go:283.17,285.4 1 1
github.com/edlitmus/halite/internal/template/parse_expr.go:286.3,286.19 1 0
github.com/edlitmus/halite/internal/template/parse_expr.go:288.2,289.16 2 1
github.com/edlitmus/halite/internal/template/parse_expr.go:289.16,291.3 1 1
github.com/edlitmus/halite/internal/template/parse_expr.go:292.2,292.16 1 1
github.com/edlitmus/halite/internal/template/parse_expr.go:292.16,294.3 1 1
github.com/edlitmus/halite/internal/template/parse_expr.go:295.2,295.15 1 1
github.com/edlitmus/halite/internal/template/parse_expr.go:300.61,301.52 1 1
github.com/edlitmus/halite/internal/template/parse_expr.go:301.52,304.49 3 1
github.com/edlitmus/halite/internal/template/parse_expr.go:304.49,306.4 1 0
github.com/edlitmus/halite/internal/template/parse_expr.go:308.2,308.15 1 1
github.com/edlitmus/halite/internal/template/parse_expr.go:311.45,313.16 2 1
github.com/edlitmus/halite/internal/template/parse_expr.go:313.16,315.3 1 1
github.com/edlitmus/halite/internal/template/parse_expr.go:316.2,316.52 1 1
github.com/edlitmus/halite/internal/template/parse_expr.go:316.52,320.17 3 1
github.com/edlitmus/halite/internal/template/parse_expr.go:320.17,322.4 1 0
github.com/edlitmus/halite/internal/template/parse_expr.go:323.3,323.55 1 1
github.com/edlitmus/halite/internal/template/parse_expr.go:325.2,325.15 1 1
github.com/edlitmus/halite/internal/template/parse_expr.go:328.47,330.16 2 1
github.com/edlitmus/halite/internal/template/parse_expr.go:330.16,332.3 1 1
github.com/edlitmus/halite/internal/template/parse_expr.go:333.2,333.6 1 1
github.com/edlitmus/halite/internal/template/parse_expr.go:333.6,335.22 2 1
github.com/edlitmus/halite/internal/template/parse_expr.go:335.22,337.4 1 1
github.com/edlitmus/halite/internal/template/parse_expr.go:338.3,338.16 1 1
github.com/edlitmus/halite/internal/template/parse_expr.go:339.12,342.57 3 1
github.com/edlitmus/halite/internal/template/parse_expr.go:342.57,344.5 1 0
github.com/edlitmus/halite/internal/template/parse_expr.go:345.4,346.50 2 1
github.com/edlitmus/halite/internal/template/parse_expr.go:347.12,350.18 3 1
github.com/edlitmus/halite/internal/template/parse_expr.go:350.18,352.5 1 0
github.com/edlitmus/halite/internal/template/parse_expr.go:353.12,356.18 3 1
github.com/edlitmus/halite/internal/template/parse_expr.go:356.18,358.5 1 0
github.com/edlitmus/halite/internal/template/parse_expr.go:359.11,360.17 1 1
github.com/edlitmus/halite/internal/template/parse_expr.go:365.66,372.27 3 1
github.com/edlitmus/halite/internal/template/parse_expr.go:372.27,373.77 1 1
github.com/edlitmus/halite/internal/template/parse_expr.go:373.77,376.4 2 1
github.com/edlitmus/halite/internal/template/parse_expr.go:377.3,378.17 2 1
github.com/edlitmus/halite/internal/template/parse_expr.go:378.17,380.4 1 0
github.com/edlitmus/halite/internal/template/parse_expr.go:381.3,382.13 2 1
github.com/edlitmus/halite/internal/template/parse_expr.go:385.2,385.35 1 1
github.com/edlitmus/halite/internal/template/parse_expr.go:385.35,387.3 1 0
github.com/edlitmus/halite/internal/template/parse_expr.go:388.2,388.52 1 1
github.com/edlitmus/halite/internal/template/parse_expr.go:388.52,391.17 3 1
github.com/edlitmus/halite/internal/template/parse_expr.go:391.17,393.4 1 0
github.com/edlitmus/halite/internal/template/parse_expr.go:394.3,394.36 1 1
github.com/edlitmus/halite/internal/template/parse_expr.go:394.36,396.4 1 0
github.com/edlitmus/halite/internal/template/parse_expr.go:398.2,398.48 1 1
github.com/edlitmus/halite/internal/template/parse_expr.go:398.48,400.3 1 0
github.com/edlitmus/halite/internal/template/parse_expr.go:402.2,402.17 1 1
github.com/edlitmus/halite/internal/template/parse_expr.go:402.17,404.3 1 1
github.com/edlitmus/halite/internal/template/parse_expr.go:405.2,406.20 2 1
github.com/edlitmus/halite/internal/template/parse_expr.go:406.20,408.3 1 1
github.com/edlitmus/halite/internal/template/parse_expr.go:409.2,409.20 1 1
github.com/edlitmus/halite/internal/template/parse_expr.go:409.20,411.3 1 1
github.com/edlitmus/halite/internal/template/parse_expr.go:412.2,412.16 1 1
github.com/edlitmus/halite/internal/template/parse_expr.go:415.64,417.28 2 1
github.com/edlitmus/halite/internal/template/parse_expr.go:417.28,419.53 1 1
github.com/edlitmus/halite/internal/template/parse_expr.go:419.53,422.18 3 0
github.com/edlitmus/halite/internal/template/parse_expr.go:422.18,424.5 1 0
github.com/edlitmus/halite/internal/template/parse_expr.go:425.4,426.14 2 0
github.com/edlitmus/halite/internal/template/parse_expr.go:428.3,428.52 1 1
github.com/edlitmus/halite/internal/template/parse_expr.go:428.52,431.18 3 0
github.com/edlitmus/halite/internal/template/parse_expr.go:431.18,433.5 1 0
github.com/edlitmus/halite/internal/template/parse_expr.go:434.4,435.14 2 0
github.com/edlitmus/halite/internal/template/parse_expr.go:439.3,439.90 1 1
github.com/edlitmus/halite/internal/template/parse_expr.go:439.90,443.18 4 1
github.com/edlitmus/halite/internal/template/parse_expr.go:443.18,445.5 1 0
github.com/edlitmus/halite/internal/template/parse_expr.go:446.4,447.14 2 1
github.com/edlitmus/halite/internal/template/parse_expr.go:449.3,451.18 2 1
github.com/edlitmus/halite/internal/template/parse_expr.go:451.18,453.5 1 0
github.com/edlitmus/halite/internal/template/parse_expr.go:454.4,454.30 1 1
github.com/edlitmus/halite/internal/template/parse_expr.go:457.3,457.28 1 1
github.com/edlitmus/halite/internal/template/parse_expr.go:457.28,458.50 1 1
github.com/edlitmus/halite/internal/template/parse_expr.go:458.50,460.5 1 0
github.com/edlitmus/halite/internal/template/parse_expr.go:461.4,461.9 1 1
github.com/edlitmus/halite/internal/template/parse_expr.go:464.2,464.15 1 1
github.com/edlitmus/halite/internal/template/parse_expr.go:469.59,471.16 2 1
github.com/edlitmus/halite/internal/template/parse_expr.go:471.16,473.3 1 0
github.com/edlitmus/halite/internal/template/parse_expr.go:474.2,475.51 2 1
github.com/edlitmus/halite/internal/template/parse_expr.go:475.51,478.17 3 1
github.com/edlitmus/halite/internal/template/parse_expr.go:478.17,480.4 1 0
github.com/edlitmus/halite/internal/template/parse_expr.go:481.3,482.38 2 1
github.com/edlitmus/halite/internal/template/parse_expr.go:484.2,484.15 1 1
github.com/edlitmus/halite/internal/template/parse_expr.go:487.47,489.16 2 1
github.com/edlitmus/halite/internal/template/parse_expr.go:490.17,494.34 3 1
github.com/edlitmus/halite/internal/template/parse_expr.go:494.34,496.4 1 0
github.com/edlitmus/halite/internal/template/parse_expr.go:497.3,497.47 1 1
github.com/edlitmus/halite/internal/template/parse_expr.go:499.14,501.51 2 1
github.com/edlitmus/halite/internal/template/parse_expr.go:503.16,505.51 2 1
github.com/edlitmus/halite/internal/template/parse_expr.go:507.15,508.16 1 1
github.com/edlitmus/halite/internal/template/parse_expr.go:509.23,511.51 2 1
github.com/edlitmus/halite/internal/template/parse_expr.go:512.25,514.52 2 1
github.com/edlitmus/halite/internal/template/parse_expr.go:515.23,517.50 2 1
github.com/edlitmus/halite/internal/template/parse_expr.go:519.3,520.48 2 1
github.com/edlitmus/halite/internal/template/parse_expr.go:522.13,523.16 1 1
github.com/edlitmus/halite/internal/template/parse_expr.go:524.12,526.28 2 1
github.com/edlitmus/halite/internal/template/parse_expr.go:526.28,528.5 1 0
github.com/edlitmus/halite/internal/template/parse_expr.go:529.4,530.18 2 1
github.com/edlitmus/halite/internal/template/parse_expr.go:530.18,532.5 1 0
github.com/edlitmus/halite/internal/template/parse_expr.go:533.4,533.53 1 1
github.com/edlitmus/halite/internal/template/parse_expr.go:533.53,535.30 2 1
github.com/edlitmus/halite/internal/template/parse_expr.go:535.30,536.55 1 1
github.com/edlitmus/halite/internal/template/parse_expr.go:536.55,537.12 1 0
github.com/edlitmus/halite/internal/template/parse_expr.go:539.6,540.20 2 1
github.com/edlitmus/halite/internal/template/parse_expr.go:540.20,542.7 1 0
github.com/edlitmus/halite/internal/template/parse_expr.go:543.6,543.30 1 1
github.com/edlitmus/halite/internal/template/parse_expr.go:545.5,545.51 1 1
github.com/edlitmus/halite/internal/template/parse_expr.go:545.51,547.6 1 0
github.com/edlitmus/halite/internal/template/parse_expr.go:548.5,548.51 1 1
github.com/edlitmus/halite/internal/template/parse_expr.go:550.4,550.50 1 1
github.com/edlitmus/halite/internal/template/parse_expr.go:550.50,552.5 1 0
github.com/edlitmus/halite/internal/template/parse_expr.go:553.4,553.17 1 1
github.com/edlitmus/halite/internal/template/parse_expr.go:555.12,558.30 3 1
github.com/edlitmus/halite/internal/template/parse_expr.go:558.30,560.19 2 1
github.com/edlitmus/halite/internal/template/parse_expr.go:560.19,562.6 1 0
github.com/edlitmus/halite/internal/template/parse_expr.go:563.5,564.30 2 1
github.com/edlitmus/halite/internal/template/parse_expr.go:564.30,565.52 1 1
github.com/edlitmus/halite/internal/template/parse_expr.go:565.52,567.7 1 0
github.com/edlitmus/halite/internal/template/parse_expr.go:568.6,568.11 1 1
github.com/edlitmus/halite/internal/template/parse_expr.go:571.4,571.17 1 1
github.com/edlitmus/halite/internal/template/parse_expr.go:573.12,576.30 3 1
github.com/edlitmus/halite/internal/template/parse_expr.go:576.30,578.19 2 1
github.com/edlitmus/halite/internal/template/parse_expr.go:578.19,580.6 1 0
github.com/edlitmus/halite/internal/template/parse_expr.go:581.5,581.51 1 1
github.com/edlitmus/halite/internal/template/parse_expr.go:581.51,583.6 1 0
github.com/edlitmus/halite/internal/template/parse_expr.go:584.5,585.19 2 1
github.com/edlitmus/halite/internal/template/parse_expr.go:585.19,587.6 1 0
github.com/edlitmus/halite/internal/template/parse_expr.go:588.5,590.30 3 1
github.com/edlitmus/halite/internal/template/parse_expr.go:590.30,591.52 1 1
github.com/edlitmus/halite/internal/template/parse_expr.go:591.52,593.7 1 0
github.com/edlitmus/halite/internal/template/parse_expr.go:594.6,594.11 1 1
github.com/edlitmus/halite/internal/template/parse_expr.go:597.4,597.17 1 1
github.com/edlitmus/halite/internal/template/parse_expr.go:600.2,600.64 1 1
github.com/edlitmus/halite/internal/template/runtime.go:29.36,29.49 1 0
github.com/edlitmus/halite/internal/template/runtime.go:31.38,32.18 1 1
github.com/edlitmus/halite/internal/template/runtime.go:32.18,34.3 1 1
github.com/edlitmus/halite/internal/template/runtime.go:35.2,35.47 1 1
github.com/edlitmus/halite/internal/template/runtime.go:39.30,39.67 2 1
github.com/edlitmus/halite/internal/template/runtime.go:53.73,55.2 1 1
github.com/edlitmus/halite/internal/template/runtime.go:69.36,69.66 1 0
github.com/edlitmus/halite/internal/template/runtime.go:78.58,79.21 1 0
github.com/edlitmus/halite/internal/template/runtime.go:79.21,81.3 1 0
github.com/edlitmus/halite/internal/template/runtime.go:82.2,82.52 1 0
github.com/edlitmus/halite/internal/template/runtime.go:85.78,86.21 1 0
github.com/edlitmus/halite/internal/template/runtime.go:86.21,88.3 1 0
github.com/edlitmus/halite/internal/template/runtime.go:89.2,89.49 1 0
github.com/edlitmus/halite/internal/template/runtime.go:96.32,96.73 1 1
github.com/edlitmus/halite/internal/template/runtime.go:117.72,118.34 1 1
github.com/edlitmus/halite/internal/template/runtime.go:118.34,120.3 1 0
github.com/edlitmus/halite/internal/template/runtime.go:121.2,121.25 1 1
github.com/edlitmus/halite/internal/template/runtime.go:122.21,123.28 1 0
github.com/edlitmus/halite/internal/template/runtime.go:124.18,125.33 1 1
github.com/edlitmus/halite/internal/template/runtime.go:125.33,127.4 1 1
github.com/edlitmus/halite/internal/template/runtime.go:128.3,128.81 1 0
github.com/edlitmus/halite/internal/template/runtime.go:129.17,130.27 1 1
github.com/edlitmus/halite/internal/template/runtime.go:131.14,132.21 1 0
github.com/edlitmus/halite/internal/template/runtime.go:132.21,134.4 1 0
github.com/edlitmus/halite/internal/template/runtime.go:137.2,137.36 1 1
github.com/edlitmus/halite/internal/template/runtime.go:137.36,139.3 1 1
github.com/edlitmus/halite/internal/template/runtime.go:140.2,141.8 2 1
github.com/edlitmus/halite/internal/template/runtime.go:141.8,143.3 1 1
github.com/edlitmus/halite/internal/template/runtime.go:144.2,144.111 1 1
github.com/edlitmus/halite/internal/template/runtime.go:148.64,149.34 1 1
github.com/edlitmus/halite/internal/template/runtime.go:149.34,151.3 1 0
github.com/edlitmus/halite/internal/template/runtime.go:152.2,152.34 1 1
github.com/edlitmus/halite/internal/template/runtime.go:152.34,154.3 1 0
github.com/edlitmus/halite/internal/template/runtime.go:155.2,155.39 1 1
github.com/edlitmus/halite/internal/template/runtime.go:155.39,156.32 1 0
github.com/edlitmus/halite/internal/template/runtime.go:156.32,158.4 1 0
github.com/edlitmus/halite/internal/template/runtime.go:161.2,161.25 1 1
github.com/edlitmus/halite/internal/template/runtime.go:162.13,163.36 1 1
github.com/edlitmus/halite/internal/template/runtime.go:164.11,165.31 1 0
github.com/edlitmus/halite/internal/template/runtime.go:167.2,167.34 1 1
github.com/edlitmus/halite/internal/template/runtime.go:167.34,169.3 1 1
github.com/edlitmus/halite/internal/template/runtime.go:170.2,170.122 1 0
github.com/edlitmus/halite/internal/template/runtime.go:173.53,174.25 1 1
github.com/edlitmus/halite/internal/template/runtime.go:175.13,176.12 1 1
github.com/edlitmus/halite/internal/template/runtime.go:176.12,178.4 1 1
github.com/edlitmus/halite/internal/template/runtime.go:179.3,179.27 1 1
github.com/edlitmus/halite/internal/template/runtime.go:179.27,181.4 1 0
github.com/edlitmus/halite/internal/template/runtime.go:182.3,182.19 1 1
github.com/edlitmus/halite/internal/template/runtime.go:183.14,185.12 2 0
github.com/edlitmus/halite/internal/template/runtime.go:185.12,187.4 1 0
github.com/edlitmus/halite/internal/template/runtime.go:188.3,188.28 1 0
github.com/edlitmus/halite/internal/template/runtime.go:188.28,190.4 1 0
github.com/edlitmus/halite/internal/template/runtime.go:191.3,191.28 1 0
github.com/edlitmus/halite/internal/template/runtime.go:193.2,193.39 1 0
github.com/edlitmus/halite/internal/template/runtime.go:193.39,195.3 1 0
github.com/edlitmus/halite/internal/template/runtime.go:196.2,196.112 1 0
github.com/edlitmus/halite/internal/template/runtime.go:200.38,201.25 1 1
github.com/edlitmus/halite/internal/template/runtime.go:202.18,203.34 1 1
github.com/edlitmus/halite/internal/template/runtime.go:204.22,206.10 2 0
github.com/edlitmus/halite/internal/template/runtime.go:206.10,208.4 1 0
github.com/edlitmus/halite/internal/template/runtime.go:209.3,210.15 2 0
github.com/edlitmus/halite/internal/template/runtime.go:212.2,212.19 1 0
github.com/edlitmus/halite/internal/template/runtime.go:217.30,218.26 1 1
github.com/edlitmus/halite/internal/template/runtime.go:218.26,220.3 1 0
github.com/edlitmus/halite/internal/template/runtime.go:221.2,221.10 1 1
github.com/edlitmus/halite/internal/template/runtime.go:224.60,225.14 1 1
github.com/edlitmus/halite/internal/template/runtime.go:226.15,227.34 1 1
github.com/edlitmus/halite/internal/template/runtime.go:228.16,229.30 1 1
github.com/edlitmus/halite/internal/template/runtime.go:230.18,231.41 1 1
github.com/edlitmus/halite/internal/template/runtime.go:232.19,233.45 1 1
github.com/edlitmus/halite/internal/template/runtime.go:234.15,235.28 1 1
github.com/edlitmus/halite/internal/template/runtime.go:236.14,237.37 1 1
github.com/edlitmus/halite/internal/template/runtime.go:238.16,239.30 1 1
github.com/edlitmus/halite/internal/template/runtime.go:240.15,241.34 1 1
github.com/edlitmus/halite/internal/template/runtime.go:242.16,243.30 1 0
github.com/edlitmus/halite/internal/template/runtime.go:244.18,245.20 1 1
github.com/edlitmus/halite/internal/template/runtime.go:245.20,247.4 1 0
github.com/edlitmus/halite/internal/template/runtime.go:248.3,248.34 1 1
github.com/edlitmus/halite/internal/template/runtime.go:249.18,250.29 1 1
github.com/edlitmus/halite/internal/template/runtime.go:250.29,252.4 1 0
github.com/edlitmus/halite/internal/template/runtime.go:253.3,253.34 1 1
github.com/edlitmus/halite/internal/template/runtime.go:254.15,255.82 1 1
github.com/edlitmus/halite/internal/template/runtime.go:255.82,256.22 1 1
github.com/edlitmus/halite/internal/template/runtime.go:256.22,258.5 1 0
github.com/edlitmus/halite/internal/template/runtime.go:259.4,259.40 1 1
github.com/edlitmus/halite/internal/template/runtime.go:261.17,262.84 1 1
github.com/edlitmus/halite/internal/template/runtime.go:262.84,264.22 2 1
github.com/edlitmus/halite/internal/template/runtime.go:264.22,266.5 1 1
github.com/edlitmus/halite/internal/template/runtime.go:266.10,268.5 1 0
github.com/edlitmus/halite/internal/template/runtime.go:269.4,271.21 3 1
github.com/edlitmus/halite/internal/template/runtime.go:273.14,274.23 1 0
github.com/edlitmus/halite/internal/template/runtime.go:274.23,276.4 1 0
github.com/edlitmus/halite/internal/template/runtime.go:277.3,277.76 1 0
github.com/edlitmus/halite/internal/template/runtime.go:277.76,278.22 1 0
github.com/edlitmus/halite/internal/template/runtime.go:278.22,280.5 1 0
github.com/edlitmus/halite/internal/template/runtime.go:281.4,281.29 1 0
github.com/edlitmus/halite/internal/template/runtime.go:284.2,284.104 1 0
github.com/edlitmus/halite/internal/template/runtime.go:289.95,290.24 1 1
github.com/edlitmus/halite/internal/template/runtime.go:291.17,292.39 1 0
github.com/edlitmus/halite/internal/template/runtime.go:293.16,295.17 2 1
github.com/edlitmus/halite/internal/template/runtime.go:295.17,296.33 1 1
github.com/edlitmus/halite/internal/template/runtime.go:296.33,298.5 1 0
github.com/edlitmus/halite/internal/template/runtime.go:299.4,299.62 1 1
github.com/edlitmus/halite/internal/template/runtime.go:301.3,301.16 1 1
github.com/edlitmus/halite/internal/template/runtime.go:302.17,303.23 1 1
github.com/edlitmus/halite/internal/template/runtime.go:303.23,305.4 1 0
github.com/edlitmus/halite/internal/template/runtime.go:306.3,306.21 1 1
github.com/edlitmus/halite/internal/template/runtime.go:306.21,308.4 1 0
github.com/edlitmus/halite/internal/template/runtime.go:309.3,309.28 1 1
github.com/edlitmus/halite/internal/template/runtime.go:311.2,311.61 1 0
github.com/edlitmus/halite/internal/template/runtime.go:316.71,317.12 1 1
github.com/edlitmus/halite/internal/template/runtime.go:318.11,319.49 1 1
github.com/edlitmus/halite/internal/template/runtime.go:320.12,321.30 1 1
github.com/edlitmus/halite/internal/template/runtime.go:324.2,324.32 1 1
github.com/edlitmus/halite/internal/template/runtime.go:324.32,326.3 1 0
github.com/edlitmus/halite/internal/template/runtime.go:327.2,327.33 1 1
github.com/edlitmus/halite/internal/template/runtime.go:327.33,329.3 1 0
github.com/edlitmus/halite/internal/template/runtime.go:331.2,331.12 1 1
github.com/edlitmus/halite/internal/template/runtime.go:332.12,333.33 1 1
github.com/edlitmus/halite/internal/template/runtime.go:334.12,335.34 1 0
github.com/edlitmus/halite/internal/template/runtime.go:336.28,338.17 2 1
github.com/edlitmus/halite/internal/template/runtime.go:338.17,340.4 1 0
github.com/edlitmus/halite/internal/template/runtime.go:341.3,341.13 1 1
github.com/edlitmus/halite/internal/template/runtime.go:342.12,343.21 1 0
github.com/edlitmus/halite/internal/template/runtime.go:344.13,345.22 1 0
github.com/edlitmus/halite/internal/template/runtime.go:346.12,347.21 1 1
github.com/edlitmus/halite/internal/template/runtime.go:348.11,349.22 1 0
github.com/edlitmus/halite/internal/template/runtime.go:355.2,355.15 1 1
github.com/edlitmus/halite/internal/template/runtime.go:355.15,356.31 1 1
github.com/edlitmus/halite/internal/template/runtime.go:356.31,358.11 2 1
github.com/edlitmus/halite/internal/template/runtime.go:358.11,360.5 1 1
github.com/edlitmus/halite/internal/template/runtime.go:361.4,361.23 1 0
github.com/edlitmus/halite/internal/template/runtime.go:363.3,363.30 1 1
github.com/edlitmus/halite/internal/template/runtime.go:363.30,365.11 2 1
github.com/edlitmus/halite/internal/template/runtime.go:365.11,367.5 1 0
github.com/edlitmus/halite/internal/template/runtime.go:368.4,369.49 2 1
github.com/edlitmus/halite/internal/template/runtime.go:374.2,374.15 1 1
github.com/edlitmus/halite/internal/template/runtime.go:374.15,375.31 1 1
github.com/edlitmus/halite/internal/template/runtime.go:375.31,377.11 2 1
github.com/edlitmus/halite/internal/template/runtime.go:377.11,379.5 1 0
github.com/edlitmus/halite/internal/template/runtime.go:380.4,380.13 1 1
github.com/edlitmus/halite/internal/template/runtime.go:380.13,382.5 1 0
github.com/edlitmus/halite/internal/template/runtime.go:383.4,383.50 1 1
github.com/edlitmus/halite/internal/template/runtime.go:383.50,385.5 1 0
github.com/edlitmus/halite/internal/template/runtime.go:386.4,386.42 1 1
github.com/edlitmus/halite/internal/template/runtime.go:388.3,388.30 1 1
github.com/edlitmus/halite/internal/template/runtime.go:388.30,390.11 2 0
github.com/edlitmus/halite/internal/template/runtime.go:390.11,392.5 1 0
github.com/edlitmus/halite/internal/template/runtime.go:393.4,394.34 2 0
github.com/edlitmus/halite/internal/template/runtime.go:394.34,396.5 1 0
github.com/edlitmus/halite/internal/template/runtime.go:397.4,397.19 1 0
github.com/edlitmus/halite/internal/template/runtime.go:401.2,401.30 1 1
github.com/edlitmus/halite/internal/template/runtime.go:404.56,409.18 5 1
github.com/edlitmus/halite/internal/template/runtime.go:409.18,411.3 1 0
github.com/edlitmus/halite/internal/template/runtime.go:413.2,413.12 1 1
github.com/edlitmus/halite/internal/template/runtime.go:414.11,415.23 1 1
github.com/edlitmus/halite/internal/template/runtime.go:415.23,417.4 1 1
github.com/edlitmus/halite/internal/template/runtime.go:418.3,418.22 1 0
github.com/edlitmus/halite/internal/template/runtime.go:419.11,420.23 1 0
github.com/edlitmus/halite/internal/template/runtime.go:420.23,422.4 1 0
github.com/edlitmus/halite/internal/template/runtime.go:423.3,423.22 1 0
github.com/edlitmus/halite/internal/template/runtime.go:424.11,425.23 1 1
github.com/edlitmus/halite/internal/template/runtime.go:425.23,427.4 1 1
github.com/edlitmus/halite/internal/template/runtime.go:428.3,428.22 1 0
github.com/edlitmus/halite/internal/template/runtime.go:429.11,431.14 1 1
github.com/edlitmus/halite/internal/template/runtime.go:431.14,433.4 1 1
github.com/edlitmus/halite/internal/template/runtime.go:434.3,434.22 1 1
github.com/edlitmus/halite/internal/template/runtime.go:435.12,436.14 1 1
github.com/edlitmus/halite/internal/template/runtime.go:436.14,438.4 1 0
github.com/edlitmus/halite/internal/template/runtime.go:439.3,439.23 1 1
github.com/edlitmus/halite/internal/template/runtime.go:439.23,441.4 1 1
github.com/edlitmus/halite/internal/template/runtime.go:442.3,442.34 1 0
github.com/edlitmus/halite/internal/template/runtime.go:443.11,444.14 1 1
github.com/edlitmus/halite/internal/template/runtime.go:444.14,446.4 1 0
github.com/edlitmus/halite/internal/template/runtime.go:447.3,447.23 1 1
github.com/edlitmus/halite/internal/template/runtime.go:447.23,450.37 2 1
github.com/edlitmus/halite/internal/template/runtime.go:450.37,452.5 1 1
github.com/edlitmus/halite/internal/template/runtime.go:453.4,453.17 1 1
github.com/edlitmus/halite/internal/template/runtime.go:455.3,456.36 2 0
github.com/edlitmus/halite/internal/template/runtime.go:456.36,458.4 1 0
github.com/edlitmus/halite/internal/template/runtime.go:459.3,459.16 1 0
github.com/edlitmus/halite/internal/template/runtime.go:460.12,461.34 1 1
github.com/edlitmus/halite/internal/template/runtime.go:461.34,463.4 1 1
github.com/edlitmus/halite/internal/template/runtime.go:464.3,464.31 1 0
github.com/edlitmus/halite/internal/template/runtime.go:466.2,466.52 1 0
github.com/edlitmus/halite/internal/template/runtime.go:469.42,470.30 1 1
github.com/edlitmus/halite/internal/template/runtime.go:471.14,473.38 2 1
github.com/edlitmus/halite/internal/template/runtime.go:474.13,475.26 1 1
github.com/edlitmus/halite/internal/template/runtime.go:475.26,476.33 1 1
github.com/edlitmus/halite/internal/template/runtime.go:476.33,478.5 1 1
github.com/edlitmus/halite/internal/template/runtime.go:480.3,480.15 1 1
github.com/edlitmus/halite/internal/template/runtime.go:481.18,482.37 1 0
github.com/edlitmus/halite/internal/template/runtime.go:483.22,485.10 2 0
github.com/edlitmus/halite/internal/template/runtime.go:485.10,487.4 1 0
github.com/edlitmus/halite/internal/template/runtime.go:488.3,489.15 2 0
github.com/edlitmus/halite/internal/template/runtime.go:491.2,491.14 1 0
github.com/edlitmus/halite/internal/template/runtime.go:494.33,495.28 1 1
github.com/edlitmus/halite/internal/template/runtime.go:495.28,496.29 1 1
github.com/edlitmus/halite/internal/template/runtime.go:496.29,498.4 1 1
github.com/edlitmus/halite/internal/template/runtime.go:500.2,502.16 3 1
github.com/edlitmus/halite/internal/template/runtime.go:502.16,504.3 1 0
github.com/edlitmus/halite/internal/template/runtime.go:505.2,505.23 1 1
github.com/edlitmus/halite/internal/template/runtime.go:506.14,508.22 2 1
github.com/edlitmus/halite/internal/template/runtime.go:509.12,511.22 2 0
github.com/edlitmus/halite/internal/template/runtime.go:512.11,513.18 1 0
github.com/edlitmus/halite/internal/template/runtime.go:514.13,516.30 2 0
github.com/edlitmus/halite/internal/template/runtime.go:516.30,518.4 1 0
github.com/edlitmus/halite/internal/template/runtime.go:519.3,519.20 1 0
github.com/edlitmus/halite/internal/template/runtime.go:519.20,520.32 1 0
github.com/edlitmus/halite/internal/template/runtime.go:520.32,522.5 1 0
github.com/edlitmus/halite/internal/template/runtime.go:524.3,524.14 1 0
github.com/edlitmus/halite/internal/template/runtime.go:525.18,527.32 2 0
github.com/edlitmus/halite/internal/template/runtime.go:527.32,529.4 1 0
github.com/edlitmus/halite/internal/template/runtime.go:530.3,530.33 1 0
github.com/edlitmus/halite/internal/template/runtime.go:530.33,532.40 2 0
github.com/edlitmus/halite/internal/template/runtime.go:532.40,534.5 1 0
github.com/edlitmus/halite/internal/template/runtime.go:536.3,536.14 1 0
github.com/edlitmus/halite/internal/template/runtime.go:538.2,538.15 1 0
github.com/edlitmus/halite/internal/template/runtime.go:541.37,542.30 1 1
github.com/edlitmus/halite/internal/template/runtime.go:542.30,544.10 2 0
github.com/edlitmus/halite/internal/template/runtime.go:544.10,546.4 1 0
github.com/edlitmus/halite/internal/template/runtime.go:547.3,547.38 1 0
github.com/edlitmus/halite/internal/template/runtime.go:549.2,551.18 3 1
github.com/edlitmus/halite/internal/template/runtime.go:551.18,553.3 1 0
github.com/edlitmus/halite/internal/template/runtime.go:554.2,554.9 1 1
github.com/edlitmus/halite/internal/template/runtime.go:555.15,556.17 1 1
github.com/edlitmus/halite/internal/template/runtime.go:557.15,558.16 1 1
github.com/edlitmus/halite/internal/template/runtime.go:559.10,560.16 1 1
github.com/edlitmus/halite/internal/template/runtime.go:564.33,565.23 1 1
github.com/edlitmus/halite/internal/template/runtime.go:566.13,567.17 1 1
github.com/edlitmus/halite/internal/template/runtime.go:568.11,569.24 1 0
github.com/edlitmus/halite/internal/template/runtime.go:570.12,571.8 1 0
github.com/edlitmus/halite/internal/template/runtime.go:571.8,573.4 1 0
github.com/edlitmus/halite/internal/template/runtime.go:574.3,574.17 1 0
github.com/edlitmus/halite/internal/template/runtime.go:576.2,576.17 1 1
github.com/edlitmus/halite/internal/template/runtime.go:579.37,580.23 1 1
github.com/edlitmus/halite/internal/template/runtime.go:581.15,582.17 1 1
github.com/edlitmus/halite/internal/template/runtime.go:583.13,584.26 1 1
github.com/edlitmus/halite/internal/template/runtime.go:585.11,586.26 1 0
github.com/edlitmus/halite/internal/template/runtime.go:587.12,588.8 1 0
github.com/edlitmus/halite/internal/template/runtime.go:588.8,590.4 1 0
github.com/edlitmus/halite/internal/template/runtime.go:591.3,591.17 1 0
github.com/edlitmus/halite/internal/template/runtime.go:593.2,593.17 1 1
github.com/edlitmus/halite/internal/template/runtime.go:598.25,599.32 1 1
github.com/edlitmus/halite/internal/template/runtime.go:599.32,601.3 1 0
github.com/edlitmus/halite/internal/template/runtime.go:602.2,602.24 1 1
github.com/edlitmus/halite/internal/template/runtime.go:608.59,609.23 1 1
github.com/edlitmus/halite/internal/template/runtime.go:610.17,611.39 1 0
github.com/edlitmus/halite/internal/template/runtime.go:612.13,613.16 1 1
github.com/edlitmus/halite/internal/template/runtime.go:614.18,618.24 3 0
github.com/edlitmus/halite/internal/template/runtime.go:618.24,620.4 1 0
github.com/edlitmus/halite/internal/template/runtime.go:621.3,621.18 1 0
github.com/edlitmus/halite/internal/template/runtime.go:622.22,624.20 2 0
github.com/edlitmus/halite/internal/template/runtime.go:624.20,626.4 1 0
github.com/edlitmus/halite/internal/template/runtime.go:627.3,629.26 3 0
github.com/edlitmus/halite/internal/template/runtime.go:629.26,631.4 1 0
github.com/edlitmus/halite/internal/template/runtime.go:632.3,632.18 1 0
github.com/edlitmus/halite/internal/template/runtime.go:633.14,636.24 3 0
github.com/edlitmus/halite/internal/template/runtime.go:636.24,638.4 1 0
github.com/edlitmus/halite/internal/template/runtime.go:639.3,639.18 1 0
github.com/edlitmus/halite/internal/template/runtime.go:640.11,641.54 1 0
github.com/edlitmus/halite/internal/template/runtime.go:643.2,643.64 1 0
github.com/edlitmus/halite/internal/template/runtime.go:649.49,651.16 2 1
github.com/edlitmus/halite/internal/template/runtime.go:651.16,653.3 1 0
github.com/edlitmus/halite/internal/template/runtime.go:654.2,654.10 1 1
github.com/edlitmus/halite/internal/template/runtime.go:657.61,658.32 1 1
github.com/edlitmus/halite/internal/template/runtime.go:658.32,659.50 1 1
github.com/edlitmus/halite/internal/template/runtime.go:659.50,661.4 1 1
github.com/edlitmus/halite/internal/template/runtime.go:662.3,662.17 1 1
github.com/edlitmus/halite/internal/template/runtime.go:664.2,664.28 1 1
github.com/edlitmus/halite/internal/template/runtime.go:670.32,671.23 1 1
github.com/edlitmus/halite/internal/template/runtime.go:672.11,673.16 1 1
github.com/edlitmus/halite/internal/template/runtime.go:674.12,675.8 1 1
github.com/edlitmus/halite/internal/template/runtime.go:675.8,677.4 1 1
github.com/edlitmus/halite/internal/template/runtime.go:678.3,678.17 1 1
github.com/edlitmus/halite/internal/template/runtime.go:679.14,680.11 1 1
github.com/edlitmus/halite/internal/template/runtime.go:681.13,682.34 1 1
github.com/edlitmus/halite/internal/template/runtime.go:683.11,684.25 1 0
github.com/edlitmus/halite/internal/template/runtime.go:685.15,686.68 1 1
github.com/edlitmus/halite/internal/template/runtime.go:686.68,688.4 1 1
github.com/edlitmus/halite/internal/template/runtime.go:689.3,689.45 1 1
github.com/edlitmus/halite/internal/template/runtime.go:690.14,691.19 1 0
github.com/edlitmus/halite/internal/template/runtime.go:692.13,694.26 2 1
github.com/edlitmus/halite/internal/template/runtime.go:694.26,696.4 1 1
github.com/edlitmus/halite/internal/template/runtime.go:697.3,697.47 1 1
github.com/edlitmus/halite/internal/template/runtime.go:698.18,700.33 2 0
github.com/edlitmus/halite/internal/template/runtime.go:700.33,702.4 1 0
github.com/edlitmus/halite/internal/template/runtime.go:703.3,703.47 1 0
github.com/edlitmus/halite/internal/template/runtime.go:704.17,705.12 1 0
github.com/edlitmus/halite/internal/template/runtime.go:706.14,707.34 1 0
github.com/edlitmus/halite/internal/template/runtime.go:708.20,709.20 1 0
github.com/edlitmus/halite/internal/template/runtime.go:711.2,711.22 1 0
github.com/edlitmus/halite/internal/template/runtime.go:716.30,717.29 1 1
github.com/edlitmus/halite/internal/template/runtime.go:717.29,718.60 1 1
github.com/edlitmus/halite/internal/template/runtime.go:718.60,720.4 1 0
github.com/edlitmus/halite/internal/template/runtime.go:721.3,721.54 1 1
github.com/edlitmus/halite/internal/template/runtime.go:723.2,723.23 1 1
github.com/edlitmus/halite/internal/template/runtime.go:726.29,727.18 1 1
github.com/edlitmus/halite/internal/template/runtime.go:728.17,729.30 1 0
github.com/edlitmus/halite/internal/template/runtime.go:730.14,731.19 1 0
github.com/edlitmus/halite/internal/template/runtime.go:732.21,733.31 1 0
github.com/edlitmus/halite/internal/template/runtime.go:734.18,735.23 1 0
github.com/edlitmus/halite/internal/template/runtime.go:736.17,737.29 1 0
github.com/edlitmus/halite/internal/template/runtime.go:738.16,739.22 1 0
github.com/edlitmus/halite/internal/template/runtime.go:741.2,741.26 1 1
github.com/edlitmus/halite/internal/template/runtime.go:745.38,747.2 1 0
github.com/edlitmus/halite/internal/template/tests.go:20.56,22.9 2 1
github.com/edlitmus/halite/internal/template/tests.go:22.9,24.3 1 1
github.com/edlitmus/halite/internal/template/tests.go:25.2,26.16 2 1
github.com/edlitmus/halite/internal/template/tests.go:26.16,28.3 1 0
github.com/edlitmus/halite/internal/template/tests.go:29.2,30.27 2 1
github.com/edlitmus/halite/internal/template/tests.go:30.27,32.17 2 1
github.com/edlitmus/halite/internal/template/tests.go:32.17,34.4 1 0
github.com/edlitmus/halite/internal/template/tests.go:35.3,35.25 1 1
github.com/edlitmus/halite/internal/template/tests.go:37.2,39.16 3 1
github.com/edlitmus/halite/internal/template/tests.go:39.16,40.32 1 0
github.com/edlitmus/halite/internal/template/tests.go:40.32,42.4 1 0
github.com/edlitmus/halite/internal/template/tests.go:43.3,43.65 1 0
github.com/edlitmus/halite/internal/template/tests.go:45.2,45.11 1 1
github.com/edlitmus/halite/internal/template/tests.go:45.11,47.3 1 1
github.com/edlitmus/halite/internal/template/tests.go:48.2,48.17 1 1
github.com/edlitmus/halite/internal/template/tests.go:51.42,57.70 2 1
github.com/edlitmus/halite/internal/template/tests.go:57.70,57.101 1 1
github.com/edlitmus/halite/internal/template/tests.go:58.2,58.72 1 1
github.com/edlitmus/halite/internal/template/tests.go:58.72,58.102 1 1
github.com/edlitmus/halite/internal/template/tests.go:59.2,59.67 1 1
github.com/edlitmus/halite/internal/template/tests.go:59.67,59.91 1 1
github.com/edlitmus/halite/internal/template/tests.go:60.2,60.43 1 1
github.com/edlitmus/halite/internal/template/tests.go:60.43,60.75 2 1
github.com/edlitmus/halite/internal/template/tests.go:61.2,61.67 1 1
github.com/edlitmus/halite/internal/template/tests.go:61.67,61.109 2 0
github.com/edlitmus/halite/internal/template/tests.go:62.2,62.68 1 1
github.com/edlitmus/halite/internal/template/tests.go:62.68,62.111 2 0
github.com/edlitmus/halite/internal/template/tests.go:64.2,64.42 1 1
github.com/edlitmus/halite/internal/template/tests.go:64.42,64.76 2 1
github.com/edlitmus/halite/internal/template/tests.go:65.2,65.42 1 1
github.com/edlitmus/halite/internal/template/tests.go:65.42,66.19 1 1
github.com/edlitmus/halite/internal/template/tests.go:67.28,68.15 1 1
github.com/edlitmus/halite/internal/template/tests.go:70.3,70.15 1 0
github.com/edlitmus/halite/internal/template/tests.go:72.2,72.43 1 1
github.com/edlitmus/halite/internal/template/tests.go:72.43,73.19 1 1
github.com/edlitmus/halite/internal/template/tests.go:74.19,75.15 1 1
github.com/edlitmus/halite/internal/template/tests.go:77.3,77.15 1 0
github.com/edlitmus/halite/internal/template/tests.go:79.2,79.41 1 1
github.com/edlitmus/halite/internal/template/tests.go:79.41,79.76 2 1
github.com/edlitmus/halite/internal/template/tests.go:81.2,83.44 3 1
github.com/edlitmus/halite/internal/template/tests.go:83.44,84.19 1 1
github.com/edlitmus/halite/internal/template/tests.go:85.34,86.15 1 1
github.com/edlitmus/halite/internal/template/tests.go:88.3,88.15 1 0
github.com/edlitmus/halite/internal/template/tests.go:90.2,90.40 1 1
github.com/edlitmus/halite/internal/template/tests.go:90.40,90.73 2 0
github.com/edlitmus/halite/internal/template/tests.go:91.2,91.44 1 1
github.com/edlitmus/halite/internal/template/tests.go:91.44,92.19 1 1
github.com/edlitmus/halite/internal/template/tests.go:93.50,94.15 1 1
github.com/edlitmus/halite/internal/template/tests.go:96.3,96.15 1 0
github.com/edlitmus/halite/internal/template/tests.go:98.2,98.44 1 1
github.com/edlitmus/halite/internal/template/tests.go:98.44,101.3 2 0
github.com/edlitmus/halite/internal/template/tests.go:103.2,103.41 1 1
github.com/edlitmus/halite/internal/template/tests.go:103.41,103.57 1 0
github.com/edlitmus/halite/internal/template/tests.go:105.2,105.41 1 1
github.com/edlitmus/halite/internal/template/tests.go:105.41,105.60 1 1
github.com/edlitmus/halite/internal/template/tests.go:106.2,106.40 1 1
github.com/edlitmus/halite/internal/template/tests.go:106.40,106.59 1 1
github.com/edlitmus/halite/internal/template/tests.go:108.2,108.78 1 1
github.com/edlitmus/halite/internal/template/tests.go:108.78,109.21 1 1
github.com/edlitmus/halite/internal/template/tests.go:109.21,111.4 1 0
github.com/edlitmus/halite/internal/template/tests.go:112.3,114.19 3 1
github.com/edlitmus/halite/internal/template/tests.go:114.19,116.4 1 0
github.com/edlitmus/halite/internal/template/tests.go:117.3,117.13 1 1
github.com/edlitmus/halite/internal/template/tests.go:117.13,119.4 1 0
github.com/edlitmus/halite/internal/template/tests.go:120.3,120.23 1 1
github.com/edlitmus/halite/internal/template/tests.go:123.2,123.37 1 1
github.com/edlitmus/halite/internal/template/tests.go:123.37,123.54 1 1
github.com/edlitmus/halite/internal/template/tests.go:124.2,126.37 3 1
github.com/edlitmus/halite/internal/template/tests.go:126.37,126.54 1 1
github.com/edlitmus/halite/internal/template/tests.go:127.2,128.37 2 1
github.com/edlitmus/halite/internal/template/tests.go:128.37,128.53 1 1
github.com/edlitmus/halite/internal/template/tests.go:129.2,131.37 3 1
github.com/edlitmus/halite/internal/template/tests.go:131.37,131.54 1 0
github.com/edlitmus/halite/internal/template/tests.go:132.2,133.37 2 1
github.com/edlitmus/halite/internal/template/tests.go:133.37,133.53 1 0
github.com/edlitmus/halite/internal/template/tests.go:134.2,136.37 3 1
github.com/edlitmus/halite/internal/template/tests.go:136.37,136.54 1 1
github.com/edlitmus/halite/internal/template/tests.go:137.2,139.69 2 1
github.com/edlitmus/halite/internal/template/tests.go:139.69,140.21 1 1
github.com/edlitmus/halite/internal/template/tests.go:140.21,142.4 1 0
github.com/edlitmus/halite/internal/template/tests.go:143.3,143.35 1 1
github.com/edlitmus/halite/internal/template/tests.go:146.2,146.73 1 1
github.com/edlitmus/halite/internal/template/tests.go:146.73,147.21 1 0
github.com/edlitmus/halite/internal/template/tests.go:147.21,149.4 1 0
github.com/edlitmus/halite/internal/template/tests.go:150.3,150.27 1 0
github.com/edlitmus/halite/internal/template/tests.go:153.2,153.43 1 1
github.com/edlitmus/halite/internal/template/tests.go:153.43,153.92 1 1
github.com/edlitmus/halite/internal/template/tests.go:154.2,154.43 1 1
github.com/edlitmus/halite/internal/template/tests.go:154.43,154.92 1 1
github.com/edlitmus/halite/internal/template/tests.go:158.2,158.72 1 1
github.com/edlitmus/halite/internal/template/tests.go:158.72,159.20 1 1
github.com/edlitmus/halite/internal/template/tests.go:159.20,161.4 1 0
github.com/edlitmus/halite/internal/template/tests.go:162.3,163.17 2 1
github.com/edlitmus/halite/internal/template/tests.go:163.17,165.4 1 0
github.com/edlitmus/halite/internal/template/tests.go:166.3,167.10 2 1
github.com/edlitmus/halite/internal/template/tests.go:167.10,169.4 1 0
github.com/edlitmus/halite/internal/template/tests.go:170.3,172.17 3 1
github.com/edlitmus/halite/internal/template/tests.go:172.17,174.4 1 0
github.com/edlitmus/halite/internal/template/tests.go:175.3,175.32 1 1
github.com/edlitmus/halite/internal/template/tests.go:178.2,178.10 1 1
github.com/edlitmus/halite/internal/template/tests.go:181.28,182.18 1 1
github.com/edlitmus/halite/internal/template/tests.go:183.34,184.14 1 1
github.com/edlitmus/halite/internal/template/tests.go:186.2,186.14 1 0
github.com/edlitmus/halite/internal/template/tests.go:189.43,190.62 1 1
github.com/edlitmus/halite/internal/template/tests.go:190.62,190.83 1 1
github.com/edlitmus/halite/internal/template/tests.go:193.44,194.63 1 1
github.com/edlitmus/halite/internal/template/tests.go:194.63,196.10 2 1
github.com/edlitmus/halite/internal/template/tests.go:196.10,198.4 1 0
github.com/edlitmus/halite/internal/template/tests.go:199.3,199.20 1 1
github.com/edlitmus/halite/internal/template/tests.go:203.45,204.63 1 1
github.com/edlitmus/halite/internal/template/tests.go:204.63,206.10 2 1
github.com/edlitmus/halite/internal/template/tests.go:206.10,208.4 1 0
github.com/edlitmus/halite/internal/template/tests.go:209.3,209.20 1 1
github.com/edlitmus/halite/internal/template/tests.go:213.44,214.66 1 1
github.com/edlitmus/halite/internal/template/tests.go:214.66,215.21 1 1
github.com/edlitmus/halite/internal/template/tests.go:215.21,217.4 1 0
github.com/edlitmus/halite/internal/template/tests.go:218.3,218.39 1 1
github.com/edlitmus/halite/internal/template/tests.go:218.39,222.4 1 1
github.com/edlitmus/halite/internal/template/tests.go:223.3,223.38 1 1
github.com/edlitmus/halite/internal/template/tests.go:223.38,225.4 1 1
github.com/edlitmus/halite/internal/template/tests.go:226.3,227.17 2 1
github.com/edlitmus/halite/internal/template/tests.go:227.17,229.4 1 0
github.com/edlitmus/halite/internal/template/tests.go:230.3,230.22 1 1
github.com/edlitmus/halite/internal/template/tests.go:234.30,235.22 1 1
github.com/edlitmus/halite/internal/template/tests.go:235.22,236.26 1 1
github.com/edlitmus/halite/internal/template/tests.go:236.26,238.4 1 1
github.com/edlitmus/halite/internal/template/tests.go:240.2,240.14 1 0
github.com/edlitmus/halite/internal/template/tests.go:244.44,245.52 1 0
github.com/edlitmus/halite/internal/template/tests.go:245.52,247.17 2 0
github.com/edlitmus/halite/internal/template/tests.go:247.17,249.4 1 0
github.com/edlitmus/halite/internal/template/tests.go:250.3,250.19 1 0
github.com/edlitmus/halite/internal/template/tests.go:250.19,252.4 1 0
github.com/edlitmus/halite/internal/template/tests.go:253.3,253.19 1 0
github.com/edlitmus/halite/internal/template/tests.go:255.2,255.28 1 0
github.com/edlitmus/halite/internal/template/tests.go:260.35,268.2 3 0
github.com/edlitmus/halite/internal/yaml/block.go:21.49,24.25 3 1
github.com/edlitmus/halite/internal/yaml/block.go:24.25,25.19 1 1
github.com/edlitmus/halite/internal/yaml/block.go:26.12,27.23 1 1
github.com/edlitmus/halite/internal/yaml/block.go:27.23,29.5 1 0
github.com/edlitmus/halite/internal/yaml/block.go:30.4,32.86 3 1
github.com/edlitmus/halite/internal/yaml/block.go:32.86,34.5 1 1
github.com/edlitmus/halite/internal/yaml/block.go:35.4,36.23 2 1
github.com/edlitmus/halite/internal/yaml/block.go:36.23,38.5 1 0
github.com/edlitmus/halite/internal/yaml/block.go:39.4,39.18 1 1
github.com/edlitmus/halite/internal/yaml/block.go:40.12,41.20 1 1
github.com/edlitmus/halite/internal/yaml/block.go:41.20,43.5 1 0
github.com/edlitmus/halite/internal/yaml/block.go:44.4,46.23 3 1
github.com/edlitmus/halite/internal/yaml/block.go:46.23,48.5 1 1
github.com/edlitmus/halite/internal/yaml/block.go:49.4,49.86 1 1
github.com/edlitmus/halite/internal/yaml/block.go:49.86,51.5 1 1
github.com/edlitmus/halite/internal/yaml/block.go:52.4,53.18 2 1
github.com/edlitmus/halite/internal/yaml/block.go:54.11,55.18 1 1
github.com/edlitmus/halite/internal/yaml/block.go:58.2,58.16 1 0
github.com/edlitmus/halite/internal/yaml/block.go:61.35,63.2 1 1
github.com/edlitmus/halite/internal/yaml/block.go:66.48,67.21 1 1
github.com/edlitmus/halite/internal/yaml/block.go:67.21,69.3 1 1
github.com/edlitmus/halite/internal/yaml/block.go:70.2,70.10 1 1
github.com/edlitmus/halite/internal/yaml/block.go:79.76,80.34 1 1
github.com/edlitmus/halite/internal/yaml/block.go:80.34,82.3 1 0
github.com/edlitmus/halite/internal/yaml/block.go:83.2,85.38 2 1
github.com/edlitmus/halite/internal/yaml/block.go:85.38,87.3 1 0
github.com/edlitmus/halite/internal/yaml/block.go:88.2,88.68 1 1
github.com/edlitmus/halite/internal/yaml/block.go:88.68,90.3 1 0
github.com/edlitmus/halite/internal/yaml/block.go:92.2,93.16 2 1
github.com/edlitmus/halite/internal/yaml/block.go:93.16,95.3 1 0
github.com/edlitmus/halite/internal/yaml/block.go:96.2,96.38 1 1
github.com/edlitmus/halite/internal/yaml/block.go:96.38,98.3 1 0
github.com/edlitmus/halite/internal/yaml/block.go:99.2,99.34 1 1
github.com/edlitmus/halite/internal/yaml/block.go:99.34,102.17 2 0
github.com/edlitmus/halite/internal/yaml/block.go:102.17,104.4 1 0
github.com/edlitmus/halite/internal/yaml/block.go:105.3,105.28 1 0
github.com/edlitmus/halite/internal/yaml/block.go:108.2,110.9 2 1
github.com/edlitmus/halite/internal/yaml/block.go:111.23,113.17 2 1
github.com/edlitmus/halite/internal/yaml/block.go:113.17,115.4 1 1
github.com/edlitmus/halite/internal/yaml/block.go:116.3,116.56 1 1
github.com/edlitmus/halite/internal/yaml/block.go:116.56,118.4 1 0
github.com/edlitmus/halite/internal/yaml/block.go:119.3,119.28 1 1
github.com/edlitmus/halite/internal/yaml/block.go:121.26,123.17 2 1
github.com/edlitmus/halite/internal/yaml/block.go:123.17,125.4 1 0
github.com/edlitmus/halite/internal/yaml/block.go:126.3,126.65 1 1
github.com/edlitmus/halite/internal/yaml/block.go:126.65,128.4 1 0
github.com/edlitmus/halite/internal/yaml/block.go:129.3,129.28 1 1
github.com/edlitmus/halite/internal/yaml/block.go:131.23,133.17 2 1
github.com/edlitmus/halite/internal/yaml/block.go:133.17,135.4 1 1
github.com/edlitmus/halite/internal/yaml/block.go:136.3,136.47 1 1
github.com/edlitmus/halite/internal/yaml/block.go:136.47,138.4 1 0
github.com/edlitmus/halite/internal/yaml/block.go:139.3,139.65 1 1
github.com/edlitmus/halite/internal/yaml/block.go:139.65,141.4 1 1
github.com/edlitmus/halite/internal/yaml/block.go:142.3,142.28 1 1
github.com/edlitmus/halite/internal/yaml/block.go:144.23,146.17 2 1
github.com/edlitmus/halite/internal/yaml/block.go:146.17,148.4 1 1
github.com/edlitmus/halite/internal/yaml/block.go:149.3,149.47 1 1
github.com/edlitmus/halite/internal/yaml/block.go:149.47,151.4 1 0
github.com/edlitmus/halite/internal/yaml/block.go:152.3,152.65 1 1
github.com/edlitmus/halite/internal/yaml/block.go:152.65,154.4 1 1
github.com/edlitmus/halite/internal/yaml/block.go:155.3,155.28 1 1
github.com/edlitmus/halite/internal/yaml/block.go:157.42,159.17 2 0
github.com/edlitmus/halite/internal/yaml/block.go:159.17,161.4 1 0
github.com/edlitmus/halite/internal/yaml/block.go:162.3,163.17 2 0
github.com/edlitmus/halite/internal/yaml/block.go:163.17,165.4 1 0
github.com/edlitmus/halite/internal/yaml/block.go:166.3,166.28 1 0
github.com/edlitmus/halite/internal/yaml/block.go:168.70,170.17 2 1
github.com/edlitmus/halite/internal/yaml/block.go:170.17,172.4 1 1
github.com/edlitmus/halite/internal/yaml/block.go:173.3,173.65 1 1
github.com/edlitmus/halite/internal/yaml/block.go:173.65,175.4 1 0
github.com/edlitmus/halite/internal/yaml/block.go:176.3,176.28 1 1
github.com/edlitmus/halite/internal/yaml/block.go:179.2,179.28 1 1
github.com/edlitmus/halite/internal/yaml/block.go:179.28,181.17 2 1
github.com/edlitmus/halite/internal/yaml/block.go:181.17,183.4 1 1
github.com/edlitmus/halite/internal/yaml/block.go:184.3,184.65 1 1
github.com/edlitmus/halite/internal/yaml/block.go:184.65,186.4 1 0
github.com/edlitmus/halite/internal/yaml/block.go:187.3,187.28 1 1
github.com/edlitmus/halite/internal/yaml/block.go:190.2,191.16 2 1
github.com/edlitmus/halite/internal/yaml/block.go:191.16,193.3 1 0
github.com/edlitmus/halite/internal/yaml/block.go:194.2,194.34 1 1
github.com/edlitmus/halite/internal/yaml/block.go:194.34,196.3 1 0
github.com/edlitmus/halite/internal/yaml/block.go:197.2,198.16 2 1
github.com/edlitmus/halite/internal/yaml/block.go:198.16,200.3 1 0
github.com/edlitmus/halite/internal/yaml/block.go:201.2,201.27 1 1
github.com/edlitmus/halite/internal/yaml/block.go:206.53,208.52 2 1
github.com/edlitmus/halite/internal/yaml/block.go:208.52,210.3 1 1
github.com/edlitmus/halite/internal/yaml/block.go:211.2,211.12 1 0
github.com/edlitmus/halite/internal/yaml/block.go:214.71,215.16 1 1
github.com/edlitmus/halite/internal/yaml/block.go:216.78,217.19 1 1
github.com/edlitmus/halite/internal/yaml/block.go:217.19,219.4 1 1
github.com/edlitmus/halite/internal/yaml/block.go:220.3,221.38 2 0
github.com/edlitmus/halite/internal/yaml/block.go:221.38,223.4 1 0
github.com/edlitmus/halite/internal/yaml/block.go:224.3,224.16 1 0
github.com/edlitmus/halite/internal/yaml/block.go:224.16,226.4 1 0
github.com/edlitmus/halite/internal/yaml/block.go:227.3,227.13 1 0
github.com/edlitmus/halite/internal/yaml/block.go:229.2,229.127 1 1
github.com/edlitmus/halite/internal/yaml/block.go:232.44,236.84 4 1
github.com/edlitmus/halite/internal/yaml/block.go:236.84,238.3 1 1
github.com/edlitmus/halite/internal/yaml/block.go:239.2,240.16 2 1
github.com/edlitmus/halite/internal/yaml/block.go:240.16,242.3 1 0
github.com/edlitmus/halite/internal/yaml/block.go:243.2,244.9 2 1
github.com/edlitmus/halite/internal/yaml/block.go:244.9,246.3 1 1
github.com/edlitmus/halite/internal/yaml/block.go:250.2,252.31 3 1
github.com/edlitmus/halite/internal/yaml/block.go:252.31,254.3 1 1
github.com/edlitmus/halite/internal/yaml/block.go:255.2,255.50 1 1
github.com/edlitmus/halite/internal/yaml/block.go:255.50,257.3 1 0
github.com/edlitmus/halite/internal/yaml/block.go:258.2,258.27 1 1
github.com/edlitmus/halite/internal/yaml/block.go:261.28,262.23 1 1
github.com/edlitmus/halite/internal/yaml/block.go:263.18,265.33 2 1
github.com/edlitmus/halite/internal/yaml/block.go:265.33,267.4 1 1
github.com/edlitmus/halite/internal/yaml/block.go:268.3,268.11 1 1
github.com/edlitmus/halite/internal/yaml/block.go:269.13,271.23 2 1
github.com/edlitmus/halite/internal/yaml/block.go:271.23,273.4 1 1
github.com/edlitmus/halite/internal/yaml/block.go:274.3,274.11 1 1
github.com/edlitmus/halite/internal/yaml/block.go:275.10,276.11 1 1
github.com/edlitmus/halite/internal/yaml/block.go:280.32,281.13 1 1
github.com/edlitmus/halite/internal/yaml/block.go:281.13,283.3 1 0
github.com/edlitmus/halite/internal/yaml/block.go:284.2,284.23 1 1
github.com/edlitmus/halite/internal/yaml/block.go:285.18,287.33 2 1
github.com/edlitmus/halite/internal/yaml/block.go:287.33,288.41 1 1
github.com/edlitmus/halite/internal/yaml/block.go:288.41,290.5 1 1
github.com/edlitmus/halite/internal/yaml/block.go:292.3,292.13 1 1
github.com/edlitmus/halite/internal/yaml/block.go:293.13,295.23 2 1
github.com/edlitmus/halite/internal/yaml/block.go:295.23,296.37 1 1
github.com/edlitmus/halite/internal/yaml/block.go:296.37,298.5 1 1
github.com/edlitmus/halite/internal/yaml/block.go:300.3,300.13 1 1
github.com/edlitmus/halite/internal/yaml/block.go:301.10,302.11 1 1
github.com/edlitmus/halite/internal/yaml/collection.go:11.44,14.21 3 1
github.com/edlitmus/halite/internal/yaml/collection.go:14.21,16.12 2 1
github.com/edlitmus/halite/internal/yaml/collection.go:17.13,18.16 1 1
github.com/edlitmus/halite/internal/yaml/collection.go:19.13,21.43 2 1
github.com/edlitmus/halite/internal/yaml/collection.go:21.43,22.25 1 1
github.com/edlitmus/halite/internal/yaml/collection.go:22.25,23.48 1 1
github.com/edlitmus/halite/internal/yaml/collection.go:23.48,25.15 2 1
github.com/edlitmus/halite/internal/yaml/collection.go:27.6,27.11 1 1
github.com/edlitmus/halite/internal/yaml/collection.go:29.5,29.8 1 1
github.com/edlitmus/halite/internal/yaml/collection.go:31.4,31.43 1 1
github.com/edlitmus/halite/internal/yaml/collection.go:31.43,33.5 1 0
github.com/edlitmus/halite/internal/yaml/collection.go:34.4,34.13 1 1
github.com/edlitmus/halite/internal/yaml/collection.go:35.12,37.43 2 1
github.com/edlitmus/halite/internal/yaml/collection.go:37.43,38.25 1 1
github.com/edlitmus/halite/internal/yaml/collection.go:38.25,40.14 2 1
github.com/edlitmus/halite/internal/yaml/collection.go:42.5,42.24 1 1
github.com/edlitmus/halite/internal/yaml/collection.go:42.24,43.11 1 1
github.com/edlitmus/halite/internal/yaml/collection.go:45.5,45.8 1 1
github.com/edlitmus/halite/internal/yaml/collection.go:47.4,47.42 1 1
github.com/edlitmus/halite/internal/yaml/collection.go:47.42,49.5 1 0
github.com/edlitmus/halite/internal/yaml/collection.go:50.4,50.13 1 1
github.com/edlitmus/halite/internal/yaml/collection.go:51.17,53.7 2 0
github.com/edlitmus/halite/internal/yaml/collection.go:54.17,56.7 2 0
github.com/edlitmus/halite/internal/yaml/collection.go:57.12,58.62 1 1
github.com/edlitmus/halite/internal/yaml/collection.go:58.62,60.5 1 1
github.com/edlitmus/halite/internal/yaml/collection.go:61.4,61.7 1 1
github.com/edlitmus/halite/internal/yaml/collection.go:62.12,63.83 1 1
github.com/edlitmus/halite/internal/yaml/collection.go:63.83,65.5 1 1
github.com/edlitmus/halite/internal/yaml/collection.go:66.4,66.7 1 1
github.com/edlitmus/halite/internal/yaml/collection.go:67.11,68.7 1 1
github.com/edlitmus/halite/internal/yaml/collection.go:71.2,71.14 1 1
github.com/edlitmus/halite/internal/yaml/collection.go:75.64,76.34 1 1
github.com/edlitmus/halite/internal/yaml/collection.go:76.34,78.3 1 0
github.com/edlitmus/halite/internal/yaml/collection.go:79.2,84.6 4 1
github.com/edlitmus/halite/internal/yaml/collection.go:84.6,85.39 1 1
github.com/edlitmus/halite/internal/yaml/collection.go:85.39,87.4 1 0
github.com/edlitmus/halite/internal/yaml/collection.go:88.3,88.66 1 1
github.com/edlitmus/halite/internal/yaml/collection.go:88.66,89.9 1 1
github.com/edlitmus/halite/internal/yaml/collection.go:91.3,91.21 1 1
github.com/edlitmus/halite/internal/yaml/collection.go:91.21,93.4 1 0
github.com/edlitmus/halite/internal/yaml/collection.go:94.3,94.25 1 1
github.com/edlitmus/halite/internal/yaml/collection.go:94.25,95.9 1 0
github.com/edlitmus/halite/internal/yaml/collection.go:98.3,102.69 4 1
github.com/edlitmus/halite/internal/yaml/collection.go:102.69,106.18 4 1
github.com/edlitmus/halite/internal/yaml/collection.go:106.18,108.5 1 1
github.com/edlitmus/halite/internal/yaml/collection.go:109.4,109.40 1 1
github.com/edlitmus/halite/internal/yaml/collection.go:109.40,111.5 1 0
github.com/edlitmus/halite/internal/yaml/collection.go:112.4,112.23 1 1
github.com/edlitmus/halite/internal/yaml/collection.go:112.23,114.5 1 0
github.com/edlitmus/halite/internal/yaml/collection.go:115.4,115.12 1 1
github.com/edlitmus/halite/internal/yaml/collection.go:116.9,118.18 2 1
github.com/edlitmus/halite/internal/yaml/collection.go:118.18,120.5 1 0
github.com/edlitmus/halite/internal/yaml/collection.go:121.4,121.23 1 1
github.com/edlitmus/halite/internal/yaml/collection.go:121.23,123.5 1 0
github.com/edlitmus/halite/internal/yaml/collection.go:124.4,125.14 2 1
github.com/edlitmus/halite/internal/yaml/collection.go:125.14,127.5 1 0
github.com/edlitmus/halite/internal/yaml/collection.go:127.10,129.5 1 1
github.com/edlitmus/halite/internal/yaml/collection.go:132.3,132.54 1 1
github.com/edlitmus/halite/internal/yaml/collection.go:132.54,134.4 1 0
github.com/edlitmus/halite/internal/yaml/collection.go:136.3,138.17 3 1
github.com/edlitmus/halite/internal/yaml/collection.go:138.17,140.4 1 1
github.com/edlitmus/halite/internal/yaml/collection.go:142.3,142.51 1 1
github.com/edlitmus/halite/internal/yaml/collection.go:142.51,144.18 2 1
github.com/edlitmus/halite/internal/yaml/collection.go:144.18,146.5 1 0
github.com/edlitmus/halite/internal/yaml/collection.go:147.4,148.12 2 1
github.com/edlitmus/halite/internal/yaml/collection.go:151.3,151.35 1 1
github.com/edlitmus/halite/internal/yaml/collection.go:151.35,154.34 3 1
github.com/edlitmus/halite/internal/yaml/collection.go:154.34,156.5 1 1
github.com/edlitmus/halite/internal/yaml/collection.go:157.4,157.93 1 0
github.com/edlitmus/halite/internal/yaml/collection.go:159.3,159.35 1 1
github.com/edlitmus/halite/internal/yaml/collection.go:159.35,161.4 1 0
github.com/edlitmus/halite/internal/yaml/collection.go:162.3,162.36 1 1
github.com/edlitmus/halite/internal/yaml/collection.go:165.2,165.22 1 1
github.com/edlitmus/halite/internal/yaml/collection.go:165.22,167.3 1 1
github.com/edlitmus/halite/internal/yaml/collection.go:168.2,168.31 1 1
github.com/edlitmus/halite/internal/yaml/collection.go:183.74,185.32 2 1
github.com/edlitmus/halite/internal/yaml/collection.go:185.32,187.3 1 1
github.com/edlitmus/halite/internal/yaml/collection.go:189.2,193.37 5 1
github.com/edlitmus/halite/internal/yaml/collection.go:193.37,194.46 1 1
github.com/edlitmus/halite/internal/yaml/collection.go:194.46,195.39 1 1
github.com/edlitmus/halite/internal/yaml/collection.go:195.39,196.37 1 1
github.com/edlitmus/halite/internal/yaml/collection.go:196.37,198.40 2 1
github.com/edlitmus/halite/internal/yaml/collection.go:198.40,199.15 1 1
github.com/edlitmus/halite/internal/yaml/collection.go:201.6,201.61 1 1
github.com/edlitmus/halite/internal/yaml/collection.go:204.4,204.8 1 1
github.com/edlitmus/halite/internal/yaml/collection.go:206.3,206.23 1 1
github.com/edlitmus/halite/internal/yaml/collection.go:206.23,209.4 2 1
github.com/edlitmus/halite/internal/yaml/collection.go:211.2,211.17 1 1
github.com/edlitmus/halite/internal/yaml/collection.go:217.74,218.23 1 1
github.com/edlitmus/halite/internal/yaml/collection.go:219.18,220.30 1 1
github.com/edlitmus/halite/internal/yaml/collection.go:221.13,223.26 2 1
github.com/edlitmus/halite/internal/yaml/collection.go:223.26,225.11 2 1
github.com/edlitmus/halite/internal/yaml/collection.go:225.11,227.5 1 0
github.com/edlitmus/halite/internal/yaml/collection.go:228.4,228.24 1 1
github.com/edlitmus/halite/internal/yaml/collection.go:230.3,230.18 1 1
github.com/edlitmus/halite/internal/yaml/collection.go:232.2,232.116 1 0
github.com/edlitmus/halite/internal/yaml/collection.go:237.60,239.62 2 1
github.com/edlitmus/halite/internal/yaml/collection.go:239.62,241.3 1 1
github.com/edlitmus/halite/internal/yaml/collection.go:242.2,243.16 2 1
github.com/edlitmus/halite/internal/yaml/collection.go:243.16,245.3 1 0
github.com/edlitmus/halite/internal/yaml/collection.go:246.2,246.12 1 1
github.com/edlitmus/halite/internal/yaml/collection.go:246.12,248.3 1 0
github.com/edlitmus/halite/internal/yaml/collection.go:249.2,249.38 1 1
github.com/edlitmus/halite/internal/yaml/collection.go:254.60,261.53 2 1
github.com/edlitmus/halite/internal/yaml/collection.go:261.53,262.41 1 1
github.com/edlitmus/halite/internal/yaml/collection.go:262.41,264.4 1 1
github.com/edlitmus/halite/internal/yaml/collection.go:265.3,265.53 1 1
github.com/edlitmus/halite/internal/yaml/collection.go:267.2,267.21 1 1
github.com/edlitmus/halite/internal/yaml/collection.go:267.21,269.3 1 0
github.com/edlitmus/halite/internal/yaml/collection.go:269.8,269.21 1 1
github.com/edlitmus/halite/internal/yaml/collection.go:269.21,271.3 1 1
github.com/edlitmus/halite/internal/yaml/collection.go:274.2,274.38 1 1
github.com/edlitmus/halite/internal/yaml/collection.go:274.38,276.3 1 1
github.com/edlitmus/halite/internal/yaml/collection.go:277.2,277.47 1 1
github.com/edlitmus/halite/internal/yaml/collection.go:277.47,279.3 1 1
github.com/edlitmus/halite/internal/yaml/collection.go:280.2,280.9 1 1
github.com/edlitmus/halite/internal/yaml/collection.go:281.25,282.47 1 1
github.com/edlitmus/halite/internal/yaml/collection.go:283.48,287.32 1 1
github.com/edlitmus/halite/internal/yaml/collection.go:289.2,289.17 1 0
github.com/edlitmus/halite/internal/yaml/collection.go:294.59,295.34 1 1
github.com/edlitmus/halite/internal/yaml/collection.go:295.34,297.3 1 0
github.com/edlitmus/halite/internal/yaml/collection.go:298.2,299.6 2 1
github.com/edlitmus/halite/internal/yaml/collection.go:299.6,300.39 1 1
github.com/edlitmus/halite/internal/yaml/collection.go:300.39,302.4 1 0
github.com/edlitmus/halite/internal/yaml/collection.go:303.3,303.90 1 1
github.com/edlitmus/halite/internal/yaml/collection.go:303.90,304.9 1 1
github.com/edlitmus/halite/internal/yaml/collection.go:306.3,309.53 3 1
github.com/edlitmus/halite/internal/yaml/collection.go:309.53,310.23 1 1
github.com/edlitmus/halite/internal/yaml/collection.go:310.23,312.5 1 0
github.com/edlitmus/halite/internal/yaml/collection.go:312.10,312.23 1 1
github.com/edlitmus/halite/internal/yaml/collection.go:312.23,314.5 1 1
github.com/edlitmus/halite/internal/yaml/collection.go:315.4,315.40 1 1
github.com/edlitmus/halite/internal/yaml/collection.go:315.40,317.5 1 0
github.com/edlitmus/halite/internal/yaml/collection.go:318.4,318.70 1 1
github.com/edlitmus/halite/internal/yaml/collection.go:318.70,320.19 2 1
github.com/edlitmus/halite/internal/yaml/collection.go:320.19,322.6 1 0
github.com/edlitmus/halite/internal/yaml/collection.go:323.5,324.13 2 1
github.com/edlitmus/halite/internal/yaml/collection.go:326.4,327.12 2 1
github.com/edlitmus/halite/internal/yaml/collection.go:330.3,331.17 2 1
github.com/edlitmus/halite/internal/yaml/collection.go:331.17,333.4 1 0
github.com/edlitmus/halite/internal/yaml/collection.go:334.3,334.27 1 1
github.com/edlitmus/halite/internal/yaml/collection.go:336.2,336.19 1 1
github.com/edlitmus/halite/internal/yaml/encode.go:26.47,27.22 1 1
github.com/edlitmus/halite/internal/yaml/encode.go:27.22,29.3 1 1
github.com/edlitmus/halite/internal/yaml/encode.go:30.2,31.15 2 1
github.com/edlitmus/halite/internal/yaml/encode.go:31.15,34.3 2 1
github.com/edlitmus/halite/internal/yaml/encode.go:35.2,36.19 2 1
github.com/edlitmus/halite/internal/yaml/encode.go:42.33,46.2 3 1
github.com/edlitmus/halite/internal/yaml/encode.go:48.76,50.23 2 1
github.com/edlitmus/halite/internal/yaml/encode.go:51.18,52.19 1 1
github.com/edlitmus/halite/internal/yaml/encode.go:52.19,55.4 2 0
github.com/edlitmus/halite/internal/yaml/encode.go:56.3,56.33 1 1
github.com/edlitmus/halite/internal/yaml/encode.go:56.33,57.27 1 1
github.com/edlitmus/halite/internal/yaml/encode.go:57.27,59.5 1 1
github.com/edlitmus/halite/internal/yaml/encode.go:60.4,62.38 3 1
github.com/edlitmus/halite/internal/yaml/encode.go:64.13,65.18 1 0
github.com/edlitmus/halite/internal/yaml/encode.go:65.18,68.4 2 0
github.com/edlitmus/halite/internal/yaml/encode.go:69.3,69.26 1 0
github.com/edlitmus/halite/internal/yaml/encode.go:69.26,70.27 1 0
github.com/edlitmus/halite/internal/yaml/encode.go:70.27,72.5 1 0
github.com/edlitmus/halite/internal/yaml/encode.go:73.4,74.37 2 0
github.com/edlitmus/halite/internal/yaml/encode.go:76.10,78.20 2 0
github.com/edlitmus/halite/internal/yaml/encode.go:84.76,85.23 1 1
github.com/edlitmus/halite/internal/yaml/encode.go:86.18,87.19 1 1
github.com/edlitmus/halite/internal/yaml/encode.go:87.19,90.4 2 1
github.com/edlitmus/halite/internal/yaml/encode.go:91.3,92.53 2 1
github.com/edlitmus/halite/internal/yaml/encode.go:93.13,94.18 1 1
github.com/edlitmus/halite/internal/yaml/encode.go:94.18,97.4 2 1
github.com/edlitmus/halite/internal/yaml/encode.go:98.3,99.53 2 1
github.com/edlitmus/halite/internal/yaml/encode.go:100.10,103.20 3 1
github.com/edlitmus/halite/internal/yaml/encode.go:107.84,109.23 2 1
github.com/edlitmus/halite/internal/yaml/encode.go:110.18,111.33 1 1
github.com/edlitmus/halite/internal/yaml/encode.go:111.33,116.4 4 1
github.com/edlitmus/halite/internal/yaml/encode.go:117.13,118.26 1 1
github.com/edlitmus/halite/internal/yaml/encode.go:118.26,122.4 3 1
github.com/edlitmus/halite/internal/yaml/encode.go:126.43,127.23 1 1
github.com/edlitmus/halite/internal/yaml/encode.go:128.18,130.33 2 1
github.com/edlitmus/halite/internal/yaml/encode.go:130.33,131.13 1 1
github.com/edlitmus/halite/internal/yaml/encode.go:131.13,133.5 1 1
github.com/edlitmus/halite/internal/yaml/encode.go:134.4,136.23 3 1
github.com/edlitmus/halite/internal/yaml/encode.go:138.3,138.19 1 1
github.com/edlitmus/halite/internal/yaml/encode.go:139.13,141.26 2 1
github.com/edlitmus/halite/internal/yaml/encode.go:141.26,142.13 1 1
github.com/edlitmus/halite/internal/yaml/encode.go:142.13,144.5 1 1
github.com/edlitmus/halite/internal/yaml/encode.go:145.4,145.22 1 1
github.com/edlitmus/halite/internal/yaml/encode.go:147.3,147.19 1 1
github.com/edlitmus/halite/internal/yaml/encode.go:148.10,149.20 1 1
github.com/edlitmus/halite/internal/yaml/encode.go:153.45,154.23 1 1
github.com/edlitmus/halite/internal/yaml/encode.go:155.11,156.24 1 1
github.com/edlitmus/halite/internal/yaml/encode.go:157.12,158.39 1 1
github.com/edlitmus/halite/internal/yaml/encode.go:159.13,160.42 1 1
github.com/edlitmus/halite/internal/yaml/encode.go:161.11,162.33 1 0
github.com/edlitmus/halite/internal/yaml/encode.go:163.15,164.10 1 1
github.com/edlitmus/halite/internal/yaml/encode.go:165.25,166.25 1 0
github.com/edlitmus/halite/internal/yaml/encode.go:167.26,168.26 1 0
github.com/edlitmus/halite/internal/yaml/encode.go:169.22,170.25 1 0
github.com/edlitmus/halite/internal/yaml/encode.go:171.11,175.39 3 1
github.com/edlitmus/halite/internal/yaml/encode.go:175.39,177.5 1 0
github.com/edlitmus/halite/internal/yaml/encode.go:179.14,181.54 2 0
github.com/edlitmus/halite/internal/yaml/encode.go:182.17,184.44 2 0
github.com/edlitmus/halite/internal/yaml/encode.go:185.14,186.20 1 1
github.com/edlitmus/halite/internal/yaml/encode.go:187.10,188.32 1 0
github.com/edlitmus/halite/internal/yaml/encode.go:194.48,195.21 1 1
github.com/edlitmus/halite/internal/yaml/encode.go:195.21,198.3 2 1
github.com/edlitmus/halite/internal/yaml/encode.go:199.2,199.18 1 1
github.com/edlitmus/halite/internal/yaml/encode.go:204.29,207.22 3 1
github.com/edlitmus/halite/internal/yaml/encode.go:207.22,208.12 1 1
github.com/edlitmus/halite/internal/yaml/encode.go:209.12,210.23 1 0
github.com/edlitmus/halite/internal/yaml/encode.go:211.13,212.23 1 0
github.com/edlitmus/halite/internal/yaml/encode.go:213.13,214.23 1 0
github.com/edlitmus/halite/internal/yaml/encode.go:215.13,216.23 1 0
github.com/edlitmus/halite/internal/yaml/encode.go:217.13,218.23 1 0
github.com/edlitmus/halite/internal/yaml/encode.go:219.11,220.16 1 1
github.com/edlitmus/halite/internal/yaml/encode.go:220.16,222.13 2 0
github.com/edlitmus/halite/internal/yaml/encode.go:224.4,224.18 1 1
github.com/edlitmus/halite/internal/yaml/encode.go:227.2,228.19 2 1
github.com/edlitmus/halite/internal/yaml/encode.go:233.35,235.2 1 1
github.com/edlitmus/halite/internal/yaml/encode.go:237.34,238.13 1 1
github.com/edlitmus/halite/internal/yaml/encode.go:238.13,240.3 1 1
github.com/edlitmus/halite/internal/yaml/encode.go:246.2,247.85 2 1
github.com/edlitmus/halite/internal/yaml/encode.go:247.85,249.3 1 1
github.com/edlitmus/halite/internal/yaml/encode.go:250.2,250.14 1 1
github.com/edlitmus/halite/internal/yaml/encode.go:251.107,252.14 1 1
github.com/edlitmus/halite/internal/yaml/encode.go:254.2,254.42 1 1
github.com/edlitmus/halite/internal/yaml/encode.go:254.42,256.3 1 0
github.com/edlitmus/halite/internal/yaml/encode.go:257.2,257.89 1 1
github.com/edlitmus/halite/internal/yaml/encode.go:257.89,259.3 1 1
github.com/edlitmus/halite/internal/yaml/encode.go:260.2,260.31 1 1
github.com/edlitmus/halite/internal/yaml/encode.go:260.31,262.3 1 1
github.com/edlitmus/halite/internal/yaml/encode.go:263.2,263.14 1 1
github.com/edlitmus/halite/internal/yaml/errors.go:38.32,41.30 3 1
github.com/edlitmus/halite/internal/yaml/errors.go:41.30,43.3 1 1
github.com/edlitmus/halite/internal/yaml/errors.go:44.2,44.19 1 1
github.com/edlitmus/halite/internal/yaml/errors.go:49.33,52.35 3 1
github.com/edlitmus/halite/internal/yaml/errors.go:52.35,54.34 2 1
github.com/edlitmus/halite/internal/yaml/errors.go:54.34,55.48 1 1
github.com/edlitmus/halite/internal/yaml/errors.go:55.48,57.5 1 0
github.com/edlitmus/halite/internal/yaml/errors.go:57.10,59.5 1 1
github.com/edlitmus/halite/internal/yaml/errors.go:61.3,61.19 1 1
github.com/edlitmus/halite/internal/yaml/errors.go:63.2,63.19 1 1
github.com/edlitmus/halite/internal/yaml/errors.go:90.35,91.11 1 0
github.com/edlitmus/halite/internal/yaml/errors.go:92.25,93.17 1 0
github.com/edlitmus/halite/internal/yaml/errors.go:94.23,95.23 1 0
github.com/edlitmus/halite/internal/yaml/errors.go:96.24,97.25 1 0
github.com/edlitmus/halite/internal/yaml/errors.go:98.10,99.28 1 0
github.com/edlitmus/halite/internal/yaml/errors.go:112.34,112.80 1 0
github.com/edlitmus/halite/internal/yaml/errors.go:114.74,116.2 1 1
github.com/edlitmus/halite/internal/yaml/errors.go:118.57,120.2 1 1
github.com/edlitmus/halite/internal/yaml/errors.go:123.44,124.15 1 1
github.com/edlitmus/halite/internal/yaml/errors.go:124.15,126.3 1 0
github.com/edlitmus/halite/internal/yaml/errors.go:127.2,129.34 3 1
github.com/edlitmus/halite/internal/yaml/errors.go:129.34,130.36 1 1
github.com/edlitmus/halite/internal/yaml/errors.go:130.36,132.4 1 1
github.com/edlitmus/halite/internal/yaml/errors.go:133.3,133.23 1 1
github.com/edlitmus/halite/internal/yaml/errors.go:133.23,136.4 2 1
github.com/edlitmus/halite/internal/yaml/errors.go:138.2,138.15 1 1
github.com/edlitmus/halite/internal/yaml/errors.go:138.15,140.3 1 1
github.com/edlitmus/halite/internal/yaml/errors.go:141.2,141.11 1 0
github.com/edlitmus/halite/internal/yaml/flow.go:10.43,11.34 1 1
github.com/edlitmus/halite/internal/yaml/flow.go:11.34,13.3 1 1
github.com/edlitmus/halite/internal/yaml/flow.go:14.2,16.18 2 1
github.com/edlitmus/halite/internal/yaml/flow.go:17.11,18.26 1 1
github.com/edlitmus/halite/internal/yaml/flow.go:19.11,20.26 1 1
github.com/edlitmus/halite/internal/yaml/flow.go:22.2,22.49 1 0
github.com/edlitmus/halite/internal/yaml/flow.go:25.48,28.34 3 1
github.com/edlitmus/halite/internal/yaml/flow.go:28.34,30.3 1 0
github.com/edlitmus/halite/internal/yaml/flow.go:31.2,32.6 2 1
github.com/edlitmus/halite/internal/yaml/flow.go:32.6,33.43 1 1
github.com/edlitmus/halite/internal/yaml/flow.go:33.43,35.4 1 0
github.com/edlitmus/halite/internal/yaml/flow.go:36.3,36.14 1 1
github.com/edlitmus/halite/internal/yaml/flow.go:36.14,38.4 1 0
github.com/edlitmus/halite/internal/yaml/flow.go:39.3,39.22 1 1
github.com/edlitmus/halite/internal/yaml/flow.go:39.22,42.4 2 1
github.com/edlitmus/halite/internal/yaml/flow.go:43.3,44.17 2 1
github.com/edlitmus/halite/internal/yaml/flow.go:44.17,46.4 1 1
github.com/edlitmus/halite/internal/yaml/flow.go:47.3,49.43 2 1
github.com/edlitmus/halite/internal/yaml/flow.go:49.43,51.4 1 0
github.com/edlitmus/halite/internal/yaml/flow.go:52.3,52.19 1 1
github.com/edlitmus/halite/internal/yaml/flow.go:53.12,54.12 1 1
github.com/edlitmus/halite/internal/yaml/flow.go:55.12,57.21 2 1
github.com/edlitmus/halite/internal/yaml/flow.go:58.11,59.15 1 1
github.com/edlitmus/halite/internal/yaml/flow.go:59.15,61.5 1 1
github.com/edlitmus/halite/internal/yaml/flow.go:62.4,62.91 1 0
github.com/edlitmus/halite/internal/yaml/flow.go:67.53,70.34 3 1
github.com/edlitmus/halite/internal/yaml/flow.go:70.34,72.3 1 0
github.com/edlitmus/halite/internal/yaml/flow.go:73.2,77.6 4 1
github.com/edlitmus/halite/internal/yaml/flow.go:77.6,78.43 1 1
github.com/edlitmus/halite/internal/yaml/flow.go:78.43,80.4 1 0
github.com/edlitmus/halite/internal/yaml/flow.go:81.3,81.14 1 1
github.com/edlitmus/halite/internal/yaml/flow.go:81.14,83.4 1 0
github.com/edlitmus/halite/internal/yaml/flow.go:84.3,84.22 1 1
github.com/edlitmus/halite/internal/yaml/flow.go:84.22,86.9 2 1
github.com/edlitmus/halite/internal/yaml/flow.go:89.3,90.41 2 1
github.com/edlitmus/halite/internal/yaml/flow.go:90.41,92.4 1 1
github.com/edlitmus/halite/internal/yaml/flow.go:93.3,94.17 2 1
github.com/edlitmus/halite/internal/yaml/flow.go:94.17,96.4 1 0
github.com/edlitmus/halite/internal/yaml/flow.go:97.3,98.13 2 1
github.com/edlitmus/halite/internal/yaml/flow.go:98.13,100.4 1 0
github.com/edlitmus/halite/internal/yaml/flow.go:100.9,102.4 1 1
github.com/edlitmus/halite/internal/yaml/flow.go:104.3,104.43 1 1
github.com/edlitmus/halite/internal/yaml/flow.go:104.43,106.4 1 0
github.com/edlitmus/halite/internal/yaml/flow.go:107.3,109.22 3 1
github.com/edlitmus/halite/internal/yaml/flow.go:109.22,111.44 2 1
github.com/edlitmus/halite/internal/yaml/flow.go:111.44,113.5 1 0
github.com/edlitmus/halite/internal/yaml/flow.go:114.4,115.42 2 1
github.com/edlitmus/halite/internal/yaml/flow.go:115.42,117.5 1 0
github.com/edlitmus/halite/internal/yaml/flow.go:117.10,119.19 2 1
github.com/edlitmus/halite/internal/yaml/flow.go:119.19,121.6 1 1
github.com/edlitmus/halite/internal/yaml/flow.go:123.9,128.4 1 1
github.com/edlitmus/halite/internal/yaml/flow.go:130.3,130.51 1 1
github.com/edlitmus/halite/internal/yaml/flow.go:130.51,132.18 2 0
github.com/edlitmus/halite/internal/yaml/flow.go:132.18,134.5 1 0
github.com/edlitmus/halite/internal/yaml/flow.go:135.4,135.77 1 0
github.com/edlitmus/halite/internal/yaml/flow.go:136.9,137.36 1 1
github.com/edlitmus/halite/internal/yaml/flow.go:137.36,140.35 3 0
github.com/edlitmus/halite/internal/yaml/flow.go:140.35,142.6 1 0
github.com/edlitmus/halite/internal/yaml/flow.go:143.5,143.94 1 0
github.com/edlitmus/halite/internal/yaml/flow.go:145.4,145.36 1 1
github.com/edlitmus/halite/internal/yaml/flow.go:145.36,147.5 1 0
github.com/edlitmus/halite/internal/yaml/flow.go:148.4,148.37 1 1
github.com/edlitmus/halite/internal/yaml/flow.go:151.3,151.43 1 1
github.com/edlitmus/halite/internal/yaml/flow.go:151.43,153.4 1 0
github.com/edlitmus/halite/internal/yaml/flow.go:154.3,154.19 1 1
github.com/edlitmus/halite/internal/yaml/flow.go:155.12,156.12 1 1
github.com/edlitmus/halite/internal/yaml/flow.go:157.12,159.24 2 1
github.com/edlitmus/halite/internal/yaml/flow.go:159.24,161.5 1 1
github.com/edlitmus/halite/internal/yaml/flow.go:162.4,162.33 1 0
github.com/edlitmus/halite/internal/yaml/flow.go:163.11,164.15 1 0
github.com/edlitmus/halite/internal/yaml/flow.go:164.15,166.5 1 0
github.com/edlitmus/halite/internal/yaml/flow.go:167.4,167.90 1 0
github.com/edlitmus/halite/internal/yaml/flow.go:170.2,170.22 1 1
github.com/edlitmus/halite/internal/yaml/flow.go:170.22,172.3 1 1
github.com/edlitmus/halite/internal/yaml/flow.go:173.2,173.31 1 0
github.com/edlitmus/halite/internal/yaml/flow.go:177.47,179.16 2 1
github.com/edlitmus/halite/internal/yaml/flow.go:179.16,181.3 1 0
github.com/edlitmus/halite/internal/yaml/flow.go:182.2,182.42 1 1
github.com/edlitmus/halite/internal/yaml/flow.go:182.42,184.3 1 0
github.com/edlitmus/halite/internal/yaml/flow.go:185.2,185.18 1 1
github.com/edlitmus/halite/internal/yaml/flow.go:186.11,188.17 2 1
github.com/edlitmus/halite/internal/yaml/flow.go:188.17,190.4 1 1
github.com/edlitmus/halite/internal/yaml/flow.go:191.3,191.28 1 1
github.com/edlitmus/halite/internal/yaml/flow.go:192.16,194.17 2 1
github.com/edlitmus/halite/internal/yaml/flow.go:194.17,196.4 1 1
github.com/edlitmus/halite/internal/yaml/flow.go:197.3,198.34 2 1
github.com/edlitmus/halite/internal/yaml/flow.go:198.34,200.4 1 1
github.com/edlitmus/halite/internal/yaml/flow.go:201.3,201.53 1 1
github.com/edlitmus/halite/internal/yaml/flow.go:201.53,203.4 1 0
github.com/edlitmus/halite/internal/yaml/flow.go:204.3,204.28 1 1
github.com/edlitmus/halite/internal/yaml/flow.go:207.2,209.16 3 1
github.com/edlitmus/halite/internal/yaml/flow.go:209.16,211.3 1 0
github.com/edlitmus/halite/internal/yaml/flow.go:212.2,212.34 1 1
github.com/edlitmus/halite/internal/yaml/flow.go:212.34,214.3 1 0
github.com/edlitmus/halite/internal/yaml/flow.go:219.2,219.100 1 1
github.com/edlitmus/halite/internal/yaml/flow.go:219.100,221.43 2 0
github.com/edlitmus/halite/internal/yaml/flow.go:221.43,223.4 1 0
github.com/edlitmus/halite/internal/yaml/flow.go:224.3,227.14 4 0
github.com/edlitmus/halite/internal/yaml/flow.go:227.14,229.4 1 0
github.com/edlitmus/halite/internal/yaml/flow.go:230.3,231.60 2 0
github.com/edlitmus/halite/internal/yaml/flow.go:231.60,233.18 2 0
github.com/edlitmus/halite/internal/yaml/flow.go:233.18,235.5 1 0
github.com/edlitmus/halite/internal/yaml/flow.go:237.3,238.28 2 0
github.com/edlitmus/halite/internal/yaml/flow.go:241.2,242.16 2 1
github.com/edlitmus/halite/internal/yaml/flow.go:242.16,244.3 1 0
github.com/edlitmus/halite/internal/yaml/flow.go:245.2,245.27 1 1
github.com/edlitmus/halite/internal/yaml/flow.go:250.40,251.15 1 1
github.com/edlitmus/halite/internal/yaml/flow.go:251.15,252.25 1 1
github.com/edlitmus/halite/internal/yaml/flow.go:253.30,254.12 1 1
github.com/edlitmus/halite/internal/yaml/flow.go:255.18,256.25 1 0
github.com/edlitmus/halite/internal/yaml/flow.go:256.25,258.5 1 0
github.com/edlitmus/halite/internal/yaml/flow.go:259.4,259.12 1 0
github.com/edlitmus/halite/internal/yaml/flow.go:260.17,261.16 1 0
github.com/edlitmus/halite/internal/yaml/flow.go:262.11,263.14 1 1
github.com/edlitmus/halite/internal/yaml/flow.go:266.2,266.12 1 1
github.com/edlitmus/halite/internal/yaml/parse.go:38.42,46.2 1 1
github.com/edlitmus/halite/internal/yaml/parse.go:62.62,64.16 2 1
github.com/edlitmus/halite/internal/yaml/parse.go:64.16,66.3 1 1
github.com/edlitmus/halite/internal/yaml/parse.go:67.2,67.20 1 1
github.com/edlitmus/halite/internal/yaml/parse.go:67.20,69.3 1 1
github.com/edlitmus/halite/internal/yaml/parse.go:70.2,70.28 1 1
github.com/edlitmus/halite/internal/yaml/parse.go:74.70,77.2 2 1
github.com/edlitmus/halite/internal/yaml/parse.go:81.67,83.16 2 0
github.com/edlitmus/halite/internal/yaml/parse.go:83.16,85.3 1 0
github.com/edlitmus/halite/internal/yaml/parse.go:86.2,86.21 1 0
github.com/edlitmus/halite/internal/yaml/parse.go:86.21,88.3 1 0
github.com/edlitmus/halite/internal/yaml/parse.go:89.2,89.23 1 0
github.com/edlitmus/halite/internal/yaml/parse.go:92.70,93.24 1 1
github.com/edlitmus/halite/internal/yaml/parse.go:93.24,95.3 1 0
github.com/edlitmus/halite/internal/yaml/parse.go:96.2,96.24 1 1
github.com/edlitmus/halite/internal/yaml/parse.go:96.24,98.3 1 0
github.com/edlitmus/halite/internal/yaml/parse.go:99.2,99.29 1 1
github.com/edlitmus/halite/internal/yaml/parse.go:99.29,101.3 1 0
github.com/edlitmus/halite/internal/yaml/parse.go:103.2,104.22 2 1
github.com/edlitmus/halite/internal/yaml/parse.go:104.22,109.3 1 1
github.com/edlitmus/halite/internal/yaml/parse.go:110.2,115.6 4 1
github.com/edlitmus/halite/internal/yaml/parse.go:115.6,116.39 1 1
github.com/edlitmus/halite/internal/yaml/parse.go:116.39,118.4 1 0
github.com/edlitmus/halite/internal/yaml/parse.go:119.3,119.14 1 1
github.com/edlitmus/halite/internal/yaml/parse.go:119.14,120.9 1 1
github.com/edlitmus/halite/internal/yaml/parse.go:122.3,122.19 1 1
github.com/edlitmus/halite/internal/yaml/parse.go:122.19,124.12 2 1
github.com/edlitmus/halite/internal/yaml/parse.go:126.3,126.21 1 1
github.com/edlitmus/halite/internal/yaml/parse.go:126.21,130.40 3 1
github.com/edlitmus/halite/internal/yaml/parse.go:130.40,132.5 1 0
github.com/edlitmus/halite/internal/yaml/parse.go:133.4,133.49 1 1
github.com/edlitmus/halite/internal/yaml/parse.go:133.49,135.13 2 0
github.com/edlitmus/halite/internal/yaml/parse.go:138.3,139.17 2 1
github.com/edlitmus/halite/internal/yaml/parse.go:139.17,141.4 1 1
github.com/edlitmus/halite/internal/yaml/parse.go:142.3,144.39 2 1
github.com/edlitmus/halite/internal/yaml/parse.go:144.39,146.4 1 0
github.com/edlitmus/halite/internal/yaml/parse.go:147.3,147.14 1 1
github.com/edlitmus/halite/internal/yaml/parse.go:147.14,148.9 1 1
github.com/edlitmus/halite/internal/yaml/parse.go:150.3,150.39 1 1
github.com/edlitmus/halite/internal/yaml/parse.go:150.39,152.4 1 0
github.com/edlitmus/halite/internal/yaml/parse.go:153.3,153.47 1 1
github.com/edlitmus/halite/internal/yaml/parse.go:153.47,155.4 1 1
github.com/edlitmus/halite/internal/yaml/parse.go:158.2,158.35 1 1
github.com/edlitmus/halite/internal/yaml/parse.go:158.35,163.3 1 0
github.com/edlitmus/halite/internal/yaml/parse.go:164.2,164.30 1 1
github.com/edlitmus/halite/internal/yaml/parse.go:167.43,168.36 1 1
github.com/edlitmus/halite/internal/yaml/parse.go:168.36,170.3 1 1
github.com/edlitmus/halite/internal/yaml/parse.go:171.2,172.58 2 0
github.com/edlitmus/halite/internal/yaml/parse.go:178.45,180.15 2 1
github.com/edlitmus/halite/internal/yaml/parse.go:180.15,180.28 1 1
github.com/edlitmus/halite/internal/yaml/parse.go:181.2,181.6 1 1
github.com/edlitmus/halite/internal/yaml/parse.go:181.6,182.39 1 1
github.com/edlitmus/halite/internal/yaml/parse.go:182.39,184.4 1 0
github.com/edlitmus/halite/internal/yaml/parse.go:185.3,185.14 1 1
github.com/edlitmus/halite/internal/yaml/parse.go:185.14,187.4 1 1
github.com/edlitmus/halite/internal/yaml/parse.go:188.3,188.37 1 1
github.com/edlitmus/halite/internal/yaml/parse.go:188.37,190.12 2 1
github.com/edlitmus/halite/internal/yaml/parse.go:192.3,192.15 1 1
github.com/edlitmus/halite/internal/yaml/parse.go:198.29,198.59 1 1
github.com/edlitmus/halite/internal/yaml/parse.go:200.30,201.13 1 1
github.com/edlitmus/halite/internal/yaml/parse.go:201.13,203.3 1 1
github.com/edlitmus/halite/internal/yaml/parse.go:204.2,204.21 1 1
github.com/edlitmus/halite/internal/yaml/parse.go:207.37,208.27 1 1
github.com/edlitmus/halite/internal/yaml/parse.go:208.27,210.3 1 1
github.com/edlitmus/halite/internal/yaml/parse.go:211.2,211.23 1 1
github.com/edlitmus/halite/internal/yaml/parse.go:214.30,217.15 3 1
github.com/edlitmus/halite/internal/yaml/parse.go:217.15,220.3 2 1
github.com/edlitmus/halite/internal/yaml/parse.go:220.8,222.3 1 1
github.com/edlitmus/halite/internal/yaml/parse.go:223.2,223.10 1 1
github.com/edlitmus/halite/internal/yaml/parse.go:226.34,228.2 1 1
github.com/edlitmus/halite/internal/yaml/parse.go:230.81,232.2 1 1
github.com/edlitmus/halite/internal/yaml/parse.go:234.32,236.31 2 1
github.com/edlitmus/halite/internal/yaml/parse.go:236.31,238.3 1 0
github.com/edlitmus/halite/internal/yaml/parse.go:239.2,239.12 1 1
github.com/edlitmus/halite/internal/yaml/parse.go:242.32,244.31 2 1
github.com/edlitmus/halite/internal/yaml/parse.go:244.31,246.3 1 1
github.com/edlitmus/halite/internal/yaml/parse.go:247.2,247.12 1 1
github.com/edlitmus/halite/internal/yaml/parse.go:250.26,250.39 1 1
github.com/edlitmus/halite/internal/yaml/parse.go:252.31,253.56 1 1
github.com/edlitmus/halite/internal/yaml/parse.go:253.56,255.3 1 1
github.com/edlitmus/halite/internal/yaml/parse.go:258.29,259.35 1 1
github.com/edlitmus/halite/internal/yaml/parse.go:259.35,261.3 1 1
github.com/edlitmus/halite/internal/yaml/parse.go:262.2,262.14 1 1
github.com/edlitmus/halite/internal/yaml/parse.go:262.14,264.3 1 1
github.com/edlitmus/halite/internal/yaml/parse.go:270.39,271.34 1 1
github.com/edlitmus/halite/internal/yaml/parse.go:271.34,272.19 1 1
github.com/edlitmus/halite/internal/yaml/parse.go:273.13,274.15 1 1
github.com/edlitmus/halite/internal/yaml/parse.go:275.18,275.18 0 0
github.com/edlitmus/halite/internal/yaml/parse.go:276.11,277.16 1 0
github.com/edlitmus/halite/internal/yaml/parse.go:280.2,280.13 1 0
github.com/edlitmus/halite/internal/yaml/parse.go:286.38,287.16 1 1
github.com/edlitmus/halite/internal/yaml/parse.go:287.16,289.3 1 1
github.com/edlitmus/halite/internal/yaml/parse.go:290.2,290.24 1 1
github.com/edlitmus/halite/internal/yaml/parse.go:291.23,292.14 1 1
github.com/edlitmus/halite/internal/yaml/parse.go:294.2,294.14 1 0
github.com/edlitmus/halite/internal/yaml/parse.go:299.36,300.15 1 1
github.com/edlitmus/halite/internal/yaml/parse.go:300.15,301.25 1 1
github.com/edlitmus/halite/internal/yaml/parse.go:302.30,303.12 1 1
github.com/edlitmus/halite/internal/yaml/parse.go:304.18,305.25 1 1
github.com/edlitmus/halite/internal/yaml/parse.go:305.25,307.5 1 1
github.com/edlitmus/halite/internal/yaml/parse.go:308.4,308.12 1 0
github.com/edlitmus/halite/internal/yaml/parse.go:309.37,310.16 1 1
github.com/edlitmus/halite/internal/yaml/parse.go:311.11,312.14 1 1
github.com/edlitmus/halite/internal/yaml/parse.go:315.2,315.12 1 1
github.com/edlitmus/halite/internal/yaml/parse.go:320.44,322.21 2 1
github.com/edlitmus/halite/internal/yaml/parse.go:322.21,325.3 2 0
github.com/edlitmus/halite/internal/yaml/parse.go:326.2,326.34 1 1
github.com/edlitmus/halite/internal/yaml/parse.go:326.34,328.3 1 0
github.com/edlitmus/halite/internal/yaml/parse.go:329.2,329.14 1 1
github.com/edlitmus/halite/internal/yaml/parse.go:329.14,331.3 1 1
github.com/edlitmus/halite/internal/yaml/parse.go:332.2,332.12 1 1
github.com/edlitmus/halite/internal/yaml/parse.go:335.36,338.2 1 1
github.com/edlitmus/halite/internal/yaml/parse.go:340.34,343.2 1 1
github.com/edlitmus/halite/internal/yaml/parse.go:345.38,346.21 1 1
github.com/edlitmus/halite/internal/yaml/parse.go:346.21,348.3 1 1
github.com/edlitmus/halite/internal/yaml/parse.go:349.2,350.40 2 1
github.com/edlitmus/halite/internal/yaml/scalar.go:17.60,18.13 1 1
github.com/edlitmus/halite/internal/yaml/scalar.go:18.13,20.3 1 0
github.com/edlitmus/halite/internal/yaml/scalar.go:22.2,22.11 1 1
github.com/edlitmus/halite/internal/yaml/scalar.go:23.35,24.13 1 1
github.com/edlitmus/halite/internal/yaml/scalar.go:25.30,26.14 1 1
github.com/edlitmus/halite/internal/yaml/scalar.go:27.33,28.15 1 1
github.com/edlitmus/halite/internal/yaml/scalar.go:35.2,35.28 1 1
github.com/edlitmus/halite/internal/yaml/scalar.go:35.28,36.21 1 1
github.com/edlitmus/halite/internal/yaml/scalar.go:36.21,38.4 1 1
github.com/edlitmus/halite/internal/yaml/scalar.go:39.3,40.11 2 1
github.com/edlitmus/halite/internal/yaml/scalar.go:47.2,47.22 1 1
github.com/edlitmus/halite/internal/yaml/scalar.go:47.22,50.3 2 1
github.com/edlitmus/halite/internal/yaml/scalar.go:52.2,52.42 1 1
github.com/edlitmus/halite/internal/yaml/scalar.go:52.42,54.3 1 1
github.com/edlitmus/halite/internal/yaml/scalar.go:60.2,60.10 1 1
github.com/edlitmus/halite/internal/yaml/scalar.go:63.36,64.11 1 1
github.com/edlitmus/halite/internal/yaml/scalar.go:65.55,66.20 1 1
github.com/edlitmus/halite/internal/yaml/scalar.go:67.55,68.21 1 1
github.com/edlitmus/halite/internal/yaml/scalar.go:70.2,70.21 1 1
github.com/edlitmus/halite/internal/yaml/scalar.go:75.33,81.2 1 1
github.com/edlitmus/halite/internal/yaml/scalar.go:85.30,85.63 2 0
github.com/edlitmus/halite/internal/yaml/scalar.go:87.35,89.34 2 1
github.com/edlitmus/halite/internal/yaml/scalar.go:89.34,91.3 1 1
github.com/edlitmus/halite/internal/yaml/scalar.go:92.2,93.20 2 1
github.com/edlitmus/halite/internal/yaml/scalar.go:93.20,95.3 1 0
github.com/edlitmus/halite/internal/yaml/scalar.go:96.2,96.29 1 1
github.com/edlitmus/halite/internal/yaml/scalar.go:96.29,97.17 1 1
github.com/edlitmus/halite/internal/yaml/scalar.go:97.17,99.4 1 0
github.com/edlitmus/halite/internal/yaml/scalar.go:101.3,101.24 1 1
github.com/edlitmus/halite/internal/yaml/scalar.go:101.24,103.18 2 1
github.com/edlitmus/halite/internal/yaml/scalar.go:103.18,105.5 1 0
github.com/edlitmus/halite/internal/yaml/scalar.go:107.3,107.26 1 1
github.com/edlitmus/halite/internal/yaml/scalar.go:107.26,108.26 1 1
github.com/edlitmus/halite/internal/yaml/scalar.go:108.26,110.5 1 1
github.com/edlitmus/halite/internal/yaml/scalar.go:113.2,113.13 1 1
github.com/edlitmus/halite/internal/yaml/scalar.go:116.69,119.9 3 1
github.com/edlitmus/halite/internal/yaml/scalar.go:120.36,121.28 1 1
github.com/edlitmus/halite/internal/yaml/scalar.go:122.36,123.18 1 1
github.com/edlitmus/halite/internal/yaml/scalar.go:125.2,125.16 1 1
github.com/edlitmus/halite/internal/yaml/scalar.go:125.16,127.3 1 0
github.com/edlitmus/halite/internal/yaml/scalar.go:130.2,130.14 1 1
github.com/edlitmus/halite/internal/yaml/scalar.go:131.30,132.35 1 1
github.com/edlitmus/halite/internal/yaml/scalar.go:133.30,134.26 1 1
github.com/edlitmus/halite/internal/yaml/scalar.go:137.2,138.9 2 1
github.com/edlitmus/halite/internal/yaml/scalar.go:139.38,140.81 1 1
github.com/edlitmus/halite/internal/yaml/scalar.go:140.81,142.4 1 1
github.com/edlitmus/halite/internal/yaml/scalar.go:143.3,143.20 1 0
github.com/edlitmus/halite/internal/yaml/scalar.go:144.38,145.80 1 1
github.com/edlitmus/halite/internal/yaml/scalar.go:145.80,147.4 1 1
github.com/edlitmus/halite/internal/yaml/scalar.go:148.3,148.20 1 0
github.com/edlitmus/halite/internal/yaml/scalar.go:149.38,150.80 1 0
github.com/edlitmus/halite/internal/yaml/scalar.go:150.80,152.4 1 0
github.com/edlitmus/halite/internal/yaml/scalar.go:153.3,153.20 1 0
github.com/edlitmus/halite/internal/yaml/scalar.go:156.2,157.37 2 1
github.com/edlitmus/halite/internal/yaml/scalar.go:157.37,159.3 1 1
github.com/edlitmus/halite/internal/yaml/scalar.go:164.2,164.59 1 1
github.com/edlitmus/halite/internal/yaml/scalar.go:164.59,165.63 1 1
github.com/edlitmus/halite/internal/yaml/scalar.go:165.63,168.4 2 1
github.com/edlitmus/halite/internal/yaml/scalar.go:169.3,169.20 1 0
github.com/edlitmus/halite/internal/yaml/scalar.go:172.2,172.59 1 1
github.com/edlitmus/halite/internal/yaml/scalar.go:172.59,174.3 1 1
github.com/edlitmus/halite/internal/yaml/scalar.go:177.2,177.28 1 1
github.com/edlitmus/halite/internal/yaml/scalar.go:177.28,179.3 1 1
github.com/edlitmus/halite/internal/yaml/scalar.go:180.2,180.57 1 1
github.com/edlitmus/halite/internal/yaml/scalar.go:180.57,182.3 1 1
github.com/edlitmus/halite/internal/yaml/scalar.go:183.2,183.19 1 0
github.com/edlitmus/halite/internal/yaml/scalar.go:186.40,187.31 1 1
github.com/edlitmus/halite/internal/yaml/scalar.go:187.31,189.3 1 1
github.com/edlitmus/halite/internal/yaml/scalar.go:190.2,190.39 1 1
github.com/edlitmus/halite/internal/yaml/scalar.go:193.30,194.22 1 1
github.com/edlitmus/halite/internal/yaml/scalar.go:194.22,195.27 1 1
github.com/edlitmus/halite/internal/yaml/scalar.go:195.27,197.4 1 1
github.com/edlitmus/halite/internal/yaml/scalar.go:199.2,199.14 1 1
github.com/edlitmus/halite/internal/yaml/scalar.go:202.31,203.22 1 1
github.com/edlitmus/halite/internal/yaml/scalar.go:203.22,204.25 1 1
github.com/edlitmus/halite/internal/yaml/scalar.go:204.25,206.4 1 0
github.com/edlitmus/halite/internal/yaml/scalar.go:208.2,208.19 1 1
github.com/edlitmus/halite/internal/yaml/scalar.go:213.36,215.30 2 1
github.com/edlitmus/halite/internal/yaml/scalar.go:215.30,217.10 2 1
github.com/edlitmus/halite/internal/yaml/scalar.go:218.29,219.20 1 1
github.com/edlitmus/halite/internal/yaml/scalar.go:220.17,221.26 1 1
github.com/edlitmus/halite/internal/yaml/scalar.go:221.26,223.5 1 1
github.com/edlitmus/halite/internal/yaml/scalar.go:224.4,224.18 1 1
github.com/edlitmus/halite/internal/yaml/scalar.go:225.29,226.29 1 1
github.com/edlitmus/halite/internal/yaml/scalar.go:226.29,228.5 1 0
github.com/edlitmus/halite/internal/yaml/scalar.go:229.4,230.56 2 1
github.com/edlitmus/halite/internal/yaml/scalar.go:230.56,232.5 1 0
github.com/edlitmus/halite/internal/yaml/scalar.go:233.4,233.21 1 1
github.com/edlitmus/halite/internal/yaml/scalar.go:233.21,235.5 1 0
github.com/edlitmus/halite/internal/yaml/scalar.go:236.11,237.16 1 1
github.com/edlitmus/halite/internal/yaml/scalar.go:240.2,240.42 1 1
github.com/edlitmus/halite/internal/yaml/scalar.go:247.85,248.13 1 1
github.com/edlitmus/halite/internal/yaml/scalar.go:249.10,250.13 1 1
github.com/edlitmus/halite/internal/yaml/scalar.go:250.13,252.4 1 1
github.com/edlitmus/halite/internal/yaml/scalar.go:253.3,253.39 1 1
github.com/edlitmus/halite/internal/yaml/scalar.go:254.40,255.18 1 1
github.com/edlitmus/halite/internal/yaml/scalar.go:256.42,257.31 1 1
github.com/edlitmus/halite/internal/yaml/scalar.go:258.33,259.20 1 1
github.com/edlitmus/halite/internal/yaml/scalar.go:260.34,261.21 1 0
github.com/edlitmus/halite/internal/yaml/scalar.go:263.3,263.68 1 0
github.com/edlitmus/halite/internal/yaml/scalar.go:264.42,265.18 1 0
github.com/edlitmus/halite/internal/yaml/scalar.go:266.40,268.41 2 1
github.com/edlitmus/halite/internal/yaml/scalar.go:268.41,270.4 1 1
github.com/edlitmus/halite/internal/yaml/scalar.go:271.3,271.68 1 0
github.com/edlitmus/halite/internal/yaml/scalar.go:272.44,274.10 2 1
github.com/edlitmus/halite/internal/yaml/scalar.go:274.10,276.4 1 0
github.com/edlitmus/halite/internal/yaml/scalar.go:277.3,277.24 1 1
github.com/edlitmus/halite/internal/yaml/scalar.go:278.16,279.17 1 0
github.com/edlitmus/halite/internal/yaml/scalar.go:280.14,281.26 1 1
github.com/edlitmus/halite/internal/yaml/scalar.go:283.3,283.68 1 0
github.com/edlitmus/halite/internal/yaml/scalar.go:284.46,285.42 1 1
github.com/edlitmus/halite/internal/yaml/scalar.go:285.42,286.55 1 1
github.com/edlitmus/halite/internal/yaml/scalar.go:286.55,288.5 1 0
github.com/edlitmus/halite/internal/yaml/scalar.go:289.4,289.12 1 1
github.com/edlitmus/halite/internal/yaml/scalar.go:291.3,292.17 2 1
github.com/edlitmus/halite/internal/yaml/scalar.go:292.17,294.4 1 0
github.com/edlitmus/halite/internal/yaml/scalar.go:295.3,295.16 1 1
github.com/edlitmus/halite/internal/yaml/scalar.go:296.52,297.39 1 1
github.com/edlitmus/halite/internal/yaml/scalar.go:297.39,299.4 1 1
github.com/edlitmus/halite/internal/yaml/scalar.go:300.3,300.75 1 0
github.com/edlitmus/halite/internal/yaml/scalar.go:301.74,302.72 1 0
github.com/edlitmus/halite/internal/yaml/scalar.go:304.2,304.115 1 0
github.com/edlitmus/halite/internal/yaml/scalar.go:318.49,320.42 2 1
github.com/edlitmus/halite/internal/yaml/scalar.go:320.42,321.50 1 1
github.com/edlitmus/halite/internal/yaml/scalar.go:321.50,323.4 1 1
github.com/edlitmus/halite/internal/yaml/scalar.go:325.2,325.27 1 0
github.com/edlitmus/halite/internal/yaml/scalars.go:15.87,16.18 1 1
github.com/edlitmus/halite/internal/yaml/scalars.go:17.12,19.22 2 1
github.com/edlitmus/halite/internal/yaml/scalars.go:20.11,22.22 2 1
github.com/edlitmus/halite/internal/yaml/scalars.go:24.2,25.22 2 1
github.com/edlitmus/halite/internal/yaml/scalars.go:30.80,33.6 2 1
github.com/edlitmus/halite/internal/yaml/scalars.go:33.6,36.16 3 1
github.com/edlitmus/halite/internal/yaml/scalars.go:36.16,38.17 2 1
github.com/edlitmus/halite/internal/yaml/scalars.go:38.17,39.10 1 1
github.com/edlitmus/halite/internal/yaml/scalars.go:41.4,41.86 1 1
github.com/edlitmus/halite/internal/yaml/scalars.go:41.86,42.10 1 1
github.com/edlitmus/halite/internal/yaml/scalars.go:44.4,44.36 1 1
github.com/edlitmus/halite/internal/yaml/scalars.go:44.36,45.10 1 1
github.com/edlitmus/halite/internal/yaml/scalars.go:47.4,47.16 1 1
github.com/edlitmus/halite/internal/yaml/scalars.go:47.16,49.74 2 1
github.com/edlitmus/halite/internal/yaml/scalars.go:49.74,50.25 1 1
github.com/edlitmus/halite/internal/yaml/scalars.go:50.25,51.12 1 1
github.com/edlitmus/halite/internal/yaml/scalars.go:55.6,55.103 1 0
github.com/edlitmus/halite/internal/yaml/scalars.go:58.4,59.29 2 1
github.com/edlitmus/halite/internal/yaml/scalars.go:59.29,61.5 1 1
github.com/edlitmus/halite/internal/yaml/scalars.go:63.3,65.33 2 1
github.com/edlitmus/halite/internal/yaml/scalars.go:65.33,66.9 1 1
github.com/edlitmus/halite/internal/yaml/scalars.go:70.3,72.36 3 1
github.com/edlitmus/halite/internal/yaml/scalars.go:72.36,75.4 2 1
github.com/edlitmus/halite/internal/yaml/scalars.go:76.3,78.68 2 1
github.com/edlitmus/halite/internal/yaml/scalars.go:78.68,80.9 2 1
github.com/edlitmus/halite/internal/yaml/scalars.go:82.3,82.31 1 1
github.com/edlitmus/halite/internal/yaml/scalars.go:82.31,84.4 1 0
github.com/edlitmus/halite/internal/yaml/scalars.go:87.2,87.30 1 1
github.com/edlitmus/halite/internal/yaml/scalars.go:92.39,93.21 1 1
github.com/edlitmus/halite/internal/yaml/scalars.go:93.21,95.3 1 1
github.com/edlitmus/halite/internal/yaml/scalars.go:96.2,98.27 3 1
github.com/edlitmus/halite/internal/yaml/scalars.go:98.27,100.13 2 1
github.com/edlitmus/halite/internal/yaml/scalars.go:100.13,102.12 2 1
github.com/edlitmus/halite/internal/yaml/scalars.go:104.3,104.15 1 1
github.com/edlitmus/halite/internal/yaml/scalars.go:104.15,106.12 2 0
github.com/edlitmus/halite/internal/yaml/scalars.go:108.3,108.24 1 1
github.com/edlitmus/halite/internal/yaml/scalars.go:108.24,111.4 2 0
github.com/edlitmus/halite/internal/yaml/scalars.go:111.9,113.4 1 1
github.com/edlitmus/halite/internal/yaml/scalars.go:114.3,114.20 1 1
github.com/edlitmus/halite/internal/yaml/scalars.go:116.2,116.19 1 1
github.com/edlitmus/halite/internal/yaml/scalars.go:119.54,124.6 5 1
github.com/edlitmus/halite/internal/yaml/scalars.go:124.6,125.14 1 1
github.com/edlitmus/halite/internal/yaml/scalars.go:125.14,127.4 1 0
github.com/edlitmus/halite/internal/yaml/scalars.go:128.3,129.12 2 1
github.com/edlitmus/halite/internal/yaml/scalars.go:130.13,132.24 2 1
github.com/edlitmus/halite/internal/yaml/scalars.go:132.24,135.13 3 1
github.com/edlitmus/halite/internal/yaml/scalars.go:137.4,138.33 2 1
github.com/edlitmus/halite/internal/yaml/scalars.go:139.13,143.18 4 0
github.com/edlitmus/halite/internal/yaml/scalars.go:144.11,146.20 2 1
github.com/edlitmus/halite/internal/yaml/scalars.go:151.54,156.6 5 1
github.com/edlitmus/halite/internal/yaml/scalars.go:156.6,157.14 1 1
github.com/edlitmus/halite/internal/yaml/scalars.go:157.14,159.4 1 0
github.com/edlitmus/halite/internal/yaml/scalars.go:160.3,161.12 2 1
github.com/edlitmus/halite/internal/yaml/scalars.go:162.12,165.33 3 1
github.com/edlitmus/halite/internal/yaml/scalars.go:166.13,170.18 4 0
github.com/edlitmus/halite/internal/yaml/scalars.go:171.13,173.15 2 1
github.com/edlitmus/halite/internal/yaml/scalars.go:173.15,175.5 1 0
github.com/edlitmus/halite/internal/yaml/scalars.go:176.4,177.17 2 1
github.com/edlitmus/halite/internal/yaml/scalars.go:177.17,182.13 3 0
github.com/edlitmus/halite/internal/yaml/scalars.go:184.4,186.18 3 1
github.com/edlitmus/halite/internal/yaml/scalars.go:186.18,188.5 1 0
github.com/edlitmus/halite/internal/yaml/scalars.go:189.4,189.22 1 1
github.com/edlitmus/halite/internal/yaml/scalars.go:190.11,192.20 2 1
github.com/edlitmus/halite/internal/yaml/scalars.go:200.40,201.21 1 1
github.com/edlitmus/halite/internal/yaml/scalars.go:201.21,203.3 1 1
github.com/edlitmus/halite/internal/yaml/scalars.go:204.2,206.27 3 0
github.com/edlitmus/halite/internal/yaml/scalars.go:206.27,207.10 1 0
github.com/edlitmus/halite/internal/yaml/scalars.go:208.15,209.47 1 0
github.com/edlitmus/halite/internal/yaml/scalars.go:210.26,212.25 2 0
github.com/edlitmus/halite/internal/yaml/scalars.go:212.25,214.5 1 0
github.com/edlitmus/halite/internal/yaml/scalars.go:214.10,216.5 1 0
github.com/edlitmus/halite/internal/yaml/scalars.go:217.4,217.21 1 0
github.com/edlitmus/halite/internal/yaml/scalars.go:218.11,220.16 2 0
github.com/edlitmus/halite/internal/yaml/scalars.go:220.16,222.13 2 0
github.com/edlitmus/halite/internal/yaml/scalars.go:224.4,224.25 1 0
github.com/edlitmus/halite/internal/yaml/scalars.go:224.25,227.5 2 0
github.com/edlitmus/halite/internal/yaml/scalars.go:227.10,229.5 1 0
github.com/edlitmus/halite/internal/yaml/scalars.go:230.4,230.21 1 0
github.com/edlitmus/halite/internal/yaml/scalars.go:233.2,233.19 1 0
github.com/edlitmus/halite/internal/yaml/scalars.go:238.49,239.11 1 1
github.com/edlitmus/halite/internal/yaml/scalars.go:240.11,241.21 1 1
github.com/edlitmus/halite/internal/yaml/scalars.go:242.11,243.19 1 0
github.com/edlitmus/halite/internal/yaml/scalars.go:244.11,245.19 1 0
github.com/edlitmus/halite/internal/yaml/scalars.go:246.17,247.19 1 1
github.com/edlitmus/halite/internal/yaml/scalars.go:248.11,249.19 1 1
github.com/edlitmus/halite/internal/yaml/scalars.go:250.11,251.19 1 0
github.com/edlitmus/halite/internal/yaml/scalars.go:252.11,253.19 1 0
github.com/edlitmus/halite/internal/yaml/scalars.go:254.11,255.19 1 0
github.com/edlitmus/halite/internal/yaml/scalars.go:256.11,257.21 1 1
github.com/edlitmus/halite/internal/yaml/scalars.go:258.11,259.18 1 0
github.com/edlitmus/halite/internal/yaml/scalars.go:260.11,261.19 1 1
github.com/edlitmus/halite/internal/yaml/scalars.go:262.11,263.18 1 0
github.com/edlitmus/halite/internal/yaml/scalars.go:264.12,265.19 1 1
github.com/edlitmus/halite/internal/yaml/scalars.go:266.11,267.19 1 0
github.com/edlitmus/halite/internal/yaml/scalars.go:268.11,269.19 1 0
github.com/edlitmus/halite/internal/yaml/scalars.go:270.11,271.20 1 0
github.com/edlitmus/halite/internal/yaml/scalars.go:272.11,273.20 1 0
github.com/edlitmus/halite/internal/yaml/scalars.go:274.11,275.24 1 1
github.com/edlitmus/halite/internal/yaml/scalars.go:276.11,277.24 1 1
github.com/edlitmus/halite/internal/yaml/scalars.go:278.11,279.24 1 1
github.com/edlitmus/halite/internal/yaml/scalars.go:281.2,281.96 1 0
github.com/edlitmus/halite/internal/yaml/scalars.go:284.51,285.26 1 1
github.com/edlitmus/halite/internal/yaml/scalars.go:285.26,287.3 1 0
github.com/edlitmus/halite/internal/yaml/scalars.go:288.2,289.25 2 1
github.com/edlitmus/halite/internal/yaml/scalars.go:289.25,291.3 1 1
github.com/edlitmus/halite/internal/yaml/scalars.go:292.2,293.16 2 1
github.com/edlitmus/halite/internal/yaml/scalars.go:293.16,295.3 1 0
github.com/edlitmus/halite/internal/yaml/scalars.go:296.2,296.12 1 1
github.com/edlitmus/halite/internal/yaml/scalars.go:296.12,298.3 1 1
github.com/edlitmus/halite/internal/yaml/scalars.go:299.2,299.22 1 1
github.com/edlitmus/halite/internal/yaml/scalars.go:299.22,301.3 1 0
github.com/edlitmus/halite/internal/yaml/scalars.go:302.2,302.29 1 1
github.com/edlitmus/halite/internal/yaml/scalars.go:313.69,319.25 5 1
github.com/edlitmus/halite/internal/yaml/scalars.go:319.25,321.10 2 1
github.com/edlitmus/halite/internal/yaml/scalars.go:322.29,323.20 1 1
github.com/edlitmus/halite/internal/yaml/scalars.go:323.20,325.5 1 0
github.com/edlitmus/halite/internal/yaml/scalars.go:326.4,327.12 2 1
github.com/edlitmus/halite/internal/yaml/scalars.go:328.29,329.27 1 1
github.com/edlitmus/halite/internal/yaml/scalars.go:329.27,331.5 1 0
github.com/edlitmus/halite/internal/yaml/scalars.go:332.4,333.12 2 1
github.com/edlitmus/halite/internal/yaml/scalars.go:334.11,335.9 1 1
github.com/edlitmus/halite/internal/yaml/scalars.go:338.2,339.21 2 1
github.com/edlitmus/halite/internal/yaml/scalars.go:339.21,341.3 1 0
github.com/edlitmus/halite/internal/yaml/scalars.go:341.8,341.29 1 1
github.com/edlitmus/halite/internal/yaml/scalars.go:341.29,343.3 1 1
github.com/edlitmus/halite/internal/yaml/scalars.go:343.8,343.21 1 0
github.com/edlitmus/halite/internal/yaml/scalars.go:343.21,345.3 1 0
github.com/edlitmus/halite/internal/yaml/scalars.go:347.2,358.24 4 1
github.com/edlitmus/halite/internal/yaml/scalars.go:358.24,360.3 1 1
github.com/edlitmus/halite/internal/yaml/scalars.go:362.2,362.15 1 1
github.com/edlitmus/halite/internal/yaml/scalars.go:362.15,366.35 4 1
github.com/edlitmus/halite/internal/yaml/scalars.go:366.35,369.4 2 1
github.com/edlitmus/halite/internal/yaml/scalars.go:370.3,372.13 2 1
github.com/edlitmus/halite/internal/yaml/scalars.go:372.13,373.24 1 1
github.com/edlitmus/halite/internal/yaml/scalars.go:373.24,375.36 2 1
github.com/edlitmus/halite/internal/yaml/scalars.go:375.36,377.6 1 0
github.com/edlitmus/halite/internal/yaml/scalars.go:379.4,379.28 1 1
github.com/edlitmus/halite/internal/yaml/scalars.go:379.28,382.10 3 0
github.com/edlitmus/halite/internal/yaml/scalars.go:386.3,387.36 2 1
github.com/edlitmus/halite/internal/yaml/scalars.go:387.36,389.4 1 1
github.com/edlitmus/halite/internal/yaml/scalars.go:390.3,391.15 2 1
github.com/edlitmus/halite/internal/yaml/scalars.go:391.15,393.4 1 1
github.com/edlitmus/halite/internal/yaml/scalars.go:394.3,394.12 1 1
github.com/edlitmus/halite/internal/yaml/scalars.go:394.12,396.12 2 1
github.com/edlitmus/halite/internal/yaml/scalars.go:398.3,398.57 1 1
github.com/edlitmus/halite/internal/yaml/scalars.go:401.2,402.25 2 1
github.com/edlitmus/halite/internal/yaml/scalars.go:402.25,403.16 1 1
github.com/edlitmus/halite/internal/yaml/scalars.go:403.16,405.4 1 1
github.com/edlitmus/halite/internal/yaml/scalars.go:407.2,407.21 1 1
github.com/edlitmus/halite/internal/yaml/scalars.go:407.21,408.19 1 0
github.com/edlitmus/halite/internal/yaml/scalars.go:408.19,410.4 1 0
github.com/edlitmus/halite/internal/yaml/scalars.go:411.3,411.17 1 0
github.com/edlitmus/halite/internal/yaml/scalars.go:413.2,417.13 4 1
github.com/edlitmus/halite/internal/yaml/scalars.go:417.13,418.26 1 1
github.com/edlitmus/halite/internal/yaml/scalars.go:418.26,419.16 1 1
github.com/edlitmus/halite/internal/yaml/scalars.go:419.16,421.13 2 1
github.com/edlitmus/halite/internal/yaml/scalars.go:423.4,425.22 3 1
github.com/edlitmus/halite/internal/yaml/scalars.go:425.22,427.5 1 1
github.com/edlitmus/halite/internal/yaml/scalars.go:429.8,431.26 2 1
github.com/edlitmus/halite/internal/yaml/scalars.go:431.26,432.16 1 1
github.com/edlitmus/halite/internal/yaml/scalars.go:432.16,435.13 3 0
github.com/edlitmus/halite/internal/yaml/scalars.go:437.4,438.13 2 1
github.com/edlitmus/halite/internal/yaml/scalars.go:438.13,439.12 1 1
github.com/edlitmus/halite/internal/yaml/scalars.go:440.25,440.25 0 0
github.com/edlitmus/halite/internal/yaml/scalars.go:442.43,443.23 1 1
github.com/edlitmus/halite/internal/yaml/scalars.go:444.13,445.22 1 1
github.com/edlitmus/halite/internal/yaml/scalars.go:448.4,450.35 3 1
github.com/edlitmus/halite/internal/yaml/scalars.go:454.2,454.15 1 1
github.com/edlitmus/halite/internal/yaml/scalars.go:455.11,456.25 1 1
github.com/edlitmus/halite/internal/yaml/scalars.go:457.11,458.65 1 1
github.com/edlitmus/halite/internal/yaml/scalars.go:459.10,460.32 1 1
github.com/edlitmus/halite/internal/runner/runner.go:45.35,46.32 1 0
github.com/edlitmus/halite/internal/runner/runner.go:46.32,47.26 1 0
github.com/edlitmus/halite/internal/runner/runner.go:47.26,49.4 1 0
github.com/edlitmus/halite/internal/runner/runner.go:51.2,51.14 1 0
github.com/edlitmus/halite/internal/runner/runner.go:55.36,56.32 1 0
github.com/edlitmus/halite/internal/runner/runner.go:56.32,57.30 1 0
github.com/edlitmus/halite/internal/runner/runner.go:57.30,59.4 1 0
github.com/edlitmus/halite/internal/runner/runner.go:61.2,61.14 1 0
github.com/edlitmus/halite/internal/runner/runner.go:66.35,67.9 1 0
github.com/edlitmus/halite/internal/runner/runner.go:68.18,69.11 1 0
github.com/edlitmus/halite/internal/runner/runner.go:70.20,71.11 1 0
github.com/edlitmus/halite/internal/runner/runner.go:72.10,73.11 1 0
github.com/edlitmus/halite/internal/runner/runner.go:95.56,96.18 1 0
github.com/edlitmus/halite/internal/runner/runner.go:96.18,98.3 1 0
github.com/edlitmus/halite/internal/runner/runner.go:99.2,99.20 1 0
github.com/edlitmus/halite/internal/runner/runner.go:99.20,101.3 1 0
github.com/edlitmus/halite/internal/runner/runner.go:103.2,110.28 4 0
github.com/edlitmus/halite/internal/runner/runner.go:110.28,111.24 1 0
github.com/edlitmus/halite/internal/runner/runner.go:111.24,113.4 1 0
github.com/edlitmus/halite/internal/runner/runner.go:115.3,119.18 4 0
github.com/edlitmus/halite/internal/runner/runner.go:119.18,124.12 4 0
github.com/edlitmus/halite/internal/runner/runner.go:127.3,128.20 2 0
github.com/edlitmus/halite/internal/runner/runner.go:128.20,133.12 5 0
github.com/edlitmus/halite/internal/runner/runner.go:136.3,136.46 1 0
github.com/edlitmus/halite/internal/runner/runner.go:136.46,141.12 5 0
github.com/edlitmus/halite/internal/runner/runner.go:144.3,148.46 4 0
github.com/edlitmus/halite/internal/runner/runner.go:148.46,151.4 2 0
github.com/edlitmus/halite/internal/runner/runner.go:154.2,156.12 3 0
github.com/edlitmus/halite/internal/runner/runner.go:169.110,176.30 2 0
github.com/edlitmus/halite/internal/runner/runner.go:176.30,178.24 2 0
github.com/edlitmus/halite/internal/runner/runner.go:178.24,179.12 1 0
github.com/edlitmus/halite/internal/runner/runner.go:182.3,182.19 1 0
github.com/edlitmus/halite/internal/runner/runner.go:183.35,184.32 1 0
github.com/edlitmus/halite/internal/runner/runner.go:184.32,186.19 2 0
github.com/edlitmus/halite/internal/runner/runner.go:186.19,187.14 1 0
github.com/edlitmus/halite/internal/runner/runner.go:189.5,189.28 1 0
github.com/edlitmus/halite/internal/runner/runner.go:189.28,192.6 1 0
github.com/edlitmus/halite/internal/runner/runner.go:194.4,194.63 1 0
github.com/edlitmus/halite/internal/runner/runner.go:194.63,196.5 1 0
github.com/edlitmus/halite/internal/runner/runner.go:198.41,199.39 1 0
github.com/edlitmus/halite/internal/runner/runner.go:199.39,202.5 1 0
github.com/edlitmus/halite/internal/runner/runner.go:203.4,203.66 1 0
github.com/edlitmus/halite/internal/runner/runner.go:203.66,205.5 1 0
github.com/edlitmus/halite/internal/runner/runner.go:207.24,209.36 2 0
github.com/edlitmus/halite/internal/runner/runner.go:209.36,211.5 1 0
github.com/edlitmus/halite/internal/runner/runner.go:213.27,215.36 2 0
github.com/edlitmus/halite/internal/runner/runner.go:215.36,217.5 1 0
github.com/edlitmus/halite/internal/runner/runner.go:219.21,221.35 2 0
github.com/edlitmus/halite/internal/runner/runner.go:221.35,223.5 1 0
github.com/edlitmus/halite/internal/runner/runner.go:225.24,227.35 2 0
github.com/edlitmus/halite/internal/runner/runner.go:227.35,229.5 1 0
github.com/edlitmus/halite/internal/runner/runner.go:231.24,233.35 2 0
github.com/edlitmus/halite/internal/runner/runner.go:233.35,235.5 1 0
github.com/edlitmus/halite/internal/runner/runner.go:237.21,240.45 1 0
github.com/edlitmus/halite/internal/runner/runner.go:240.45,243.5 1 0
github.com/edlitmus/halite/internal/runner/runner.go:245.32,245.32 0 0
github.com/edlitmus/halite/internal/runner/runner.go:253.2,253.41 1 0
github.com/edlitmus/halite/internal/runner/runner.go:253.41,256.3 1 0
github.com/edlitmus/halite/internal/runner/runner.go:257.2,257.35 1 0
github.com/edlitmus/halite/internal/runner/runner.go:257.35,260.3 1 0
github.com/edlitmus/halite/internal/runner/runner.go:261.2,261.41 1 0
github.com/edlitmus/halite/internal/runner/runner.go:267.79,268.30 1 0
github.com/edlitmus/halite/internal/runner/runner.go:268.30,273.17 5 0
github.com/edlitmus/halite/internal/runner/runner.go:273.17,278.4 1 0
github.com/edlitmus/halite/internal/runner/runner.go:279.3,279.44 1 0
github.com/edlitmus/halite/internal/runner/runner.go:279.44,281.4 1 0
github.com/edlitmus/halite/internal/runner/runner.go:283.2,283.14 1 0
github.com/edlitmus/halite/internal/runner/runner.go:287.71,288.39 1 0
github.com/edlitmus/halite/internal/runner/runner.go:288.39,289.23 1 0
github.com/edlitmus/halite/internal/runner/runner.go:289.23,291.4 1 0
github.com/edlitmus/halite/internal/runner/runner.go:293.2,293.38 1 0
github.com/edlitmus/halite/internal/runner/runner.go:293.38,295.17 2 0
github.com/edlitmus/halite/internal/runner/runner.go:295.17,297.4 1 0
github.com/edlitmus/halite/internal/runner/runner.go:298.3,298.9 1 0
github.com/edlitmus/halite/internal/runner/runner.go:298.9,300.4 1 0
github.com/edlitmus/halite/internal/runner/runner.go:302.2,302.29 1 0
github.com/edlitmus/halite/internal/runner/runner.go:302.29,303.39 1 0
github.com/edlitmus/halite/internal/runner/runner.go:303.39,305.18 2 0
github.com/edlitmus/halite/internal/runner/runner.go:305.18,307.5 1 0
github.com/edlitmus/halite/internal/runner/runner.go:308.4,308.11 1 0
github.com/edlitmus/halite/internal/runner/runner.go:308.11,310.5 1 0
github.com/edlitmus/halite/internal/runner/runner.go:313.2,313.31 1 0
github.com/edlitmus/halite/internal/runner/runner.go:320.73,321.26 1 0
github.com/edlitmus/halite/internal/runner/runner.go:322.14,330.17 2 0
github.com/edlitmus/halite/internal/runner/runner.go:330.17,332.4 1 0
github.com/edlitmus/halite/internal/runner/runner.go:333.3,333.28 1 0
github.com/edlitmus/halite/internal/runner/runner.go:335.18,337.19 2 0
github.com/edlitmus/halite/internal/runner/runner.go:337.19,339.4 1 0
github.com/edlitmus/halite/internal/runner/runner.go:340.3,341.36 2 0
github.com/edlitmus/halite/internal/runner/runner.go:341.36,342.36 1 0
github.com/edlitmus/halite/internal/runner/runner.go:342.36,343.35 1 0
github.com/edlitmus/halite/internal/runner/runner.go:343.35,345.6 1 0
github.com/edlitmus/halite/internal/runner/runner.go:348.3,349.33 2 0
github.com/edlitmus/halite/internal/runner/runner.go:349.33,350.33 1 0
github.com/edlitmus/halite/internal/runner/runner.go:350.33,352.5 1 0
github.com/edlitmus/halite/internal/runner/runner.go:354.3,355.17 2 0
github.com/edlitmus/halite/internal/runner/runner.go:355.17,357.4 1 0
github.com/edlitmus/halite/internal/runner/runner.go:358.3,358.32 1 0
github.com/edlitmus/halite/internal/runner/runner.go:360.12,361.16 1 0
github.com/edlitmus/halite/internal/runner/runner.go:363.2,364.24 1 0
github.com/edlitmus/halite/internal/runner/runner.go:367.44,370.2 2 0
github.com/edlitmus/halite/internal/runner/runner.go:373.74,374.40 1 0
github.com/edlitmus/halite/internal/runner/runner.go:374.40,375.17 1 0
github.com/edlitmus/halite/internal/runner/runner.go:375.17,377.4 1 0
github.com/edlitmus/halite/internal/runner/runner.go:378.3,378.50 1 0
github.com/edlitmus/halite/internal/runner/runner.go:381.2,382.16 2 0
github.com/edlitmus/halite/internal/runner/runner.go:382.16,384.3 1 0
github.com/edlitmus/halite/internal/runner/runner.go:386.2,386.42 1 0
github.com/edlitmus/halite/internal/runner/runner.go:386.42,387.57 1 0
github.com/edlitmus/halite/internal/runner/runner.go:387.57,388.38 1 0
github.com/edlitmus/halite/internal/runner/runner.go:388.38,389.10 1 0
github.com/edlitmus/halite/internal/runner/runner.go:391.4,394.18 4 0
github.com/edlitmus/halite/internal/runner/runner.go:394.18,396.5 1 0
github.com/edlitmus/halite/internal/runner/runner.go:400.2,400.50 1 0
github.com/edlitmus/halite/internal/runner/runner.go:400.50,402.3 1 0
github.com/edlitmus/halite/internal/runner/runner.go:403.2,403.20 1 0
github.com/edlitmus/halite/internal/runner/runner.go:403.20,405.3 1 0
github.com/edlitmus/halite/internal/runner/runner.go:406.2,406.12 1 0
github.com/edlitmus/halite/internal/runner/runner.go:411.82,412.39 1 0
github.com/edlitmus/halite/internal/runner/runner.go:412.39,420.17 2 0
github.com/edlitmus/halite/internal/runner/runner.go:420.17,422.4 1 0
github.com/edlitmus/halite/internal/runner/runner.go:423.3,423.20 1 0
github.com/edlitmus/halite/internal/runner/runner.go:423.20,427.4 3 0
github.com/edlitmus/halite/internal/runner/runner.go:429.2,429.12 1 0
github.com/edlitmus/halite/internal/runner/runner.go:434.94,435.17 1 0
github.com/edlitmus/halite/internal/runner/runner.go:435.17,437.3 1 0
github.com/edlitmus/halite/internal/runner/runner.go:438.2,438.28 1 0
github.com/edlitmus/halite/internal/runner/runner.go:438.28,440.31 2 0
github.com/edlitmus/halite/internal/runner/runner.go:440.31,441.32 1 0
github.com/edlitmus/halite/internal/runner/runner.go:441.32,442.13 1 0
github.com/edlitmus/halite/internal/runner/runner.go:444.4,444.41 1 0
github.com/edlitmus/halite/internal/runner/runner.go:444.41,446.5 1 0
github.com/edlitmus/halite/internal/runner/runner.go:448.3,448.12 1 0
github.com/edlitmus/halite/internal/runner/runner.go:448.12,449.12 1 0
github.com/edlitmus/halite/internal/runner/runner.go:451.3,453.17 3 0
github.com/edlitmus/halite/internal/runner/runner.go:453.17,455.4 1 0
github.com/edlitmus/halite/internal/runner/runner.go:456.3,456.21 1 0
github.com/edlitmus/halite/internal/runner/runner.go:456.21,458.4 1 0
github.com/edlitmus/halite/internal/runner/runner.go:459.3,463.8 5 0
github.com/edlitmus/halite/internal/runner/runner.go:467.52,468.29 1 0
github.com/edlitmus/halite/internal/runner/runner.go:468.29,470.3 1 0
github.com/edlitmus/halite/internal/runner/runner.go:471.2,471.19 1 0
github.com/edlitmus/halite/internal/runner/runner.go:476.61,477.30 1 0
github.com/edlitmus/halite/internal/runner/runner.go:477.30,478.84 1 0
github.com/edlitmus/halite/internal/runner/runner.go:478.84,480.4 1 0
github.com/edlitmus/halite/internal/runner/runner.go:482.2,482.14 1 0
github.com/edlitmus/halite/internal/runner/runner.go:485.61,486.23 1 0
github.com/edlitmus/halite/internal/runner/runner.go:486.23,488.3 1 0
github.com/edlitmus/halite/internal/runner/runner.go:489.2,489.30 1 0
github.com/edlitmus/halite/internal/runner/runner.go:489.30,490.86 1 0
github.com/edlitmus/halite/internal/runner/runner.go:490.86,492.4 1 0
github.com/edlitmus/halite/internal/runner/runner.go:494.2,494.13 1 0
github.com/edlitmus/halite/internal/runner/runner.go:497.63,498.30 1 0
github.com/edlitmus/halite/internal/runner/runner.go:498.30,499.108 1 0
github.com/edlitmus/halite/internal/runner/runner.go:499.108,501.4 1 0
github.com/edlitmus/halite/internal/runner/runner.go:503.2,503.14 1 0
github.com/edlitmus/halite/internal/runner/runner.go:506.60,507.30 1 0
github.com/edlitmus/halite/internal/runner/runner.go:507.30,508.80 1 0
github.com/edlitmus/halite/internal/runner/runner.go:508.80,510.4 1 0
github.com/edlitmus/halite/internal/runner/runner.go:512.2,512.14 1 0
github.com/edlitmus/halite/internal/runner/runner.go:515.60,516.23 1 0
github.com/edlitmus/halite/internal/runner/runner.go:516.23,518.3 1 0
github.com/edlitmus/halite/internal/runner/runner.go:519.2,519.30 1 0
github.com/edlitmus/halite/internal/runner/runner.go:519.30,520.82 1 0
github.com/edlitmus/halite/internal/runner/runner.go:520.82,522.4 1 0
github.com/edlitmus/halite/internal/runner/runner.go:524.2,524.13 1 0
github.com/edlitmus/halite/internal/runner/runner.go:527.39,529.2 1 0
github.com/edlitmus/halite/internal/runner/runner.go:531.63,533.30 2 0
github.com/edlitmus/halite/internal/runner/runner.go:533.30,534.24 1 0
github.com/edlitmus/halite/internal/runner/runner.go:534.24,536.4 1 0
github.com/edlitmus/halite/internal/runner/runner.go:538.2,538.34 1 0
github.com/edlitmus/halite/internal/runner/schema.go:18.42,20.32 2 0
github.com/edlitmus/halite/internal/runner/schema.go:20.32,22.3 1 0
github.com/edlitmus/halite/internal/runner/schema.go:23.2,23.12 1 0
github.com/edlitmus/halite/internal/runner/schema.go:27.43,33.25 6 0
github.com/edlitmus/halite/internal/runner/schema.go:33.25,35.3 1 0
github.com/edlitmus/halite/internal/runner/schema.go:39.2,39.28 1 0
github.com/edlitmus/halite/internal/runner/schema.go:39.28,41.3 1 0
github.com/edlitmus/halite/internal/runner/schema.go:41.8,43.3 1 0
github.com/edlitmus/halite/internal/runner/schema.go:45.2,46.20 2 0
github.com/edlitmus/halite/internal/runner/schema.go:46.20,48.3 1 0
github.com/edlitmus/halite/internal/runner/schema.go:49.2,56.38 6 0
github.com/edlitmus/halite/internal/runner/schema.go:56.38,58.3 1 0
github.com/edlitmus/halite/internal/runner/schema.go:59.2,60.10 2 0
github.com/edlitmus/halite/internal/runner/schema.go:75.54,77.30 2 0
github.com/edlitmus/halite/internal/runner/schema.go:77.30,79.3 1 0
github.com/edlitmus/halite/internal/runner/schema.go:80.2,81.15 2 0
github.com/edlitmus/halite/internal/runner/schema.go:81.15,83.3 1 0
github.com/edlitmus/halite/internal/runner/schema.go:84.2,97.3 1 0
github.com/edlitmus/halite/internal/runner/schema.go:112.41,114.32 2 0
github.com/edlitmus/halite/internal/runner/schema.go:114.32,115.10 1 0
github.com/edlitmus/halite/internal/runner/schema.go:116.28,117.14 1 0
github.com/edlitmus/halite/internal/runner/schema.go:118.33,119.17 1 0
github.com/edlitmus/halite/internal/runner/schema.go:120.11,121.17 1 0
github.com/edlitmus/halite/internal/runner/schema.go:123.3,123.58 1 0
github.com/edlitmus/halite/internal/runner/schema.go:123.58,125.4 1 0
github.com/edlitmus/halite/internal/runner/schema.go:126.3,126.18 1 0
github.com/edlitmus/halite/internal/runner/schema.go:126.18,128.4 1 0
github.com/edlitmus/halite/internal/runner/schema.go:130.2,130.10 1 0
github.com/edlitmus/halite/internal/runner/schema.go:134.34,138.19 2 0
github.com/edlitmus/halite/internal/runner/schema.go:138.19,140.3 1 0
github.com/edlitmus/halite/internal/runner/schema.go:141.2,141.21 1 0
github.com/edlitmus/halite/internal/runner/schema.go:141.21,143.3 1 0
github.com/edlitmus/halite/internal/runner/schema.go:144.2,145.19 2 0
github.com/edlitmus/halite/internal/runner/schema.go:145.19,147.3 1 0
github.com/edlitmus/halite/internal/runner/schema.go:148.2,150.34 3 0
github.com/edlitmus/halite/internal/runner/schema.go:155.48,157.32 2 0
github.com/edlitmus/halite/internal/runner/schema.go:157.32,162.23 5 0
github.com/edlitmus/halite/internal/runner/schema.go:162.23,164.4 1 0
github.com/edlitmus/halite/internal/runner/schema.go:165.3,169.30 5 0
github.com/edlitmus/halite/internal/runner/schema.go:169.30,172.4 2 0
github.com/edlitmus/halite/internal/runner/schema.go:173.3,173.41 1 0
github.com/edlitmus/halite/internal/runner/schema.go:173.41,175.4 1 0
github.com/edlitmus/halite/internal/runner/schema.go:177.2,178.19 2 0
github.com/edlitmus/halite/internal/runner/schema.go:181.68,182.32 1 0
github.com/edlitmus/halite/internal/runner/schema.go:182.32,184.28 2 0
github.com/edlitmus/halite/internal/runner/schema.go:185.19,188.24 3 0
github.com/edlitmus/halite/internal/runner/schema.go:188.24,192.13 4 0
github.com/edlitmus/halite/internal/runner/schema.go:194.4,195.37 2 0
github.com/edlitmus/halite/internal/runner/schema.go:196.11,197.66 1 0
github.com/edlitmus/halite/internal/runner/schema.go:202.33,203.23 1 0
github.com/edlitmus/halite/internal/runner/schema.go:204.11,205.20 1 0
github.com/edlitmus/halite/internal/runner/schema.go:206.14,207.14 1 0
github.com/edlitmus/halite/internal/runner/schema.go:207.14,209.4 1 0
github.com/edlitmus/halite/internal/runner/schema.go:210.3,210.32 1 0
github.com/edlitmus/halite/internal/runner/schema.go:210.32,212.22 2 0
github.com/edlitmus/halite/internal/runner/schema.go:212.22,214.5 1 0
github.com/edlitmus/halite/internal/runner/schema.go:215.4,215.60 1 0
github.com/edlitmus/halite/internal/runner/schema.go:217.3,217.11 1 0
github.com/edlitmus/halite/internal/runner/schema.go:218.13,220.26 2 0
github.com/edlitmus/halite/internal/runner/schema.go:220.26,222.4 1 0
github.com/edlitmus/halite/internal/runner/schema.go:223.3,224.35 2 0
github.com/edlitmus/halite/internal/runner/schema.go:226.2,226.27 1 0
github.com/edlitmus/halite/internal/runner/util.go:12.35,15.2 2 0
github.com/edlitmus/halite/internal/runner/util.go:23.45,24.14 1 0
github.com/edlitmus/halite/internal/runner/util.go:24.14,26.3 1 0
github.com/edlitmus/halite/internal/runner/util.go:27.2,28.43 2 0
github.com/edlitmus/halite/internal/runner/util.go:28.43,30.3 1 0
github.com/edlitmus/halite/internal/runner/util.go:31.2,32.25 2 0
github.com/edlitmus/halite/internal/fileserver/fetch.go:22.36,22.85 1 0
github.com/edlitmus/halite/internal/fileserver/fetch.go:25.58,28.16 3 0
github.com/edlitmus/halite/internal/fileserver/fetch.go:28.16,30.3 1 0
github.com/edlitmus/halite/internal/fileserver/fetch.go:31.2,31.18 1 0
github.com/edlitmus/halite/internal/fileserver/fetch.go:35.65,37.16 2 0
github.com/edlitmus/halite/internal/fileserver/fetch.go:37.16,39.3 1 0
github.com/edlitmus/halite/internal/fileserver/fetch.go:40.2,41.21 2 0
github.com/edlitmus/halite/internal/fileserver/fetch.go:41.21,43.3 1 0
github.com/edlitmus/halite/internal/fileserver/fetch.go:44.2,45.16 2 0
github.com/edlitmus/halite/internal/fileserver/fetch.go:45.16,47.3 1 0
github.com/edlitmus/halite/internal/fileserver/fetch.go:48.2,48.31 1 0
github.com/edlitmus/halite/internal/fileserver/fetch.go:52.48,55.2 2 0
github.com/edlitmus/halite/internal/fileserver/hash.go:18.53,20.36 2 0
github.com/edlitmus/halite/internal/fileserver/hash.go:21.20,22.19 1 0
github.com/edlitmus/halite/internal/fileserver/hash.go:23.16,24.22 1 0
github.com/edlitmus/halite/internal/fileserver/hash.go:25.16,26.19 1 0
github.com/edlitmus/halite/internal/fileserver/hash.go:27.10,28.63 1 0
github.com/edlitmus/halite/internal/fileserver/hash.go:30.2,31.16 2 0
github.com/edlitmus/halite/internal/fileserver/hash.go:31.16,33.3 1 0
github.com/edlitmus/halite/internal/fileserver/hash.go:34.2,35.41 2 0
github.com/edlitmus/halite/internal/fileserver/hash.go:35.41,37.3 1 0
github.com/edlitmus/halite/internal/fileserver/hash.go:38.2,38.44 1 0
github.com/edlitmus/halite/internal/fileserver/roots.go:44.48,46.2 1 0
github.com/edlitmus/halite/internal/fileserver/roots.go:50.33,52.26 2 0
github.com/edlitmus/halite/internal/fileserver/roots.go:52.26,54.3 1 0
github.com/edlitmus/halite/internal/fileserver/roots.go:55.2,56.24 2 0
github.com/edlitmus/halite/internal/fileserver/roots.go:56.24,57.28 1 0
github.com/edlitmus/halite/internal/fileserver/roots.go:57.28,59.9 2 0
github.com/edlitmus/halite/internal/fileserver/roots.go:62.2,62.12 1 0
github.com/edlitmus/halite/internal/fileserver/roots.go:70.58,72.9 2 0
github.com/edlitmus/halite/internal/fileserver/roots.go:72.9,74.3 1 0
github.com/edlitmus/halite/internal/fileserver/roots.go:75.2,76.22 2 0
github.com/edlitmus/halite/internal/fileserver/roots.go:76.22,78.3 1 0
github.com/edlitmus/halite/internal/fileserver/roots.go:80.2,81.27 2 0
github.com/edlitmus/halite/internal/fileserver/roots.go:81.27,83.17 2 0
github.com/edlitmus/halite/internal/fileserver/roots.go:83.17,84.38 1 0
github.com/edlitmus/halite/internal/fileserver/roots.go:84.38,88.5 1 0
github.com/edlitmus/halite/internal/fileserver/roots.go:89.4,90.12 2 0
github.com/edlitmus/halite/internal/fileserver/roots.go:92.3,92.42 1 0
github.com/edlitmus/halite/internal/fileserver/roots.go:92.42,94.12 2 0
github.com/edlitmus/halite/internal/fileserver/roots.go:96.3,96.19 1 0
github.com/edlitmus/halite/internal/fileserver/roots.go:98.2,98.20 1 0
github.com/edlitmus/halite/internal/fileserver/roots.go:103.80,105.16 2 0
github.com/edlitmus/halite/internal/fileserver/roots.go:105.16,107.3 1 0
github.com/edlitmus/halite/internal/fileserver/roots.go:110.2,110.65 1 0
github.com/edlitmus/halite/internal/fileserver/roots.go:110.65,112.3 1 0
github.com/edlitmus/halite/internal/fileserver/roots.go:114.2,115.30 2 0
github.com/edlitmus/halite/internal/fileserver/roots.go:115.30,117.3 1 0
github.com/edlitmus/halite/internal/fileserver/roots.go:122.2,123.16 2 0
github.com/edlitmus/halite/internal/fileserver/roots.go:123.16,124.25 1 0
github.com/edlitmus/halite/internal/fileserver/roots.go:124.25,128.4 1 0
github.com/edlitmus/halite/internal/fileserver/roots.go:129.3,129.17 1 0
github.com/edlitmus/halite/internal/fileserver/roots.go:131.2,131.39 1 0
github.com/edlitmus/halite/internal/fileserver/roots.go:131.39,133.29 1 0
github.com/edlitmus/halite/internal/fileserver/roots.go:133.29,135.4 1 0
github.com/edlitmus/halite/internal/fileserver/roots.go:136.3,136.93 1 0
github.com/edlitmus/halite/internal/fileserver/roots.go:138.2,138.28 1 0
github.com/edlitmus/halite/internal/fileserver/roots.go:138.28,140.3 1 0
github.com/edlitmus/halite/internal/fileserver/roots.go:141.2,141.20 1 0
github.com/edlitmus/halite/internal/fileserver/roots.go:146.34,147.15 1 0
github.com/edlitmus/halite/internal/fileserver/roots.go:147.15,149.3 1 0
github.com/edlitmus/halite/internal/fileserver/roots.go:150.2,150.62 1 0
github.com/edlitmus/halite/internal/fileserver/roots.go:153.44,154.34 1 0
github.com/edlitmus/halite/internal/fileserver/roots.go:154.34,155.81 1 0
github.com/edlitmus/halite/internal/fileserver/roots.go:155.81,157.4 1 0
github.com/edlitmus/halite/internal/fileserver/roots.go:158.3,158.67 1 0
github.com/edlitmus/halite/internal/fileserver/roots.go:158.67,160.4 1 0
github.com/edlitmus/halite/internal/fileserver/roots.go:162.2,162.14 1 0
github.com/edlitmus/halite/internal/fileserver/roots.go:166.63,168.16 2 0
github.com/edlitmus/halite/internal/fileserver/roots.go:168.16,170.3 1 0
github.com/edlitmus/halite/internal/fileserver/roots.go:171.2,172.16 2 0
github.com/edlitmus/halite/internal/fileserver/roots.go:172.16,174.3 1 0
github.com/edlitmus/halite/internal/fileserver/roots.go:175.2,175.21 1 0
github.com/edlitmus/halite/internal/fileserver/roots.go:182.41,185.2 2 0
github.com/edlitmus/halite/internal/fileserver/roots.go:189.65,190.47 1 0
github.com/edlitmus/halite/internal/fileserver/roots.go:190.47,192.17 2 0
github.com/edlitmus/halite/internal/fileserver/roots.go:192.17,194.4 1 0
github.com/edlitmus/halite/internal/fileserver/roots.go:195.3,195.37 1 0
github.com/edlitmus/halite/internal/fileserver/roots.go:195.37,197.4 1 0
github.com/edlitmus/halite/internal/fileserver/roots.go:199.2,199.85 1 0
github.com/edlitmus/halite/internal/fileserver/roots.go:204.55,206.2 1 0
github.com/edlitmus/halite/internal/fileserver/roots.go:214.65,217.53 1 0
github.com/edlitmus/halite/internal/fileserver/roots.go:217.53,219.17 2 0
github.com/edlitmus/halite/internal/fileserver/roots.go:219.17,221.4 1 0
github.com/edlitmus/halite/internal/fileserver/roots.go:222.3,222.37 1 0
github.com/edlitmus/halite/internal/fileserver/roots.go:222.37,224.4 1 0
github.com/edlitmus/halite/internal/fileserver/roots.go:226.2,226.65 1 0
github.com/edlitmus/halite/internal/fileserver/roots.go:229.47,232.98 3 0
github.com/edlitmus/halite/internal/fileserver/roots.go:232.98,234.3 1 0
github.com/edlitmus/halite/internal/fileserver/roots.go:235.2,235.37 1 0
github.com/edlitmus/halite/internal/fileserver/roots.go:235.37,237.3 1 0
github.com/edlitmus/halite/internal/fileserver/roots.go:238.2,238.12 1 0
github.com/edlitmus/halite/internal/fileserver/roots.go:246.37,248.58 2 0
github.com/edlitmus/halite/internal/fileserver/roots.go:248.58,249.35 1 0
github.com/edlitmus/halite/internal/fileserver/roots.go:249.35,251.9 2 0
github.com/edlitmus/halite/internal/fileserver/roots.go:254.2,254.44 1 0
github.com/edlitmus/halite/internal/fileserver/roots.go:254.44,256.3 1 0
github.com/edlitmus/halite/internal/fileserver/roots.go:257.2,257.10 1 0
github.com/edlitmus/halite/internal/fileserver/roots.go:262.41,264.11 2 0
github.com/edlitmus/halite/internal/fileserver/roots.go:264.11,266.3 1 0
github.com/edlitmus/halite/internal/fileserver/roots.go:267.2,267.53 1 0
github.com/edlitmus/halite/internal/fileserver/roots.go:267.53,269.10 2 0
github.com/edlitmus/halite/internal/fileserver/roots.go:269.10,270.12 1 0
github.com/edlitmus/halite/internal/fileserver/roots.go:272.3,272.35 1 0
github.com/edlitmus/halite/internal/fileserver/roots.go:272.35,274.4 1 0
github.com/edlitmus/halite/internal/fileserver/roots.go:276.2,276.12 1 0
github.com/edlitmus/halite/internal/fileserver/roots.go:281.36,283.2 1 0
github.com/edlitmus/halite/internal/fileserver/roots.go:287.52,289.9 2 0
github.com/edlitmus/halite/internal/fileserver/roots.go:289.9,291.3 1 0
github.com/edlitmus/halite/internal/fileserver/roots.go:292.2,294.27 3 0
github.com/edlitmus/halite/internal/fileserver/roots.go:294.27,296.17 2 0
github.com/edlitmus/halite/internal/fileserver/roots.go:296.17,298.4 1 0
github.com/edlitmus/halite/internal/fileserver/roots.go:299.3,299.82 1 0
github.com/edlitmus/halite/internal/fileserver/roots.go:299.82,300.18 1 0
github.com/edlitmus/halite/internal/fileserver/roots.go:300.18,301.27 1 0
github.com/edlitmus/halite/internal/fileserver/roots.go:301.27,303.6 1 0
github.com/edlitmus/halite/internal/fileserver/roots.go:304.5,304.15 1 0
github.com/edlitmus/halite/internal/fileserver/roots.go:306.4,306.17 1 0
github.com/edlitmus/halite/internal/fileserver/roots.go:306.17,308.5 1 0
github.com/edlitmus/halite/internal/fileserver/roots.go:309.4,310.18 2 0
github.com/edlitmus/halite/internal/fileserver/roots.go:310.18,312.5 1 0
github.com/edlitmus/halite/internal/fileserver/roots.go:313.4,314.28 2 0
github.com/edlitmus/halite/internal/fileserver/roots.go:314.28,316.5 1 0
github.com/edlitmus/halite/internal/fileserver/roots.go:317.4,317.17 1 0
github.com/edlitmus/halite/internal/fileserver/roots.go:317.17,319.5 1 0
github.com/edlitmus/halite/internal/fileserver/roots.go:320.4,322.14 3 0
github.com/edlitmus/halite/internal/fileserver/roots.go:324.3,324.17 1 0
github.com/edlitmus/halite/internal/fileserver/roots.go:324.17,326.4 1 0
github.com/edlitmus/halite/internal/fileserver/roots.go:328.2,329.17 2 0
github.com/edlitmus/halite/internal/cli/cli.go:33.46,34.32 1 0
github.com/edlitmus/halite/internal/cli/cli.go:34.32,35.14 1 0
github.com/edlitmus/halite/internal/cli/cli.go:35.14,37.4 1 0
github.com/edlitmus/halite/internal/cli/cli.go:38.3,38.11 1 0
github.com/edlitmus/halite/internal/cli/cli.go:40.2,40.12 1 0
github.com/edlitmus/halite/internal/cli/cli.go:44.38,44.75 2 0
github.com/edlitmus/halite/internal/cli/cli.go:47.49,49.9 2 0
github.com/edlitmus/halite/internal/cli/cli.go:49.9,51.3 1 0
github.com/edlitmus/halite/internal/cli/cli.go:52.2,52.28 1 0
github.com/edlitmus/halite/internal/cli/cli.go:53.36,54.14 1 0
github.com/edlitmus/halite/internal/cli/cli.go:55.33,56.15 1 0
github.com/edlitmus/halite/internal/cli/cli.go:58.2,58.12 1 0
github.com/edlitmus/halite/internal/cli/cli.go:76.42,80.33 3 0
github.com/edlitmus/halite/internal/cli/cli.go:80.33,82.10 2 0
github.com/edlitmus/halite/internal/cli/cli.go:83.20,84.25 1 0
github.com/edlitmus/halite/internal/cli/cli.go:86.56,88.14 2 0
github.com/edlitmus/halite/internal/cli/cli.go:88.14,90.13 2 0
github.com/edlitmus/halite/internal/cli/cli.go:92.4,92.81 1 0
github.com/edlitmus/halite/internal/cli/cli.go:92.81,95.13 3 0
github.com/edlitmus/halite/internal/cli/cli.go:97.4,97.22 1 0
github.com/edlitmus/halite/internal/cli/cli.go:99.71,103.61 2 0
github.com/edlitmus/halite/internal/cli/cli.go:103.61,106.13 3 0
github.com/edlitmus/halite/internal/cli/cli.go:108.4,108.22 1 0
github.com/edlitmus/halite/internal/cli/cli.go:110.28,113.18 3 0
github.com/edlitmus/halite/internal/cli/cli.go:113.18,115.5 1 0
github.com/edlitmus/halite/internal/cli/cli.go:116.4,116.29 1 0
github.com/edlitmus/halite/internal/cli/cli.go:118.11,119.44 1 0
github.com/edlitmus/halite/internal/cli/cli.go:122.2,122.15 1 0
github.com/edlitmus/halite/internal/cli/cli.go:127.38,129.22 2 0
github.com/edlitmus/halite/internal/cli/cli.go:129.22,131.3 1 0
github.com/edlitmus/halite/internal/cli/cli.go:132.2,132.24 1 0
github.com/edlitmus/halite/internal/cli/cli.go:132.24,133.10 1 0
github.com/edlitmus/halite/internal/cli/cli.go:134.61,134.61 0 0
github.com/edlitmus/halite/internal/cli/cli.go:135.38,135.38 0 0
github.com/edlitmus/halite/internal/cli/cli.go:136.11,137.16 1 0
github.com/edlitmus/halite/internal/cli/cli.go:140.2,140.13 1 0
github.com/edlitmus/halite/internal/cli/cli.go:149.45,151.23 2 0
github.com/edlitmus/halite/internal/cli/cli.go:151.23,152.21 1 0
github.com/edlitmus/halite/internal/cli/cli.go:153.17,155.18 2 0
github.com/edlitmus/halite/internal/cli/cli.go:155.18,157.5 1 0
github.com/edlitmus/halite/internal/cli/cli.go:158.4,158.17 1 0
github.com/edlitmus/halite/internal/cli/cli.go:163.2,163.17 1 0
github.com/edlitmus/halite/internal/cli/cli.go:164.22,165.19 1 0
github.com/edlitmus/halite/internal/cli/cli.go:166.24,167.20 1 0
github.com/edlitmus/halite/internal/cli/cli.go:168.22,169.18 1 0
github.com/edlitmus/halite/internal/cli/cli.go:171.2,171.15 1 0
github.com/edlitmus/halite/internal/cli/cli.go:193.44,194.19 1 0
github.com/edlitmus/halite/internal/cli/cli.go:195.38,196.24 1 0
github.com/edlitmus/halite/internal/cli/cli.go:197.10,198.21 1 0
github.com/edlitmus/halite/internal/cli/cli.go:200.2,200.104 1 0
github.com/edlitmus/halite/internal/cli/cli.go:204.60,205.11 1 0
github.com/edlitmus/halite/internal/cli/cli.go:206.13,207.13 1 0
github.com/edlitmus/halite/internal/cli/cli.go:208.12,210.17 2 0
github.com/edlitmus/halite/internal/cli/cli.go:210.17,212.4 1 0
github.com/edlitmus/halite/internal/cli/cli.go:213.3,214.13 2 0
github.com/edlitmus/halite/internal/cli/cli.go:215.12,217.13 2 0
github.com/edlitmus/halite/internal/cli/cli.go:218.11,219.24 1 0
github.com/edlitmus/halite/internal/cli/cli.go:220.10,221.30 1 0
github.com/edlitmus/halite/internal/cli/cli.go:225.41,227.9 2 0
github.com/edlitmus/halite/internal/cli/cli.go:227.9,230.3 2 0
github.com/edlitmus/halite/internal/cli/cli.go:231.2,231.32 1 0
github.com/edlitmus/halite/internal/cli/cli.go:231.32,232.100 1 0
github.com/edlitmus/halite/internal/cli/cli.go:232.100,234.4 1 0
github.com/edlitmus/halite/internal/cli/cli.go:236.2,236.12 1 0
github.com/edlitmus/halite/internal/cli/cli.go:240.55,242.23 2 0
github.com/edlitmus/halite/internal/cli/cli.go:243.18,244.33 1 0
github.com/edlitmus/halite/internal/cli/cli.go:244.33,246.31 2 0
github.com/edlitmus/halite/internal/cli/cli.go:247.20,248.23 1 0
github.com/edlitmus/halite/internal/cli/cli.go:248.23,250.14 2 0
github.com/edlitmus/halite/internal/cli/cli.go:252.5,253.56 2 0
github.com/edlitmus/halite/internal/cli/cli.go:253.56,255.6 1 0
github.com/edlitmus/halite/internal/cli/cli.go:256.15,257.22 1 0
github.com/edlitmus/halite/internal/cli/cli.go:257.22,259.14 2 0
github.com/edlitmus/halite/internal/cli/cli.go:261.5,262.56 2 0
github.com/edlitmus/halite/internal/cli/cli.go:262.56,264.6 1 0
github.com/edlitmus/halite/internal/cli/cli.go:265.12,266.64 1 0
github.com/edlitmus/halite/internal/cli/cli.go:269.13,270.26 1 0
github.com/edlitmus/halite/internal/cli/cli.go:270.26,271.30 1 0
github.com/edlitmus/halite/internal/cli/cli.go:272.27,274.56 2 0
github.com/edlitmus/halite/internal/cli/cli.go:274.56,276.6 1 0
github.com/edlitmus/halite/internal/cli/cli.go:277.12,278.56 1 0
github.com/edlitmus/halite/internal/cli/cli.go:281.10,282.49 1 0
github.com/edlitmus/halite/internal/cli/cli.go:284.2,284.12 1 0
github.com/edlitmus/halite/internal/cli/cli.go:287.33,288.23 1 0
github.com/edlitmus/halite/internal/cli/cli.go:289.11,290.16 1 0
github.com/edlitmus/halite/internal/cli/cli.go:291.12,292.8 1 0
github.com/edlitmus/halite/internal/cli/cli.go:292.8,294.4 1 0
github.com/edlitmus/halite/internal/cli/cli.go:295.3,295.17 1 0
github.com/edlitmus/halite/internal/cli/cli.go:296.14,297.32 1 0
github.com/edlitmus/halite/internal/cli/cli.go:297.32,299.4 1 0
github.com/edlitmus/halite/internal/cli/cli.go:300.3,300.11 1 0
github.com/edlitmus/halite/internal/cli/cli.go:302.2,302.27 1 0
github.com/edlitmus/halite/internal/cli/cli.go:307.41,310.2 2 0
github.com/edlitmus/halite/internal/regexcompat/regexcompat.go:33.36,35.2 1 0
github.com/edlitmus/halite/internal/regexcompat/regexcompat.go:59.46,61.27 2 0
github.com/edlitmus/halite/internal/regexcompat/regexcompat.go:61.27,63.7 2 0
github.com/edlitmus/halite/internal/regexcompat/regexcompat.go:63.7,65.13 2 0
github.com/edlitmus/halite/internal/regexcompat/regexcompat.go:65.13,66.10 1 0
github.com/edlitmus/halite/internal/regexcompat/regexcompat.go:68.4,69.29 2 0
github.com/edlitmus/halite/internal/regexcompat/regexcompat.go:69.29,71.5 1 0
github.com/edlitmus/halite/internal/regexcompat/regexcompat.go:72.4,72.16 1 0
github.com/edlitmus/halite/internal/regexcompat/regexcompat.go:75.2,76.14 2 0
github.com/edlitmus/halite/internal/regexcompat/regexcompat.go:81.49,83.38 2 0
github.com/edlitmus/halite/internal/regexcompat/regexcompat.go:83.38,84.48 1 0
github.com/edlitmus/halite/internal/regexcompat/regexcompat.go:84.48,85.12 1 0
github.com/edlitmus/halite/internal/regexcompat/regexcompat.go:87.3,88.10 2 0
github.com/edlitmus/halite/internal/regexcompat/regexcompat.go:89.29,93.6 1 0
github.com/edlitmus/halite/internal/regexcompat/regexcompat.go:94.85,98.6 1 0
github.com/edlitmus/halite/internal/regexcompat/regexcompat.go:101.2,101.14 1 0
github.com/edlitmus/halite/internal/regexcompat/regexcompat.go:106.36,108.46 2 0
github.com/edlitmus/halite/internal/regexcompat/regexcompat.go:108.46,110.3 1 0
github.com/edlitmus/halite/internal/regexcompat/regexcompat.go:111.2,111.17 1 0
github.com/edlitmus/halite/internal/regexcompat/regexcompat.go:121.32,122.28 1 0
github.com/edlitmus/halite/internal/regexcompat/regexcompat.go:122.28,124.3 1 0
github.com/edlitmus/halite/internal/regexcompat/regexcompat.go:125.2,127.33 3 0
github.com/edlitmus/halite/internal/regexcompat/regexcompat.go:127.33,129.25 2 0
github.com/edlitmus/halite/internal/regexcompat/regexcompat.go:129.25,131.4 1 0
github.com/edlitmus/halite/internal/regexcompat/regexcompat.go:133.2,134.19 2 0
github.com/edlitmus/halite/internal/regexcompat/regexcompat.go:137.32,137.50 1 0
github.com/edlitmus/halite/internal/regexcompat/regexcompat.go:141.54,142.45 1 0
github.com/edlitmus/halite/internal/regexcompat/regexcompat.go:142.45,144.3 1 0
github.com/edlitmus/halite/internal/regexcompat/regexcompat.go:145.2,146.16 2 0
github.com/edlitmus/halite/internal/regexcompat/regexcompat.go:146.16,148.3 1 0
github.com/edlitmus/halite/internal/regexcompat/regexcompat.go:149.2,149.16 1 0
github.com/edlitmus/halite/internal/regexcompat/regexcompat.go:154.99,156.16 2 0
github.com/edlitmus/halite/internal/regexcompat/regexcompat.go:156.16,158.3 1 0
github.com/edlitmus/halite/internal/regexcompat/regexcompat.go:159.2,159.15 1 0
github.com/edlitmus/halite/internal/regexcompat/regexcompat.go:159.15,161.3 1 0
github.com/edlitmus/halite/internal/regexcompat/regexcompat.go:162.2,162.12 1 0
github.com/edlitmus/halite/internal/regexcompat/regexcompat.go:162.12,164.3 1 0
github.com/edlitmus/halite/internal/regexcompat/regexcompat.go:165.2,165.17 1 0
github.com/edlitmus/halite/internal/regexcompat/regexcompat.go:165.17,167.3 1 0
github.com/edlitmus/halite/internal/regexcompat/regexcompat.go:168.2,168.25 1 0
github.com/edlitmus/halite/internal/states/conformance.go:54.34,54.67 1 0
github.com/edlitmus/halite/internal/states/conformance.go:57.94,59.50 2 0
github.com/edlitmus/halite/internal/states/conformance.go:59.50,61.3 1 0
github.com/edlitmus/halite/internal/states/conformance.go:62.2,62.23 1 0
github.com/edlitmus/halite/internal/states/conformance.go:62.23,64.3 1 0
github.com/edlitmus/halite/internal/states/conformance.go:66.2,67.9 2 0
github.com/edlitmus/halite/internal/states/conformance.go:67.9,70.3 2 0
github.com/edlitmus/halite/internal/states/conformance.go:71.2,71.58 1 0
github.com/edlitmus/halite/internal/states/conformance.go:71.58,73.3 1 0
github.com/edlitmus/halite/internal/states/conformance.go:76.2,76.21 1 0
github.com/edlitmus/halite/internal/states/conformance.go:76.21,77.36 1 0
github.com/edlitmus/halite/internal/states/conformance.go:77.36,80.4 2 0
github.com/edlitmus/halite/internal/states/conformance.go:82.2,83.16 2 0
github.com/edlitmus/halite/internal/states/conformance.go:83.16,86.3 2 0
github.com/edlitmus/halite/internal/states/conformance.go:87.2,87.46 1 0
github.com/edlitmus/halite/internal/states/conformance.go:87.46,92.3 1 0
github.com/edlitmus/halite/internal/states/conformance.go:93.2,93.52 1 0
github.com/edlitmus/halite/internal/states/conformance.go:93.52,95.3 1 0
github.com/edlitmus/halite/internal/states/conformance.go:96.2,96.54 1 0
github.com/edlitmus/halite/internal/states/conformance.go:96.54,98.3 1 0
github.com/edlitmus/halite/internal/states/conformance.go:101.2,101.21 1 0
github.com/edlitmus/halite/internal/states/conformance.go:101.21,102.36 1 0
github.com/edlitmus/halite/internal/states/conformance.go:102.36,105.4 2 0
github.com/edlitmus/halite/internal/states/conformance.go:107.2,108.16 2 0
github.com/edlitmus/halite/internal/states/conformance.go:108.16,111.3 2 0
github.com/edlitmus/halite/internal/states/conformance.go:112.2,112.28 1 0
github.com/edlitmus/halite/internal/states/conformance.go:112.28,114.3 1 0
github.com/edlitmus/halite/internal/states/conformance.go:115.2,115.23 1 0
github.com/edlitmus/halite/internal/states/conformance.go:115.23,118.3 2 0
github.com/edlitmus/halite/internal/states/conformance.go:119.2,119.28 1 0
github.com/edlitmus/halite/internal/states/conformance.go:119.28,121.3 1 0
github.com/edlitmus/halite/internal/states/conformance.go:122.2,122.55 1 0
github.com/edlitmus/halite/internal/states/conformance.go:122.55,124.3 1 0
github.com/edlitmus/halite/internal/states/conformance.go:125.2,125.59 1 0
github.com/edlitmus/halite/internal/states/conformance.go:125.59,127.3 1 0
github.com/edlitmus/halite/internal/states/conformance.go:129.2,129.24 1 0
github.com/edlitmus/halite/internal/states/conformance.go:129.24,131.3 1 0
github.com/edlitmus/halite/internal/states/conformance.go:134.2,135.16 2 0
github.com/edlitmus/halite/internal/states/conformance.go:135.16,138.3 2 0
github.com/edlitmus/halite/internal/states/conformance.go:139.2,139.28 1 0
github.com/edlitmus/halite/internal/states/conformance.go:139.28,141.3 1 0
github.com/edlitmus/halite/internal/states/conformance.go:142.2,142.28 1 0
github.com/edlitmus/halite/internal/states/conformance.go:142.28,144.3 1 0
github.com/edlitmus/halite/internal/states/conformance.go:149.2,150.16 2 0
github.com/edlitmus/halite/internal/states/conformance.go:150.16,153.3 2 0
github.com/edlitmus/halite/internal/states/conformance.go:154.2,154.29 1 0
github.com/edlitmus/halite/internal/states/conformance.go:154.29,156.3 1 0
github.com/edlitmus/halite/internal/states/conformance.go:157.2,157.28 1 0
github.com/edlitmus/halite/internal/states/conformance.go:157.28,159.3 1 0
github.com/edlitmus/halite/internal/states/conformance.go:162.2,162.78 1 0
github.com/edlitmus/halite/internal/states/conformance.go:162.78,164.3 1 0
github.com/edlitmus/halite/internal/states/conformance.go:165.2,165.55 1 0
github.com/edlitmus/halite/internal/states/conformance.go:165.55,167.3 1 0
github.com/edlitmus/halite/internal/states/conformance.go:168.2,168.17 1 0
github.com/edlitmus/halite/internal/states/conformance.go:174.41,176.19 2 0
github.com/edlitmus/halite/internal/states/conformance.go:176.19,178.3 1 0
github.com/edlitmus/halite/internal/states/conformance.go:179.2,179.23 1 0
github.com/edlitmus/halite/internal/states/conformance.go:179.23,181.3 1 0
github.com/edlitmus/halite/internal/states/conformance.go:182.2,183.72 2 0
github.com/edlitmus/halite/internal/states/conformance.go:183.72,185.3 1 0
github.com/edlitmus/halite/internal/states/conformance.go:186.2,186.12 1 0
github.com/edlitmus/halite/internal/states/conformance.go:191.49,192.20 1 0
github.com/edlitmus/halite/internal/states/conformance.go:192.20,194.3 1 0
github.com/edlitmus/halite/internal/states/conformance.go:195.2,195.38 1 0
github.com/edlitmus/halite/internal/states/conformance.go:195.38,197.10 2 0
github.com/edlitmus/halite/internal/states/conformance.go:197.10,199.12 1 0
github.com/edlitmus/halite/internal/states/conformance.go:201.3,202.41 2 0
github.com/edlitmus/halite/internal/states/conformance.go:202.41,205.4 1 0
github.com/edlitmus/halite/internal/states/conformance.go:207.2,207.12 1 0
github.com/edlitmus/halite/internal/states/conformance.go:210.41,211.30 1 0
github.com/edlitmus/halite/internal/states/conformance.go:211.30,213.3 1 0
github.com/edlitmus/halite/internal/states/conformance.go:214.2,215.32 2 0
github.com/edlitmus/halite/internal/states/conformance.go:215.32,217.3 1 0
github.com/edlitmus/halite/internal/states/conformance.go:218.2,218.33 1 0
github.com/edlitmus/halite/internal/states/states.go:36.34,39.2 2 0
github.com/edlitmus/halite/internal/states/states.go:42.35,45.2 2 0
github.com/edlitmus/halite/internal/states/states.go:48.57,50.20 2 0
github.com/edlitmus/halite/internal/states/states.go:50.20,52.3 1 0
github.com/edlitmus/halite/internal/states/states.go:53.2,53.63 1 0
github.com/edlitmus/halite/internal/states/states.go:58.61,59.20 1 0
github.com/edlitmus/halite/internal/states/states.go:59.20,61.3 1 0
github.com/edlitmus/halite/internal/states/states.go:62.2,62.64 1 0
github.com/edlitmus/halite/internal/states/states.go:66.38,68.2 1 0
github.com/edlitmus/halite/internal/states/states.go:71.35,71.85 1 0
github.com/edlitmus/halite/internal/states/states.go:76.34,76.73 1 0
github.com/edlitmus/halite/internal/states/states.go:79.31,79.71 1 0
github.com/edlitmus/halite/internal/states/states.go:82.39,83.9 1 0
github.com/edlitmus/halite/internal/states/states.go:84.23,85.24 1 0
github.com/edlitmus/halite/internal/states/states.go:86.17,87.21 1 0
github.com/edlitmus/halite/internal/states/states.go:88.10,89.18 1 0
github.com/edlitmus/halite/internal/states/states.go:114.30,116.2 1 0
github.com/edlitmus/halite/internal/states/states.go:119.40,120.25 1 0
github.com/edlitmus/halite/internal/states/states.go:120.25,123.3 2 0
github.com/edlitmus/halite/internal/states/states.go:128.53,128.70 1 0
github.com/edlitmus/halite/internal/states/states.go:131.55,134.2 2 0
github.com/edlitmus/halite/internal/states/states.go:137.42,137.77 2 0
github.com/edlitmus/halite/internal/states/states.go:140.37,140.62 1 0
github.com/edlitmus/halite/internal/states/states.go:143.39,143.66 1 0
github.com/edlitmus/halite/internal/states/states.go:146.88,148.9 2 0
github.com/edlitmus/halite/internal/states/states.go:148.9,150.3 1 0
github.com/edlitmus/halite/internal/states/states.go:151.2,152.19 2 0
github.com/edlitmus/halite/internal/states/states.go:152.19,154.26 2 0
github.com/edlitmus/halite/internal/states/states.go:154.26,156.4 1 0
github.com/edlitmus/halite/internal/states/states.go:157.3,157.72 1 0
github.com/edlitmus/halite/internal/states/states.go:159.2,159.23 1 0
github.com/edlitmus/halite/internal/states/states.go:164.93,166.9 2 0
github.com/edlitmus/halite/internal/states/states.go:166.9,168.3 1 0
github.com/edlitmus/halite/internal/states/states.go:169.2,170.15 2 0
github.com/edlitmus/halite/internal/states/states.go:170.15,172.3 1 0
github.com/edlitmus/halite/internal/states/states.go:173.2,174.19 2 0
github.com/edlitmus/halite/internal/states/states.go:174.19,176.26 2 0
github.com/edlitmus/halite/internal/states/states.go:176.26,178.4 1 0
github.com/edlitmus/halite/internal/states/states.go:179.3,179.72 1 0
github.com/edlitmus/halite/internal/states/states.go:181.2,181.21 1 0
github.com/edlitmus/halite/internal/states/states.go:187.52,190.2 2 0
github.com/edlitmus/halite/internal/states/states.go:193.52,193.77 1 0
github.com/edlitmus/halite/internal/states/states.go:196.52,198.21 2 0
github.com/edlitmus/halite/internal/states/states.go:198.21,200.3 1 0
github.com/edlitmus/halite/internal/states/states.go:201.2,201.29 1 0
github.com/edlitmus/halite/internal/states/states.go:201.29,203.3 1 0
github.com/edlitmus/halite/internal/states/states.go:204.2,204.27 1 0
github.com/edlitmus/halite/internal/states/states.go:208.56,210.21 2 0
github.com/edlitmus/halite/internal/states/states.go:210.21,212.3 1 0
github.com/edlitmus/halite/internal/states/states.go:213.2,213.24 1 0
github.com/edlitmus/halite/internal/states/states.go:217.57,219.21 2 0
github.com/edlitmus/halite/internal/states/states.go:219.21,221.3 1 0
github.com/edlitmus/halite/internal/states/states.go:222.2,222.23 1 0
github.com/edlitmus/halite/internal/states/states.go:223.13,224.11 1 0
github.com/edlitmus/halite/internal/states/states.go:225.15,226.18 1 0
github.com/edlitmus/halite/internal/states/states.go:228.2,228.12 1 0
github.com/edlitmus/halite/internal/states/states.go:233.53,235.21 2 0
github.com/edlitmus/halite/internal/states/states.go:235.21,237.3 1 0
github.com/edlitmus/halite/internal/states/states.go:238.2,238.23 1 0
github.com/edlitmus/halite/internal/states/states.go:239.14,240.21 1 0
github.com/edlitmus/halite/internal/states/states.go:241.13,243.26 2 0
github.com/edlitmus/halite/internal/states/states.go:243.26,245.4 1 0
github.com/edlitmus/halite/internal/states/states.go:246.3,246.13 1 0
github.com/edlitmus/halite/internal/states/states.go:248.2,248.12 1 0
github.com/edlitmus/halite/internal/states/states.go:252.55,254.9 2 0
github.com/edlitmus/halite/internal/states/states.go:254.9,256.3 1 0
github.com/edlitmus/halite/internal/states/states.go:257.2,258.10 2 0
github.com/edlitmus/halite/internal/states/states.go:262.38,266.2 3 0
github.com/edlitmus/halite/internal/pillar/pillar.go:82.37,84.2 1 0
github.com/edlitmus/halite/internal/pillar/pillar.go:97.32,97.56 1 0
github.com/edlitmus/halite/internal/pillar/pillar.go:105.33,106.24 1 0
github.com/edlitmus/halite/internal/pillar/pillar.go:106.24,108.3 1 0
github.com/edlitmus/halite/internal/pillar/pillar.go:109.2,109.15 1 0
github.com/edlitmus/halite/internal/pillar/pillar.go:112.39,113.37 1 0
github.com/edlitmus/halite/internal/pillar/pillar.go:113.37,115.3 1 0
github.com/edlitmus/halite/internal/pillar/pillar.go:116.2,116.22 1 0
github.com/edlitmus/halite/internal/pillar/pillar.go:120.40,126.31 5 0
github.com/edlitmus/halite/internal/pillar/pillar.go:126.31,128.3 1 0
github.com/edlitmus/halite/internal/pillar/pillar.go:129.2,129.12 1 0
github.com/edlitmus/halite/internal/pillar/pillar.go:138.45,140.35 2 0
github.com/edlitmus/halite/internal/pillar/pillar.go:140.35,141.45 1 0
github.com/edlitmus/halite/internal/pillar/pillar.go:141.45,143.4 1 0
github.com/edlitmus/halite/internal/pillar/pillar.go:147.2,147.63 1 0
github.com/edlitmus/halite/internal/pillar/pillar.go:147.63,149.3 1 0
github.com/edlitmus/halite/internal/pillar/pillar.go:150.2,150.58 1 0
github.com/edlitmus/halite/internal/pillar/pillar.go:154.55,157.16 3 0
github.com/edlitmus/halite/internal/pillar/pillar.go:157.16,158.40 1 0
github.com/edlitmus/halite/internal/pillar/pillar.go:158.40,162.4 1 0
github.com/edlitmus/halite/internal/pillar/pillar.go:163.3,165.13 2 0
github.com/edlitmus/halite/internal/pillar/pillar.go:168.2,170.16 3 0
github.com/edlitmus/halite/internal/pillar/pillar.go:170.16,173.3 2 0
github.com/edlitmus/halite/internal/pillar/pillar.go:175.2,176.9 2 0
github.com/edlitmus/halite/internal/pillar/pillar.go:176.9,177.23 1 0
github.com/edlitmus/halite/internal/pillar/pillar.go:177.23,179.4 1 0
github.com/edlitmus/halite/internal/pillar/pillar.go:180.3,182.13 2 0
github.com/edlitmus/halite/internal/pillar/pillar.go:185.2,187.41 3 0
github.com/edlitmus/halite/internal/pillar/pillar.go:187.41,190.10 3 0
github.com/edlitmus/halite/internal/pillar/pillar.go:190.10,193.12 2 0
github.com/edlitmus/halite/internal/pillar/pillar.go:195.3,195.40 1 0
github.com/edlitmus/halite/internal/pillar/pillar.go:195.40,198.18 3 0
github.com/edlitmus/halite/internal/pillar/pillar.go:198.18,200.13 2 0
github.com/edlitmus/halite/internal/pillar/pillar.go:202.4,203.18 2 0
github.com/edlitmus/halite/internal/pillar/pillar.go:203.18,205.13 2 0
github.com/edlitmus/halite/internal/pillar/pillar.go:207.4,207.28 1 0
github.com/edlitmus/halite/internal/pillar/pillar.go:207.28,208.13 1 0
github.com/edlitmus/halite/internal/pillar/pillar.go:210.4,212.98 3 0
github.com/edlitmus/halite/internal/pillar/pillar.go:215.2,215.16 1 0
github.com/edlitmus/halite/internal/pillar/pillar.go:221.72,225.45 1 0
github.com/edlitmus/halite/internal/pillar/pillar.go:225.45,226.36 1 0
github.com/edlitmus/halite/internal/pillar/pillar.go:226.36,229.4 1 0
github.com/edlitmus/halite/internal/pillar/pillar.go:232.2,233.22 2 0
github.com/edlitmus/halite/internal/pillar/pillar.go:233.22,235.3 1 0
github.com/edlitmus/halite/internal/pillar/pillar.go:236.2,237.32 2 0
github.com/edlitmus/halite/internal/pillar/pillar.go:237.32,239.3 1 0
github.com/edlitmus/halite/internal/pillar/pillar.go:240.2,241.27 2 0
github.com/edlitmus/halite/internal/pillar/pillar.go:241.27,243.51 1 0
github.com/edlitmus/halite/internal/pillar/pillar.go:243.51,244.12 1 0
github.com/edlitmus/halite/internal/pillar/pillar.go:246.3,246.18 1 0
github.com/edlitmus/halite/internal/pillar/pillar.go:246.18,248.4 1 0
github.com/edlitmus/halite/internal/pillar/pillar.go:250.2,250.24 1 0
github.com/edlitmus/halite/internal/pillar/pillar.go:250.24,256.3 2 0
github.com/edlitmus/halite/internal/pillar/pillar.go:257.2,257.21 1 0
github.com/edlitmus/halite/internal/pillar/pillar.go:261.41,263.45 2 0
github.com/edlitmus/halite/internal/pillar/pillar.go:263.45,265.7 2 0
github.com/edlitmus/halite/internal/pillar/pillar.go:265.7,267.13 2 0
github.com/edlitmus/halite/internal/pillar/pillar.go:267.13,268.10 1 0
github.com/edlitmus/halite/internal/pillar/pillar.go:270.4,272.15 3 0
github.com/edlitmus/halite/internal/pillar/pillar.go:272.15,274.5 1 0
github.com/edlitmus/halite/internal/pillar/pillar.go:275.4,275.15 1 0
github.com/edlitmus/halite/internal/pillar/pillar.go:275.15,277.5 1 0
github.com/edlitmus/halite/internal/pillar/pillar.go:278.4,278.25 1 0
github.com/edlitmus/halite/internal/pillar/pillar.go:281.2,281.12 1 0
github.com/edlitmus/halite/internal/pillar/pillar.go:284.69,286.9 2 0
github.com/edlitmus/halite/internal/pillar/pillar.go:286.9,289.3 2 0
github.com/edlitmus/halite/internal/pillar/pillar.go:290.2,291.29 2 0
github.com/edlitmus/halite/internal/pillar/pillar.go:291.29,292.27 1 0
github.com/edlitmus/halite/internal/pillar/pillar.go:293.15,294.24 1 0
github.com/edlitmus/halite/internal/pillar/pillar.go:295.19,296.70 1 0
github.com/edlitmus/halite/internal/pillar/pillar.go:296.70,297.13 1 0
github.com/edlitmus/halite/internal/pillar/pillar.go:301.2,301.12 1 0
github.com/edlitmus/halite/internal/pillar/pillar.go:306.100,308.26 2 0
github.com/edlitmus/halite/internal/pillar/pillar.go:308.26,309.15 1 0
github.com/edlitmus/halite/internal/pillar/pillar.go:309.15,314.4 2 0
github.com/edlitmus/halite/internal/pillar/pillar.go:316.2,316.15 1 0
github.com/edlitmus/halite/internal/pillar/pillar.go:316.15,318.3 1 0
github.com/edlitmus/halite/internal/pillar/pillar.go:319.2,322.16 3 0
github.com/edlitmus/halite/internal/pillar/pillar.go:322.16,323.40 1 0
github.com/edlitmus/halite/internal/pillar/pillar.go:323.40,327.4 2 0
github.com/edlitmus/halite/internal/pillar/pillar.go:328.3,329.9 2 0
github.com/edlitmus/halite/internal/pillar/pillar.go:335.2,337.16 3 0
github.com/edlitmus/halite/internal/pillar/pillar.go:337.16,340.3 2 0
github.com/edlitmus/halite/internal/pillar/pillar.go:341.2,341.22 1 0
github.com/edlitmus/halite/internal/pillar/pillar.go:341.22,344.3 2 0
github.com/edlitmus/halite/internal/pillar/pillar.go:345.2,346.9 2 0
github.com/edlitmus/halite/internal/pillar/pillar.go:346.9,350.3 2 0
github.com/edlitmus/halite/internal/pillar/pillar.go:354.2,354.40 1 0
github.com/edlitmus/halite/internal/pillar/pillar.go:354.40,355.45 1 0
github.com/edlitmus/halite/internal/pillar/pillar.go:355.45,357.4 1 0
github.com/edlitmus/halite/internal/pillar/pillar.go:358.3,358.37 1 0
github.com/edlitmus/halite/internal/pillar/pillar.go:361.2,365.33 2 0
github.com/edlitmus/halite/internal/pillar/pillar.go:368.48,370.9 2 0
github.com/edlitmus/halite/internal/pillar/pillar.go:370.9,371.30 1 0
github.com/edlitmus/halite/internal/pillar/pillar.go:371.30,373.4 1 0
github.com/edlitmus/halite/internal/pillar/pillar.go:374.3,374.13 1 0
github.com/edlitmus/halite/internal/pillar/pillar.go:376.2,377.29 2 0
github.com/edlitmus/halite/internal/pillar/pillar.go:377.29,378.33 1 0
github.com/edlitmus/halite/internal/pillar/pillar.go:378.33,380.4 1 0
github.com/edlitmus/halite/internal/pillar/pillar.go:382.2,382.12 1 0
github.com/edlitmus/halite/internal/pillar/pillar.go:387.47,388.35 1 0
github.com/edlitmus/halite/internal/pillar/pillar.go:388.35,390.3 1 0
github.com/edlitmus/halite/internal/pillar/pillar.go:391.2,392.46 2 0
github.com/edlitmus/halite/internal/pillar/pillar.go:392.46,394.3 1 0
github.com/edlitmus/halite/internal/pillar/pillar.go:395.2,397.26 3 0
github.com/edlitmus/halite/internal/pillar/pillar.go:397.26,398.50 1 0
github.com/edlitmus/halite/internal/pillar/pillar.go:398.50,400.12 2 0
github.com/edlitmus/halite/internal/pillar/pillar.go:402.3,402.14 1 0
github.com/edlitmus/halite/internal/pillar/pillar.go:404.2,404.18 1 0
github.com/edlitmus/halite/internal/pillar/pillar.go:404.18,406.3 1 0
github.com/edlitmus/halite/internal/pillar/pillar.go:407.2,407.28 1 0
github.com/edlitmus/halite/internal/pillar/pillar.go:410.54,412.32 2 0
github.com/edlitmus/halite/internal/pillar/pillar.go:412.32,413.36 1 0
github.com/edlitmus/halite/internal/pillar/pillar.go:413.36,414.12 1 0
github.com/edlitmus/halite/internal/pillar/pillar.go:416.3,416.46 1 0
github.com/edlitmus/halite/internal/pillar/pillar.go:418.2,418.12 1 0
github.com/edlitmus/halite/internal/pillar/pillar.go:421.92,437.2 1 0
github.com/edlitmus/halite/internal/pillar/pillar.go:439.47,440.24 1 0
github.com/edlitmus/halite/internal/pillar/pillar.go:440.24,442.32 2 0
github.com/edlitmus/halite/internal/pillar/pillar.go:442.32,443.21 1 0
github.com/edlitmus/halite/internal/pillar/pillar.go:443.21,445.10 2 0
github.com/edlitmus/halite/internal/pillar/pillar.go:448.3,448.13 1 0
github.com/edlitmus/halite/internal/pillar/pillar.go:448.13,450.4 1 0
github.com/edlitmus/halite/internal/pillar/pillar.go:452.2,452.12 1 0
github.com/edlitmus/halite/internal/version/version.go:28.13,29.18 1 0
github.com/edlitmus/halite/internal/version/version.go:29.18,31.3 1 0
github.com/edlitmus/halite/internal/version/version.go:32.2,33.9 2 0
github.com/edlitmus/halite/internal/version/version.go:33.9,35.3 1 0
github.com/edlitmus/halite/internal/version/version.go:36.2,36.34 1 0
github.com/edlitmus/halite/internal/version/version.go:36.34,37.30 1 0
github.com/edlitmus/halite/internal/version/version.go:37.30,40.4 2 0
github.com/edlitmus/halite/internal/version/version.go:45.22,47.18 2 0
github.com/edlitmus/halite/internal/version/version.go:47.18,48.23 1 0
github.com/edlitmus/halite/internal/version/version.go:48.23,50.4 1 0
github.com/edlitmus/halite/internal/version/version.go:50.9,52.4 1 0
github.com/edlitmus/halite/internal/version/version.go:54.2,54.20 1 0
github.com/edlitmus/halite/internal/version/version.go:54.20,56.3 1 0
github.com/edlitmus/halite/internal/version/version.go:57.2,57.10 1 0
github.com/edlitmus/halite/internal/value/json.go:20.40,24.16 4 0
github.com/edlitmus/halite/internal/value/json.go:24.16,26.3 1 0
github.com/edlitmus/halite/internal/value/json.go:29.2,29.16 1 0
github.com/edlitmus/halite/internal/value/json.go:29.16,31.3 1 0
github.com/edlitmus/halite/internal/value/json.go:32.2,32.15 1 0
github.com/edlitmus/halite/internal/value/json.go:35.50,37.16 2 0
github.com/edlitmus/halite/internal/value/json.go:37.16,39.3 1 0
github.com/edlitmus/halite/internal/value/json.go:40.2,40.25 1 0
github.com/edlitmus/halite/internal/value/json.go:41.18,42.12 1 0
github.com/edlitmus/halite/internal/value/json.go:43.12,45.19 2 0
github.com/edlitmus/halite/internal/value/json.go:45.19,47.19 2 0
github.com/edlitmus/halite/internal/value/json.go:47.19,49.6 1 0
github.com/edlitmus/halite/internal/value/json.go:50.5,51.12 2 0
github.com/edlitmus/halite/internal/value/json.go:51.12,53.6 1 0
github.com/edlitmus/halite/internal/value/json.go:54.5,55.19 2 0
github.com/edlitmus/halite/internal/value/json.go:55.19,57.6 1 0
github.com/edlitmus/halite/internal/value/json.go:58.5,58.19 1 0
github.com/edlitmus/halite/internal/value/json.go:58.19,60.6 1 0
github.com/edlitmus/halite/internal/value/json.go:61.5,61.18 1 0
github.com/edlitmus/halite/internal/value/json.go:63.4,63.41 1 0
github.com/edlitmus/halite/internal/value/json.go:63.41,65.5 1 0
github.com/edlitmus/halite/internal/value/json.go:66.4,66.17 1 0
github.com/edlitmus/halite/internal/value/json.go:67.12,69.19 2 0
github.com/edlitmus/halite/internal/value/json.go:69.19,71.19 2 0
github.com/edlitmus/halite/internal/value/json.go:71.19,73.6 1 0
github.com/edlitmus/halite/internal/value/json.go:74.5,74.25 1 0
github.com/edlitmus/halite/internal/value/json.go:76.4,76.41 1 0
github.com/edlitmus/halite/internal/value/json.go:76.41,78.5 1 0
github.com/edlitmus/halite/internal/value/json.go:79.4,79.19 1 0
github.com/edlitmus/halite/internal/value/json.go:81.3,81.45 1 0
github.com/edlitmus/halite/internal/value/json.go:82.19,83.38 1 0
github.com/edlitmus/halite/internal/value/json.go:83.38,85.4 1 0
github.com/edlitmus/halite/internal/value/json.go:86.3,87.17 2 0
github.com/edlitmus/halite/internal/value/json.go:87.17,89.4 1 0
github.com/edlitmus/halite/internal/value/json.go:90.3,90.16 1 0
github.com/edlitmus/halite/internal/value/json.go:92.2,92.17 1 0
github.com/edlitmus/halite/internal/value/json.go:97.52,99.52 2 0
github.com/edlitmus/halite/internal/value/json.go:99.52,101.3 1 0
github.com/edlitmus/halite/internal/value/json.go:102.2,102.23 1 0
github.com/edlitmus/halite/internal/value/json.go:105.65,106.21 1 0
github.com/edlitmus/halite/internal/value/json.go:106.21,107.17 1 0
github.com/edlitmus/halite/internal/value/json.go:107.17,110.4 2 0
github.com/edlitmus/halite/internal/value/json.go:113.2,113.23 1 0
github.com/edlitmus/halite/internal/value/json.go:114.12,115.31 1 0
github.com/edlitmus/halite/internal/value/json.go:115.31,118.4 2 0
github.com/edlitmus/halite/internal/value/json.go:119.3,120.33 2 0
github.com/edlitmus/halite/internal/value/json.go:120.33,121.13 1 0
github.com/edlitmus/halite/internal/value/json.go:121.13,123.5 1 0
github.com/edlitmus/halite/internal/value/json.go:124.4,125.63 2 0
github.com/edlitmus/halite/internal/value/json.go:125.63,127.5 1 0
github.com/edlitmus/halite/internal/value/json.go:128.4,129.18 2 0
github.com/edlitmus/halite/internal/value/json.go:129.18,131.5 1 0
github.com/edlitmus/halite/internal/value/json.go:132.4,132.63 1 0
github.com/edlitmus/halite/internal/value/json.go:132.63,134.5 1 0
github.com/edlitmus/halite/internal/value/json.go:136.3,138.13 3 0
github.com/edlitmus/halite/internal/value/json.go:140.13,141.18 1 0
github.com/edlitmus/halite/internal/value/json.go:141.18,144.4 2 0
github.com/edlitmus/halite/internal/value/json.go:145.3,146.26 2 0
github.com/edlitmus/halite/internal/value/json.go:146.26,147.13 1 0
github.com/edlitmus/halite/internal/value/json.go:147.13,149.5 1 0
github.com/edlitmus/halite/internal/value/json.go:150.4,151.62 2 0
github.com/edlitmus/halite/internal/value/json.go:151.62,153.5 1 0
github.com/edlitmus/halite/internal/value/json.go:155.3,157.13 3 0
github.com/edlitmus/halite/internal/value/json.go:159.14,160.31 1 0
github.com/edlitmus/halite/internal/value/json.go:165.2,168.38 4 0
github.com/edlitmus/halite/internal/value/json.go:168.38,170.3 1 0
github.com/edlitmus/halite/internal/value/json.go:171.2,172.12 2 0
github.com/edlitmus/halite/internal/value/json.go:175.55,179.38 4 0
github.com/edlitmus/halite/internal/value/json.go:179.38,181.3 1 0
github.com/edlitmus/halite/internal/value/json.go:182.2,183.12 2 0
github.com/edlitmus/halite/internal/value/merge.go:29.47,30.11 1 0
github.com/edlitmus/halite/internal/value/merge.go:31.19,32.21 1 0
github.com/edlitmus/halite/internal/value/merge.go:33.17,34.23 1 0
github.com/edlitmus/halite/internal/value/merge.go:35.19,36.25 1 0
github.com/edlitmus/halite/internal/value/merge.go:37.19,38.25 1 0
github.com/edlitmus/halite/internal/value/merge.go:40.2,40.21 1 0
github.com/edlitmus/halite/internal/value/merge.go:43.35,44.11 1 0
github.com/edlitmus/halite/internal/value/merge.go:45.15,46.19 1 0
github.com/edlitmus/halite/internal/value/merge.go:47.17,48.21 1 0
github.com/edlitmus/halite/internal/value/merge.go:49.17,50.21 1 0
github.com/edlitmus/halite/internal/value/merge.go:51.10,52.17 1 0
github.com/edlitmus/halite/internal/value/merge.go:76.46,78.2 1 0
github.com/edlitmus/halite/internal/value/merge.go:80.62,83.17 1 0
github.com/edlitmus/halite/internal/value/merge.go:83.17,85.3 1 0
github.com/edlitmus/halite/internal/value/merge.go:86.2,86.46 1 0
github.com/edlitmus/halite/internal/value/merge.go:86.46,88.3 1 0
github.com/edlitmus/halite/internal/value/merge.go:90.2,92.42 3 0
github.com/edlitmus/halite/internal/value/merge.go:92.42,94.3 1 0
github.com/edlitmus/halite/internal/value/merge.go:96.2,96.51 1 0
github.com/edlitmus/halite/internal/value/merge.go:96.51,99.17 3 0
github.com/edlitmus/halite/internal/value/merge.go:99.17,104.4 4 0
github.com/edlitmus/halite/internal/value/merge.go:109.2,109.30 1 0
github.com/edlitmus/halite/internal/value/merge.go:109.30,111.3 1 0
github.com/edlitmus/halite/internal/value/merge.go:112.2,112.12 1 0
github.com/edlitmus/halite/internal/value/merge.go:117.37,120.44 3 0
github.com/edlitmus/halite/internal/value/merge.go:120.44,122.3 1 0
github.com/edlitmus/halite/internal/value/merge.go:123.2,124.33 2 0
github.com/edlitmus/halite/internal/value/merge.go:124.33,126.3 1 0
github.com/edlitmus/halite/internal/value/merge.go:127.2,127.12 1 0
github.com/edlitmus/halite/internal/value/merge.go:130.63,136.34 3 0
github.com/edlitmus/halite/internal/value/merge.go:136.34,138.10 2 0
github.com/edlitmus/halite/internal/value/merge.go:138.10,139.12 1 0
github.com/edlitmus/halite/internal/value/merge.go:141.3,141.12 1 0
github.com/edlitmus/halite/internal/value/merge.go:142.45,143.21 1 0
github.com/edlitmus/halite/internal/value/merge.go:143.21,146.38 3 0
github.com/edlitmus/halite/internal/value/merge.go:146.38,147.58 1 0
github.com/edlitmus/halite/internal/value/merge.go:147.58,148.15 1 0
github.com/edlitmus/halite/internal/value/merge.go:150.6,150.53 1 0
github.com/edlitmus/halite/internal/value/merge.go:152.5,152.15 1 0
github.com/edlitmus/halite/internal/value/merge.go:154.4,154.18 1 0
github.com/edlitmus/halite/internal/value/merge.go:155.27,156.21 1 0
github.com/edlitmus/halite/internal/value/merge.go:156.21,159.5 2 0
github.com/edlitmus/halite/internal/value/merge.go:160.4,160.18 1 0
github.com/edlitmus/halite/internal/value/merge.go:164.2,165.34 2 0
github.com/edlitmus/halite/internal/value/merge.go:165.34,166.45 1 0
github.com/edlitmus/halite/internal/value/merge.go:166.45,167.12 1 0
github.com/edlitmus/halite/internal/value/merge.go:169.3,169.36 1 0
github.com/edlitmus/halite/internal/value/merge.go:169.36,171.12 2 0
github.com/edlitmus/halite/internal/value/merge.go:173.3,173.46 1 0
github.com/edlitmus/halite/internal/value/merge.go:175.2,175.12 1 0
github.com/edlitmus/halite/internal/value/merge.go:178.33,180.2 1 0
github.com/edlitmus/halite/internal/value/value.go:34.30,35.9 1 0
github.com/edlitmus/halite/internal/value/value.go:36.35,37.21 1 0
github.com/edlitmus/halite/internal/value/value.go:38.20,39.58 1 0
github.com/edlitmus/halite/internal/value/value.go:40.19,41.16 1 0
github.com/edlitmus/halite/internal/value/value.go:42.10,43.56 1 0
github.com/edlitmus/halite/internal/value/value.go:48.28,48.80 1 0
github.com/edlitmus/halite/internal/value/value.go:69.31,70.29 1 0
github.com/edlitmus/halite/internal/value/value.go:70.29,72.3 1 0
github.com/edlitmus/halite/internal/value/value.go:73.2,73.18 1 0
github.com/edlitmus/halite/internal/value/value.go:79.25,80.18 1 0
github.com/edlitmus/halite/internal/value/value.go:81.11,82.18 1 0
github.com/edlitmus/halite/internal/value/value.go:83.12,84.18 1 0
github.com/edlitmus/halite/internal/value/value.go:85.13,86.17 1 0
github.com/edlitmus/halite/internal/value/value.go:87.15,88.19 1 0
github.com/edlitmus/halite/internal/value/value.go:89.14,90.20 1 0
github.com/edlitmus/halite/internal/value/value.go:91.14,92.20 1 0
github.com/edlitmus/halite/internal/value/value.go:93.17,94.23 1 0
github.com/edlitmus/halite/internal/value/value.go:95.13,96.17 1 0
github.com/edlitmus/halite/internal/value/value.go:97.12,98.17 1 0
github.com/edlitmus/halite/internal/value/value.go:100.2,100.17 1 0
github.com/edlitmus/halite/internal/value/value.go:105.29,106.28 1 0
github.com/edlitmus/halite/internal/value/value.go:106.28,108.3 1 0
github.com/edlitmus/halite/internal/value/value.go:109.2,109.29 1 0
github.com/edlitmus/halite/internal/value/value.go:132.25,134.2 1 0
github.com/edlitmus/halite/internal/value/value.go:138.28,139.20 1 0
github.com/edlitmus/halite/internal/value/value.go:139.20,140.48 1 0
github.com/edlitmus/halite/internal/value/value.go:142.2,143.34 2 0
github.com/edlitmus/halite/internal/value/value.go:143.34,145.3 1 0
github.com/edlitmus/halite/internal/value/value.go:146.2,146.10 1 0
github.com/edlitmus/halite/internal/value/value.go:153.29,154.23 1 0
github.com/edlitmus/halite/internal/value/value.go:155.14,156.17 1 0
github.com/edlitmus/halite/internal/value/value.go:157.13,158.40 1 0
github.com/edlitmus/halite/internal/value/value.go:159.15,160.51 1 0
github.com/edlitmus/halite/internal/value/value.go:161.12,162.37 1 0
github.com/edlitmus/halite/internal/value/value.go:163.11,164.13 1 0
github.com/edlitmus/halite/internal/value/value.go:165.10,166.29 1 0
github.com/edlitmus/halite/internal/value/value.go:171.25,172.14 1 0
github.com/edlitmus/halite/internal/value/value.go:172.14,174.3 1 0
github.com/edlitmus/halite/internal/value/value.go:175.2,175.23 1 0
github.com/edlitmus/halite/internal/value/value.go:180.33,181.14 1 0
github.com/edlitmus/halite/internal/value/value.go:181.14,183.3 1 0
github.com/edlitmus/halite/internal/value/value.go:184.2,184.18 1 0
github.com/edlitmus/halite/internal/value/value.go:188.28,189.14 1 0
github.com/edlitmus/halite/internal/value/value.go:189.14,191.3 1 0
github.com/edlitmus/halite/internal/value/value.go:192.2,193.30 2 0
github.com/edlitmus/halite/internal/value/value.go:193.30,195.3 1 0
github.com/edlitmus/halite/internal/value/value.go:196.2,196.11 1 0
github.com/edlitmus/halite/internal/value/value.go:202.37,203.14 1 0
github.com/edlitmus/halite/internal/value/value.go:203.14,205.3 1 0
github.com/edlitmus/halite/internal/value/value.go:206.2,207.30 2 0
github.com/edlitmus/halite/internal/value/value.go:207.30,209.3 1 0
github.com/edlitmus/halite/internal/value/value.go:210.2,210.11 1 0
github.com/edlitmus/halite/internal/value/value.go:214.30,215.23 1 0
github.com/edlitmus/halite/internal/value/value.go:216.14,217.11 1 0
github.com/edlitmus/halite/internal/value/value.go:218.13,219.34 1 0
github.com/edlitmus/halite/internal/value/value.go:220.15,221.45 1 0
github.com/edlitmus/halite/internal/value/value.go:222.12,223.31 1 0
github.com/edlitmus/halite/internal/value/value.go:224.11,225.16 1 0
github.com/edlitmus/halite/internal/value/value.go:226.10,227.23 1 0
github.com/edlitmus/halite/internal/value/value.go:232.38,233.32 1 0
github.com/edlitmus/halite/internal/value/value.go:233.32,235.3 1 0
github.com/edlitmus/halite/internal/value/value.go:236.2,237.9 2 0
github.com/edlitmus/halite/internal/value/value.go:237.9,239.3 1 0
github.com/edlitmus/halite/internal/value/value.go:240.2,240.31 1 0
github.com/edlitmus/halite/internal/value/value.go:244.47,244.66 1 0
github.com/edlitmus/halite/internal/value/value.go:247.31,247.63 2 0
github.com/edlitmus/halite/internal/value/value.go:250.42,251.32 1 0
github.com/edlitmus/halite/internal/value/value.go:251.32,253.3 1 0
github.com/edlitmus/halite/internal/value/value.go:254.2,255.9 2 0
github.com/edlitmus/halite/internal/value/value.go:255.9,257.3 1 0
github.com/edlitmus/halite/internal/value/value.go:258.2,258.27 1 0
github.com/edlitmus/halite/internal/value/value.go:263.29,263.60 1 0
github.com/edlitmus/halite/internal/value/value.go:267.51,268.20 1 0
github.com/edlitmus/halite/internal/value/value.go:268.20,270.3 1 0
github.com/edlitmus/halite/internal/value/value.go:271.2,272.30 2 0
github.com/edlitmus/halite/internal/value/value.go:272.30,274.23 2 0
github.com/edlitmus/halite/internal/value/value.go:274.23,276.4 1 0
github.com/edlitmus/halite/internal/value/value.go:277.3,277.23 1 0
github.com/edlitmus/halite/internal/value/value.go:277.23,279.4 1 0
github.com/edlitmus/halite/internal/value/value.go:280.3,280.9 1 0
github.com/edlitmus/halite/internal/value/value.go:282.2,283.86 2 0
github.com/edlitmus/halite/internal/value/value.go:287.34,288.32 1 0
github.com/edlitmus/halite/internal/value/value.go:288.32,290.3 1 0
github.com/edlitmus/halite/internal/value/value.go:291.2,293.9 3 0
github.com/edlitmus/halite/internal/value/value.go:293.9,295.3 1 0
github.com/edlitmus/halite/internal/value/value.go:296.2,298.38 3 0
github.com/edlitmus/halite/internal/value/value.go:298.38,300.3 1 0
github.com/edlitmus/halite/internal/value/value.go:301.2,301.13 1 0
github.com/edlitmus/halite/internal/value/value.go:306.28,307.14 1 0
github.com/edlitmus/halite/internal/value/value.go:307.14,309.3 1 0
github.com/edlitmus/halite/internal/value/value.go:310.2,312.28 3 0
github.com/edlitmus/halite/internal/value/value.go:312.28,314.3 1 0
github.com/edlitmus/halite/internal/value/value.go:315.2,315.10 1 0
github.com/edlitmus/halite/internal/value/value.go:321.22,322.23 1 0
github.com/edlitmus/halite/internal/value/value.go:323.12,324.15 1 0
github.com/edlitmus/halite/internal/value/value.go:324.15,326.4 1 0
github.com/edlitmus/halite/internal/value/value.go:327.3,328.31 2 0
github.com/edlitmus/halite/internal/value/value.go:328.31,330.4 1 0
github.com/edlitmus/halite/internal/value/value.go:331.3,331.29 1 0
github.com/edlitmus/halite/internal/value/value.go:331.29,333.4 1 0
github.com/edlitmus/halite/internal/value/value.go:334.3,334.11 1 0
github.com/edlitmus/halite/internal/value/value.go:335.13,337.23 2 0
github.com/edlitmus/halite/internal/value/value.go:337.23,339.4 1 0
github.com/edlitmus/halite/internal/value/value.go:340.3,340.11 1 0
github.com/edlitmus/halite/internal/value/value.go:341.14,344.11 3 0
github.com/edlitmus/halite/internal/value/value.go:345.10,346.11 1 0
github.com/edlitmus/halite/internal/value/value.go:352.37,356.2 3 0
github.com/edlitmus/halite/internal/value/value.go:361.25,362.23 1 0
github.com/edlitmus/halite/internal/value/value.go:363.11,364.15 1 0
github.com/edlitmus/halite/internal/value/value.go:365.12,366.11 1 0
github.com/edlitmus/halite/internal/value/value.go:367.13,368.16 1 0
github.com/edlitmus/halite/internal/value/value.go:369.15,370.34 1 0
github.com/edlitmus/halite/internal/value/value.go:371.14,372.17 1 0
github.com/edlitmus/halite/internal/value/value.go:373.14,374.21 1 0
github.com/edlitmus/halite/internal/value/value.go:375.17,376.21 1 0
github.com/edlitmus/halite/internal/value/value.go:377.13,378.21 1 0
github.com/edlitmus/halite/internal/value/value.go:379.12,380.22 1 0
github.com/edlitmus/halite/internal/value/value.go:381.11,382.16 1 0
github.com/edlitmus/halite/internal/value/value.go:384.2,384.17 1 0
github.com/edlitmus/halite/internal/value/value.go:391.57,392.16 1 0
github.com/edlitmus/halite/internal/value/value.go:392.16,394.3 1 0
github.com/edlitmus/halite/internal/value/value.go:395.2,396.50 2 0
github.com/edlitmus/halite/internal/value/value.go:396.50,397.26 1 0
github.com/edlitmus/halite/internal/value/value.go:398.13,400.11 2 0
github.com/edlitmus/halite/internal/value/value.go:400.11,402.5 1 0
github.com/edlitmus/halite/internal/value/value.go:403.4,403.11 1 0
github.com/edlitmus/halite/internal/value/value.go:404.14,406.42 2 0
github.com/edlitmus/halite/internal/value/value.go:406.42,408.5 1 0
github.com/edlitmus/halite/internal/value/value.go:409.4,409.14 1 0
github.com/edlitmus/halite/internal/value/value.go:410.11,411.21 1 0
github.com/edlitmus/halite/internal/value/value.go:414.2,414.18 1 0
github.com/edlitmus/halite/internal/exec/credential_unix.go:18.54,19.40 1 0
github.com/edlitmus/halite/internal/exec/credential_unix.go:19.40,21.3 1 0
github.com/edlitmus/halite/internal/exec/credential_unix.go:22.2,23.17 2 0
github.com/edlitmus/halite/internal/exec/credential_unix.go:23.17,26.3 2 0
github.com/edlitmus/halite/internal/exec/credential_unix.go:28.2,28.21 1 0
github.com/edlitmus/halite/internal/exec/credential_unix.go:28.21,30.17 2 0
github.com/edlitmus/halite/internal/exec/credential_unix.go:30.17,32.4 1 0
github.com/edlitmus/halite/internal/exec/credential_unix.go:33.3,34.17 2 0
github.com/edlitmus/halite/internal/exec/credential_unix.go:34.17,36.4 1 0
github.com/edlitmus/halite/internal/exec/credential_unix.go:37.3,38.17 2 0
github.com/edlitmus/halite/internal/exec/credential_unix.go:38.17,40.4 1 0
github.com/edlitmus/halite/internal/exec/credential_unix.go:42.3,43.17 2 0
github.com/edlitmus/halite/internal/exec/credential_unix.go:43.17,45.4 1 0
github.com/edlitmus/halite/internal/exec/credential_unix.go:46.3,47.30 2 0
github.com/edlitmus/halite/internal/exec/credential_unix.go:47.30,49.18 2 0
github.com/edlitmus/halite/internal/exec/credential_unix.go:49.18,50.13 1 0
github.com/edlitmus/halite/internal/exec/credential_unix.go:52.4,52.38 1 0
github.com/edlitmus/halite/internal/exec/credential_unix.go:55.3,62.86 2 0
github.com/edlitmus/halite/internal/exec/credential_unix.go:64.2,64.12 1 0
github.com/edlitmus/halite/internal/exec/exec.go:76.59,77.18 1 0
github.com/edlitmus/halite/internal/exec/exec.go:77.18,79.3 1 0
github.com/edlitmus/halite/internal/exec/exec.go:80.2,80.44 1 0
github.com/edlitmus/halite/internal/exec/exec.go:84.67,85.23 1 0
github.com/edlitmus/halite/internal/exec/exec.go:85.23,87.3 1 0
github.com/edlitmus/halite/internal/exec/exec.go:88.2,88.39 1 0
github.com/edlitmus/halite/internal/exec/exec.go:108.30,110.2 1 0
github.com/edlitmus/halite/internal/exec/exec.go:113.40,114.25 1 0
github.com/edlitmus/halite/internal/exec/exec.go:114.25,117.3 2 0
github.com/edlitmus/halite/internal/exec/exec.go:122.53,122.70 1 0
github.com/edlitmus/halite/internal/exec/exec.go:125.42,125.77 2 0
github.com/edlitmus/halite/internal/exec/exec.go:128.37,128.62 1 0
github.com/edlitmus/halite/internal/exec/exec.go:131.80,133.9 2 0
github.com/edlitmus/halite/internal/exec/exec.go:133.9,135.3 1 0
github.com/edlitmus/halite/internal/exec/exec.go:136.2,138.19 3 0
github.com/edlitmus/halite/internal/exec/exec.go:138.19,140.26 2 0
github.com/edlitmus/halite/internal/exec/exec.go:140.26,142.4 1 0
github.com/edlitmus/halite/internal/exec/exec.go:143.3,143.67 1 0
github.com/edlitmus/halite/internal/exec/exec.go:145.2,145.21 1 0
github.com/edlitmus/halite/internal/exec/exec.go:150.104,152.9 2 0
github.com/edlitmus/halite/internal/exec/exec.go:152.9,154.3 1 0
github.com/edlitmus/halite/internal/exec/exec.go:155.2,157.19 3 0
github.com/edlitmus/halite/internal/exec/exec.go:157.19,159.26 2 0
github.com/edlitmus/halite/internal/exec/exec.go:159.26,161.4 1 0
github.com/edlitmus/halite/internal/exec/exec.go:162.3,162.67 1 0
github.com/edlitmus/halite/internal/exec/exec.go:164.2,164.21 1 0
github.com/edlitmus/halite/internal/exec/exec.go:173.47,174.23 1 0
github.com/edlitmus/halite/internal/exec/exec.go:174.23,176.3 1 0
github.com/edlitmus/halite/internal/exec/exec.go:177.2,177.116 1 0
github.com/edlitmus/halite/internal/exec/exec.go:181.53,183.9 2 0
github.com/edlitmus/halite/internal/exec/exec.go:183.9,185.3 1 0
github.com/edlitmus/halite/internal/exec/exec.go:186.2,187.45 2 0
github.com/edlitmus/halite/internal/exec/exec.go:187.45,189.3 1 0
github.com/edlitmus/halite/internal/exec/exec.go:190.2,191.18 2 0
github.com/edlitmus/halite/internal/exec/exec.go:191.18,193.3 1 0
github.com/edlitmus/halite/internal/exec/exec.go:194.2,194.12 1 0
github.com/edlitmus/halite/internal/exec/exec.go:244.34,245.13 1 0
github.com/edlitmus/halite/internal/exec/exec.go:245.13,247.3 1 0
github.com/edlitmus/halite/internal/exec/exec.go:248.2,249.27 2 0
github.com/edlitmus/halite/internal/exec/exec.go:249.27,250.42 1 0
github.com/edlitmus/halite/internal/exec/exec.go:250.42,252.12 2 0
github.com/edlitmus/halite/internal/exec/exec.go:254.3,254.16 1 0
github.com/edlitmus/halite/internal/exec/exec.go:256.2,256.34 1 0
github.com/edlitmus/halite/internal/exec/exec.go:270.26,272.16 2 0
github.com/edlitmus/halite/internal/exec/exec.go:272.16,274.3 1 0
github.com/edlitmus/halite/internal/exec/exec.go:275.2,280.3 1 0
github.com/edlitmus/halite/internal/exec/exec.go:284.74,285.24 1 0
github.com/edlitmus/halite/internal/exec/exec.go:285.24,287.3 1 0
github.com/edlitmus/halite/internal/exec/exec.go:288.2,288.21 1 0
github.com/edlitmus/halite/internal/exec/exec.go:288.21,292.3 3 0
github.com/edlitmus/halite/internal/exec/exec.go:294.2,295.15 2 0
github.com/edlitmus/halite/internal/exec/exec.go:295.15,298.3 2 0
github.com/edlitmus/halite/internal/exec/exec.go:298.8,300.3 1 0
github.com/edlitmus/halite/internal/exec/exec.go:301.2,303.18 3 0
github.com/edlitmus/halite/internal/exec/exec.go:303.18,305.19 2 0
github.com/edlitmus/halite/internal/exec/exec.go:305.19,307.4 1 0
github.com/edlitmus/halite/internal/exec/exec.go:309.2,309.21 1 0
github.com/edlitmus/halite/internal/exec/exec.go:309.21,311.3 1 0
github.com/edlitmus/halite/internal/exec/exec.go:312.2,312.48 1 0
github.com/edlitmus/halite/internal/exec/exec.go:312.48,314.3 1 0
github.com/edlitmus/halite/internal/exec/exec.go:316.2,327.16 7 0
github.com/edlitmus/halite/internal/exec/exec.go:327.16,329.38 2 0
github.com/edlitmus/halite/internal/exec/exec.go:329.38,331.26 2 0
github.com/edlitmus/halite/internal/exec/exec.go:331.26,333.5 1 0
github.com/edlitmus/halite/internal/exec/exec.go:334.4,334.93 1 0
github.com/edlitmus/halite/internal/exec/exec.go:336.3,336.54 1 0
github.com/edlitmus/halite/internal/exec/exec.go:338.2,338.17 1 0
github.com/edlitmus/halite/internal/exec/exec.go:341.59,343.8 2 0
github.com/edlitmus/halite/internal/exec/exec.go:343.8,345.3 1 0
github.com/edlitmus/halite/internal/exec/exec.go:346.2,346.11 1 0
github.com/edlitmus/halite/internal/exec/exec.go:349.33,351.45 2 0
github.com/edlitmus/halite/internal/exec/exec.go:351.45,353.3 1 0
github.com/edlitmus/halite/internal/exec/exec.go:354.2,354.10 1 0
github.com/edlitmus/halite/internal/exec/exec.go:372.79,375.34 3 0
github.com/edlitmus/halite/internal/exec/exec.go:375.34,377.3 1 0
github.com/edlitmus/halite/internal/exec/exec.go:378.2,378.37 1 0
github.com/edlitmus/halite/internal/exec/exec.go:378.37,380.3 1 0
github.com/edlitmus/halite/internal/exec/exec.go:381.2,381.23 1 0
github.com/edlitmus/halite/internal/exec/exec.go:385.50,387.26 2 0
github.com/edlitmus/halite/internal/exec/exec.go:387.26,389.3 1 0
github.com/edlitmus/halite/internal/exec/exec.go:390.2,390.12 1 0
github.com/edlitmus/halite/internal/exec/exec.go:394.52,395.21 1 0
github.com/edlitmus/halite/internal/exec/exec.go:395.21,397.3 1 0
github.com/edlitmus/halite/internal/exec/exec.go:398.2,399.16 2 0
github.com/edlitmus/halite/internal/exec/exec.go:399.16,401.3 1 0
github.com/edlitmus/halite/internal/exec/exec.go:402.2,402.31 1 0
github.com/edlitmus/halite/internal/exec/exec.go:406.59,408.2 1 0
github.com/edlitmus/halite/internal/exec/exec.go:411.45,413.16 2 0
github.com/edlitmus/halite/internal/exec/exec.go:413.16,415.3 1 0
github.com/edlitmus/halite/internal/exec/exec.go:416.2,416.10 1 0
github.com/edlitmus/halite/internal/grains/grains.go:54.34,54.68 1 0
github.com/edlitmus/halite/internal/grains/grains.go:57.52,58.31 1 1
github.com/edlitmus/halite/internal/grains/grains.go:58.31,60.3 1 1
github.com/edlitmus/halite/internal/grains/grains.go:61.2,78.23 14 1
github.com/edlitmus/halite/internal/grains/grains.go:78.23,80.3 1 1
github.com/edlitmus/halite/internal/grains/grains.go:81.2,81.26 1 1
github.com/edlitmus/halite/internal/grains/grains.go:81.26,83.3 1 1
github.com/edlitmus/halite/internal/grains/grains.go:84.2,84.27 1 1
github.com/edlitmus/halite/internal/grains/grains.go:84.27,85.57 1 1
github.com/edlitmus/halite/internal/grains/grains.go:85.57,87.4 1 0
github.com/edlitmus/halite/internal/grains/grains.go:89.2,89.20 1 1
github.com/edlitmus/halite/internal/grains/grains.go:92.37,93.34 1 1
github.com/edlitmus/halite/internal/grains/grains.go:93.34,95.3 1 1
github.com/edlitmus/halite/internal/grains/grains.go:98.50,107.47 8 1
github.com/edlitmus/halite/internal/grains/grains.go:107.47,109.3 1 1
github.com/edlitmus/halite/internal/grains/grains.go:109.8,111.3 1 0
github.com/edlitmus/halite/internal/grains/grains.go:114.33,115.44 1 1
github.com/edlitmus/halite/internal/grains/grains.go:115.44,117.3 1 1
github.com/edlitmus/halite/internal/grains/grains.go:118.2,118.10 1 1
github.com/edlitmus/halite/internal/grains/grains.go:123.38,124.33 1 1
github.com/edlitmus/halite/internal/grains/grains.go:124.33,126.3 1 1
github.com/edlitmus/halite/internal/grains/grains.go:127.2,128.16 2 0
github.com/edlitmus/halite/internal/grains/grains.go:128.16,130.3 1 0
github.com/edlitmus/halite/internal/grains/grains.go:131.2,131.29 1 0
github.com/edlitmus/halite/internal/grains/grains.go:131.29,133.17 2 0
github.com/edlitmus/halite/internal/grains/grains.go:133.17,134.12 1 0
github.com/edlitmus/halite/internal/grains/grains.go:136.3,136.27 1 0
github.com/edlitmus/halite/internal/grains/grains.go:136.27,138.38 2 0
github.com/edlitmus/halite/internal/grains/grains.go:138.38,140.5 1 0
github.com/edlitmus/halite/internal/grains/grains.go:143.2,143.13 1 0
github.com/edlitmus/halite/internal/grains/grains.go:146.35,154.26 5 1
github.com/edlitmus/halite/internal/grains/grains.go:154.26,155.83 1 1
github.com/edlitmus/halite/internal/grains/grains.go:155.83,157.12 2 1
github.com/edlitmus/halite/internal/grains/grains.go:159.3,159.25 1 0
github.com/edlitmus/halite/internal/grains/grains.go:161.2,161.34 1 1
github.com/edlitmus/halite/internal/grains/grains.go:164.36,169.83 4 1
github.com/edlitmus/halite/internal/grains/grains.go:169.83,170.14 1 1
github.com/edlitmus/halite/internal/grains/grains.go:170.14,172.4 1 1
github.com/edlitmus/halite/internal/grains/grains.go:174.2,184.35 5 1
github.com/edlitmus/halite/internal/grains/grains.go:187.36,188.34 1 1
github.com/edlitmus/halite/internal/grains/grains.go:188.34,190.3 1 1
github.com/edlitmus/halite/internal/grains/grains.go:191.2,191.12 1 0
github.com/edlitmus/halite/internal/grains/grains.go:194.29,197.2 2 1
github.com/edlitmus/halite/internal/grains/grains.go:199.56,201.16 2 1
github.com/edlitmus/halite/internal/grains/grains.go:201.16,204.3 2 0
github.com/edlitmus/halite/internal/grains/grains.go:206.2,215.41 6 1
github.com/edlitmus/halite/internal/grains/grains.go:215.41,215.83 1 1
github.com/edlitmus/halite/internal/grains/grains.go:217.2,217.31 1 1
github.com/edlitmus/halite/internal/grains/grains.go:217.31,219.17 2 1
github.com/edlitmus/halite/internal/grains/grains.go:219.17,220.12 1 0
github.com/edlitmus/halite/internal/grains/grains.go:222.3,223.30 2 1
github.com/edlitmus/halite/internal/grains/grains.go:223.30,225.18 2 1
github.com/edlitmus/halite/internal/grains/grains.go:225.18,226.13 1 0
github.com/edlitmus/halite/internal/grains/grains.go:228.4,230.23 3 1
github.com/edlitmus/halite/internal/grains/grains.go:230.23,233.13 3 1
github.com/edlitmus/halite/internal/grains/grains.go:235.4,236.26 2 1
github.com/edlitmus/halite/internal/grains/grains.go:238.3,241.55 4 1
github.com/edlitmus/halite/internal/grains/grains.go:244.2,250.32 7 1
github.com/edlitmus/halite/internal/grains/grains.go:253.29,254.14 1 1
github.com/edlitmus/halite/internal/grains/grains.go:254.14,256.3 1 1
github.com/edlitmus/halite/internal/grains/grains.go:257.2,257.10 1 1
github.com/edlitmus/halite/internal/grains/grains.go:262.34,265.16 3 1
github.com/edlitmus/halite/internal/grains/grains.go:265.16,267.3 1 0
github.com/edlitmus/halite/internal/grains/grains.go:268.2,270.54 3 1
github.com/edlitmus/halite/internal/grains/grains.go:270.54,272.81 2 1
github.com/edlitmus/halite/internal/grains/grains.go:272.81,273.12 1 1
github.com/edlitmus/halite/internal/grains/grains.go:275.3,276.22 2 1
github.com/edlitmus/halite/internal/grains/grains.go:276.22,277.12 1 0
github.com/edlitmus/halite/internal/grains/grains.go:279.3,279.20 1 1
github.com/edlitmus/halite/internal/grains/grains.go:280.21,281.48 1 1
github.com/edlitmus/halite/internal/grains/grains.go:282.17,283.33 1 0
github.com/edlitmus/halite/internal/grains/grains.go:283.33,285.5 1 0
github.com/edlitmus/halite/internal/grains/grains.go:286.17,287.22 1 0
github.com/edlitmus/halite/internal/grains/grains.go:290.2,293.12 4 1
github.com/edlitmus/halite/internal/grains/grains.go:298.58,300.16 2 1
github.com/edlitmus/halite/internal/grains/grains.go:300.16,301.25 1 0
github.com/edlitmus/halite/internal/grains/grains.go:301.25,303.4 1 0
github.com/edlitmus/halite/internal/grains/grains.go:304.3,304.50 1 0
github.com/edlitmus/halite/internal/grains/grains.go:306.2,307.16 2 1
github.com/edlitmus/halite/internal/grains/grains.go:307.16,309.3 1 0
github.com/edlitmus/halite/internal/grains/grains.go:310.2,311.9 2 1
github.com/edlitmus/halite/internal/grains/grains.go:311.9,312.15 1 0
github.com/edlitmus/halite/internal/grains/grains.go:312.15,314.4 1 0
github.com/edlitmus/halite/internal/grains/grains.go:315.3,315.81 1 0
github.com/edlitmus/halite/internal/grains/grains.go:317.2,318.12 2 1
github.com/edlitmus/halite/internal/grains/grains.go:325.80,327.16 2 1
github.com/edlitmus/halite/internal/grains/grains.go:327.16,328.25 1 0
github.com/edlitmus/halite/internal/grains/grains.go:328.25,330.4 1 0
github.com/edlitmus/halite/internal/grains/grains.go:331.3,331.52 1 0
github.com/edlitmus/halite/internal/grains/grains.go:333.2,334.28 2 1
github.com/edlitmus/halite/internal/grains/grains.go:334.28,335.17 1 1
github.com/edlitmus/halite/internal/grains/grains.go:335.17,337.4 1 1
github.com/edlitmus/halite/internal/grains/grains.go:339.2,342.29 3 1
github.com/edlitmus/halite/internal/grains/grains.go:342.29,345.17 3 1
github.com/edlitmus/halite/internal/grains/grains.go:345.17,347.12 2 0
github.com/edlitmus/halite/internal/grains/grains.go:349.3,349.29 1 1
github.com/edlitmus/halite/internal/grains/grains.go:349.29,351.16 2 1
github.com/edlitmus/halite/internal/grains/grains.go:351.16,353.13 2 1
github.com/edlitmus/halite/internal/grains/grains.go:355.4,356.12 2 1
github.com/edlitmus/halite/internal/grains/grains.go:358.3,358.46 1 1
github.com/edlitmus/halite/internal/grains/grains.go:358.46,360.4 1 0
github.com/edlitmus/halite/internal/grains/grains.go:362.2,362.17 1 1
github.com/edlitmus/halite/internal/grains/grains.go:369.82,376.12 6 1
github.com/edlitmus/halite/internal/grains/grains.go:376.12,379.3 2 1
github.com/edlitmus/halite/internal/grains/grains.go:380.2,380.9 1 1
github.com/edlitmus/halite/internal/grains/grains.go:381.14,381.14 0 1
github.com/edlitmus/halite/internal/grains/grains.go:382.29,383.25 1 0
github.com/edlitmus/halite/internal/grains/grains.go:383.25,385.4 1 0
github.com/edlitmus/halite/internal/grains/grains.go:386.3,387.71 2 0
github.com/edlitmus/halite/internal/grains/grains.go:389.2,389.16 1 1
github.com/edlitmus/halite/internal/grains/grains.go:389.16,391.3 1 1
github.com/edlitmus/halite/internal/grains/grains.go:392.2,392.34 1 1
github.com/edlitmus/halite/internal/grains/grains.go:392.34,394.3 1 0
github.com/edlitmus/halite/internal/grains/grains.go:396.2,397.16 2 1
github.com/edlitmus/halite/internal/grains/grains.go:397.16,399.3 1 1
github.com/edlitmus/halite/internal/grains/grains.go:400.2,401.9 2 1
github.com/edlitmus/halite/internal/grains/grains.go:401.9,403.3 1 0
github.com/edlitmus/halite/internal/grains/grains.go:404.2,404.15 1 1
github.com/edlitmus/halite/internal/grains/grains.go:411.54,414.16 3 1
github.com/edlitmus/halite/internal/grains/grains.go:414.16,416.3 1 0
github.com/edlitmus/halite/internal/grains/grains.go:417.2,417.54 1 1
github.com/edlitmus/halite/internal/grains/grains.go:417.54,419.49 2 1
github.com/edlitmus/halite/internal/grains/grains.go:419.49,420.12 1 1
github.com/edlitmus/halite/internal/grains/grains.go:422.3,423.10 2 1
github.com/edlitmus/halite/internal/grains/grains.go:423.10,424.12 1 0
github.com/edlitmus/halite/internal/grains/grains.go:426.3,427.74 2 1
github.com/edlitmus/halite/internal/grains/grains.go:427.74,429.4 1 1
github.com/edlitmus/halite/internal/grains/grains.go:430.3,430.32 1 1
github.com/edlitmus/halite/internal/grains/grains.go:432.2,432.12 1 1
github.com/edlitmus/halite/internal/grains/grains.go:438.38,440.16 2 0
github.com/edlitmus/halite/internal/grains/grains.go:440.16,442.3 1 0
github.com/edlitmus/halite/internal/grains/grains.go:443.2,444.45 2 0
github.com/edlitmus/halite/internal/grains/grains.go:444.45,446.3 1 0
github.com/edlitmus/halite/internal/grains/grains.go:447.2,447.10 1 0
github.com/edlitmus/halite/internal/grains/grains.go:451.42,452.28 1 1
github.com/edlitmus/halite/internal/grains/grains.go:452.28,453.25 1 1
github.com/edlitmus/halite/internal/grains/grains.go:453.25,455.4 1 1
github.com/edlitmus/halite/internal/grains/grains.go:457.2,457.16 1 1
github.com/edlitmus/halite/internal/grains/grains.go:461.40,463.69 2 1
github.com/edlitmus/halite/internal/grains/grains.go:463.69,463.100 1 1
github.com/edlitmus/halite/internal/grains/grains.go:463.102,465.17 2 1
github.com/edlitmus/halite/internal/grains/grains.go:465.17,466.9 1 1
github.com/edlitmus/halite/internal/grains/grains.go:468.3,468.23 1 1
github.com/edlitmus/halite/internal/grains/grains.go:470.2,470.12 1 1
github.com/edlitmus/halite/internal/grains/grains.go:474.27,475.24 1 1
github.com/edlitmus/halite/internal/grains/grains.go:476.15,477.18 1 1
github.com/edlitmus/halite/internal/grains/grains.go:478.13,479.16 1 0
github.com/edlitmus/halite/internal/grains/grains.go:480.15,481.19 1 0
github.com/edlitmus/halite/internal/grains/grains.go:482.13,483.18 1 0
github.com/edlitmus/halite/internal/grains/grains.go:484.10,485.24 1 0
github.com/edlitmus/halite/internal/grains/platform_bsd.go:21.39,23.16 2 1
github.com/edlitmus/halite/internal/grains/platform_bsd.go:23.16,25.3 1 1
github.com/edlitmus/halite/internal/grains/platform_bsd.go:26.2,26.39 1 1
github.com/edlitmus/halite/internal/grains/platform_bsd.go:30.35,32.16 2 1
github.com/edlitmus/halite/internal/grains/platform_bsd.go:32.16,34.3 1 0
github.com/edlitmus/halite/internal/grains/platform_bsd.go:35.2,35.10 1 1
github.com/edlitmus/halite/internal/grains/platform_bsd.go:38.30,39.22 1 1
github.com/edlitmus/halite/internal/grains/platform_bsd.go:40.16,41.21 1 0
github.com/edlitmus/halite/internal/grains/platform_bsd.go:42.10,43.18 1 1
github.com/edlitmus/halite/internal/grains/platform_bsd.go:59.33,61.9 2 1
github.com/edlitmus/halite/internal/grains/platform_bsd.go:61.9,63.3 1 0
github.com/edlitmus/halite/internal/grains/platform_bsd.go:64.2,65.19 2 1
github.com/edlitmus/halite/internal/grains/platform_bsd.go:65.19,67.3 1 0
github.com/edlitmus/halite/internal/grains/platform_bsd.go:70.2,71.50 2 1
github.com/edlitmus/halite/internal/grains/platform_bsd.go:71.50,73.3 1 1
github.com/edlitmus/halite/internal/grains/platform_bsd.go:75.2,86.35 12 1
github.com/edlitmus/halite/internal/grains/platform_bsd.go:89.36,103.2 13 0
github.com/edlitmus/halite/internal/grains/platform_bsd.go:105.33,107.16 2 0
github.com/edlitmus/halite/internal/grains/platform_bsd.go:107.16,109.3 1 0
github.com/edlitmus/halite/internal/grains/platform_bsd.go:110.2,110.39 1 0
github.com/edlitmus/halite/internal/grains/platform_bsd.go:113.36,115.16 2 1
github.com/edlitmus/halite/internal/grains/platform_bsd.go:115.16,117.3 1 0
github.com/edlitmus/halite/internal/grains/platform_bsd.go:118.2,118.39 1 1
github.com/edlitmus/halite/internal/grains/platform_bsd.go:121.34,123.18 2 1
github.com/edlitmus/halite/internal/grains/platform_bsd.go:123.18,125.3 1 0
github.com/edlitmus/halite/internal/grains/platform_bsd.go:126.2,129.40 4 1
github.com/edlitmus/halite/internal/grains/platform_bsd.go:132.31,136.12 3 1
github.com/edlitmus/halite/internal/grains/platform_bsd.go:136.12,138.3 1 0
github.com/edlitmus/halite/internal/grains/platform_bsd.go:139.2,142.17 3 1
github.com/edlitmus/halite/internal/grains/platform_bsd.go:142.17,144.3 1 0
github.com/edlitmus/halite/internal/grains/platform_bsd.go:145.2,148.73 3 1
github.com/edlitmus/halite/internal/grains/platform_bsd.go:148.73,150.3 1 0
github.com/edlitmus/halite/internal/grains/platform_bsd.go:151.2,151.36 1 1
github.com/edlitmus/halite/internal/grains/platform_bsd.go:154.34,157.16 2 1
github.com/edlitmus/halite/internal/grains/platform_bsd.go:157.16,159.3 1 0
github.com/edlitmus/halite/internal/grains/platform_bsd.go:160.2,163.39 3 1
github.com/edlitmus/halite/internal/grains/platform_bsd.go:166.36,177.2 7 1
github.com/edlitmus/halite/internal/grains/platform_bsd.go:179.42,185.64 3 1
github.com/edlitmus/halite/internal/grains/platform_bsd.go:185.64,187.3 1 0
github.com/edlitmus/halite/internal/grains/platform_bsd.go:188.2,188.49 1 1
github.com/edlitmus/halite/internal/grains/platform_bsd.go:188.49,190.3 1 0
github.com/edlitmus/halite/internal/grains/platform_bsd.go:191.2,192.18 2 1
github.com/edlitmus/halite/internal/grains/platform_bsd.go:192.18,194.3 1 0
github.com/edlitmus/halite/internal/grains/platform_bsd.go:195.2,195.76 1 1
github.com/edlitmus/halite/internal/grains/platform_bsd.go:195.76,197.3 1 0
github.com/edlitmus/halite/internal/grains/platform_bsd.go:199.2,201.24 3 1
github.com/edlitmus/halite/internal/grains/platform_bsd.go:204.36,215.2 10 1
github.com/edlitmus/halite/internal/grains/platform_bsd.go:219.38,220.31 1 1
github.com/edlitmus/halite/internal/grains/platform_bsd.go:220.31,222.3 1 0
github.com/edlitmus/halite/internal/grains/platform_bsd.go:223.2,224.16 2 1
github.com/edlitmus/halite/internal/grains/platform_bsd.go:224.16,226.3 1 0
github.com/edlitmus/halite/internal/grains/platform_bsd.go:227.2,228.13 2 1
github.com/edlitmus/halite/internal/grains/platform_bsd.go:228.13,230.3 1 0
github.com/edlitmus/halite/internal/grains/platform_bsd.go:231.2,231.10 1 1
github.com/edlitmus/halite/internal/grains/platform_bsd.go:234.24,235.30 1 1
github.com/edlitmus/halite/internal/grains/platform_bsd.go:235.30,237.3 1 0
github.com/edlitmus/halite/internal/grains/platform_bsd.go:238.2,238.53 1 1
github.com/edlitmus/halite/internal/grains/platform_bsd.go:241.26,243.66 2 1
github.com/edlitmus/halite/internal/grains/platform_bsd.go:243.66,245.3 1 1
github.com/edlitmus/halite/internal/grains/platform_bsd.go:246.2,246.21 1 1
github.com/edlitmus/halite/internal/grains/platform_bsd.go:249.26,250.30 1 1
github.com/edlitmus/halite/internal/grains/platform_bsd.go:250.30,252.3 1 0
github.com/edlitmus/halite/internal/grains/platform_bsd.go:253.2,253.15 1 1
github.com/edlitmus/halite/internal/grains/platform_bsd.go:256.33,258.2 1 1
github.com/edlitmus/halite/internal/grains/platform_bsd.go:260.46,261.25 1 1
github.com/edlitmus/halite/internal/grains/platform_bsd.go:261.25,262.14 1 1
github.com/edlitmus/halite/internal/grains/platform_bsd.go:262.14,264.4 1 1
github.com/edlitmus/halite/internal/grains/platform_bsd.go:266.2,266.11 1 0
